사고번호,사고일시,요일,시군구,사고내용,사망자수,중상자수,경상자수,부상신고자수,사고유형,법규위반,노면상태,기상상태,도로형태,가해운전자 차종,가해운전자 성별,가해운전자 연령,가해운전자 상해정도,피해운전자 차종,피해운전자 성별,피해운전자 연령,피해운전자 상해정도
2018070200100498,2018년 7월 2일 19시,월요일,경상남도 창원시 의창구 명서동,중상사고,0,1,0,0,차대사람 - 횡단중,안전운전불이행,포장 - 젖음/습기,흐림,교차로 - 교차로부근,승용,남,59세,기타불명,보행자,여,56세,중상
2018070200100616,2018년 7월 2일 22시,월요일,경상남도 양산시 덕계동,중상사고,0,1,0,0,차대사람 - 길가장자리구역통행중,안전운전불이행,포장 - 건조,맑음,단일로 - 기타,승용,남,40세,상해없음,보행자,여,18세,중상
2018070300100055,2018년 7월 3일 05시,화요일,경상남도 창원시 진해구 풍호동,중상사고,0,1,0,0,차대사람 - 횡단중,안전운전불이행,포장 - 젖음/습기,비,단일로 - 기타,승용,남,62세,상해없음,보행자,남,81세,중상
2018070300100118,2018년 7월 3일 08시,화요일,경상남도 김해시 대청동,중상사고,0,1,0,0,차대사람 - 횡단중,보행자보호의무위반,포장 - 젖음/습기,비,교차로 - 교차로횡단보도내,승용,여,52세,상해없음,보행자,여,47세,중상
2018070300100226,2018년 7월 3일 12시,화요일,경상남도 창원시 마산합포구 월남동1가,경상사고,0,0,1,0,차대사람 - 횡단중,신호위반,포장 - 젖음/습기,비,교차로 - 교차로안,승용,여,30세,상해없음,보행자,여,20세,경상
2018070300100259,2018년 7월 3일 13시,화요일,경상남도 진주시 상대동,중상사고,0,1,0,0,차대사람 - 횡단중,안전운전불이행,포장 - 젖음/습기,비,교차로 - 교차로부근,승용,남,56세,상해없음,보행자,여,47세,중상
2018070300100400,2018년 7월 3일 17시,화요일,경상남도 김해시 삼계동,경상사고,0,0,1,0,차대사람 - 길가장자리구역통행중,안전운전불이행,포장 - 젖음/습기,비,단일로 - 기타,승용,여,37세,기타불명,보행자,남,50세,경상
2018070400100108,2018년 7월 4일 08시,수요일,경상남도 김해시 내동,중상사고,0,1,0,0,차대사람 - 차도통행중,안전운전불이행,포장 - 건조,맑음,단일로 - 기타,승용,여,42세,상해없음,보행자,남,18세,중상
2018070400100238,2018년 7월 4일 12시,수요일,경상남도 양산시 덕계동,중상사고,0,1,0,0,차대사람 - 횡단중,보행자보호의무위반,포장 - 건조,맑음,교차로 - 교차로횡단보도내,화물,남,60세,상해없음,보행자,남,85세,중상
2018070400100290,2018년 7월 4일 14시,수요일,경상남도 창원시 마산합포구 산호동,경상사고,0,0,1,0,차대사람 - 보도통행중,보행자보호의무위반,포장 - 건조,맑음,단일로 - 기타,승용,남,34세,상해없음,보행자,여,34세,경상
2018070400100324,2018년 7월 4일 15시,수요일,경상남도 창원시 성산구 대방동,부상신고사고,0,0,0,1,차대사람 - 기타,안전운전불이행,포장 - 건조,맑음,단일로 - 기타,승용,여,61세,상해없음,보행자,남,26세,부상신고
2018070400100325,2018년 7월 4일 15시,수요일,경상남도 창원시 마산회원구 내서읍,경상사고,0,0,1,0,차대사람 - 기타,안전운전불이행,포장 - 건조,맑음,단일로 - 기타,승용,여,46세,상해없음,보행자,여,42세,경상
2018070400100415,2018년 7월 4일 17시,수요일,경상남도 거제시 수월동,중상사고,0,1,0,0,차대사람 - 횡단중,보행자보호의무위반,포장 - 건조,맑음,교차로 - 교차로횡단보도내,승용,남,42세,상해없음,보행자,여,26세,중상
2018070400100417,2018년 7월 4일 17시,수요일,경상남도 함안군 칠원읍,경상사고,0,0,1,0,차대사람 - 기타,안전운전불이행,포장 - 건조,맑음,단일로 - 기타,화물,남,47세,상해없음,보행자,남,38세,경상
2018070400100557,2018년 7월 4일 21시,수요일,경상남도 양산시 삼호동,중상사고,0,1,0,0,차대사람 - 기타,안전운전불이행,포장 - 건조,맑음,단일로 - 기타,승용,남,61세,상해없음,보행자,남,62세,중상
2018070400100593,2018년 7월 4일 22시,수요일,경상남도 통영시 항남동,경상사고,0,0,1,0,차대사람 - 기타,안전운전불이행,포장 - 건조,맑음,단일로 - 기타,승용,남,68세,상해없음,보행자,남,39세,경상
2018070400100594,2018년 7월 4일 22시,수요일,경상남도 통영시 미수동,중상사고,0,1,0,0,차대사람 - 길가장자리구역통행중,안전운전불이행,포장 - 건조,맑음,단일로 - 기타,화물,남,45세,상해없음,보행자,남,49세,중상
2018070500100052,2018년 7월 5일 05시,목요일,경상남도 김해시 진영읍,중상사고,0,1,0,0,차대사람 - 횡단중,안전운전불이행,포장 - 젖음/습기,비,교차로 - 교차로안,승용,남,48세,상해없음,보행자,여,69세,중상
2018070500100619,2018년 7월 5일 23시,목요일,경상남도 창녕군 창녕읍,중상사고,0,1,0,0,차대사람 - 횡단중,안전운전불이행,포장 - 젖음/습기,비,교차로 - 교차로부근,화물,남,70세,상해없음,보행자,남,41세,중상
2018070600100232,2018년 7월 6일 12시,금요일,경상남도 창녕군 창녕읍,사망사고,1,0,0,0,차대사람 - 횡단중,안전운전불이행,포장 - 젖음/습기,맑음,교차로 - 교차로횡단보도내,화물,남,50세,상해없음,보행자,여,45세,사망
2018070600100321,2018년 7월 6일 15시,금요일,경상남도 함안군 가야읍,경상사고,0,0,1,0,차대사람 - 기타,안전운전불이행,포장 - 젖음/습기,흐림,기타 - 기타,화물,남,37세,상해없음,보행자,남,36세,경상
2018070600100365,2018년 7월 6일 16시,금요일,경상남도 통영시 무전동,경상사고,0,0,1,0,차대사람 - 횡단중,보행자보호의무위반,포장 - 건조,맑음,단일로 - 기타,승용,여,48세,상해없음,보행자,남,25세,경상
2018070600100366,2018년 7월 6일 16시,금요일,경상남도 거제시 연초면,중상사고,0,1,0,0,차대사람 - 기타,보행자보호의무위반,포장 - 젖음/습기,맑음,교차로 - 교차로횡단보도내,승용,여,61세,상해없음,보행자,여,13세,중상
2018070600100463,2018년 7월 6일 18시,금요일,경상남도 김해시 내동,경상사고,0,0,1,0,차대사람 - 횡단중,기타,포장 - 건조,맑음,단일로 - 기타,승용,남,55세,상해없음,보행자,여,9세,경상
2018070700100269,2018년 7월 7일 12시,토요일,경상남도 김해시 전하동,중상사고,0,1,1,0,차대사람 - 횡단중,신호위반,포장 - 건조,맑음,단일로 - 기타,승용,여,60세,상해없음,보행자,여,48세,경상
2018070700100345,2018년 7월 7일 14시,토요일,경상남도 창원시 진해구 자은동,경상사고,0,0,1,0,차대사람 - 차도통행중,안전운전불이행,포장 - 건조,맑음,단일로 - 기타,승용,남,37세,상해없음,보행자,남,65세,경상
2018070700100346,2018년 7월 7일 14시,토요일,경상남도 통영시 중앙동,경상사고,0,0,1,0,차대사람 - 기타,안전운전불이행,포장 - 건조,맑음,단일로 - 기타,승용,남,26세,상해없음,보행자,여,59세,경상
2018070700100412,2018년 7월 7일 16시,토요일,경상남도 진주시 계동,경상사고,0,0,1,0,차대사람 - 기타,보행자보호의무위반,포장 - 건조,맑음,교차로 - 교차로횡단보도내,기타불명,기타불명,미분류,기타불명,보행자,여,32세,경상
2018070700100490,2018년 7월 7일 18시,토요일,경상남도 창원시 마산합포구 진동면,부상신고사고,0,0,0,1,차대사람 - 길가장자리구역통행중,안전운전불이행,포장 - 건조,맑음,교차로 - 교차로부근,승용,남,43세,상해없음,보행자,남,48세,부상신고
2018070800100058,2018년 7월 8일 06시,일요일,경상남도 창원시 의창구 팔용동,중상사고,0,1,0,0,차대사람 - 차도통행중,교차로운행방법위반,포장 - 건조,맑음,교차로 - 교차로안,화물,남,59세,상해없음,보행자,남,69세,중상
2018070800100281,2018년 7월 8일 16시,일요일,경상남도 양산시 동면,경상사고,0,0,1,0,차대사람 - 횡단중,신호위반,포장 - 건조,맑음,단일로 - 기타,이륜,남,31세,상해없음,보행자,남,5세,경상
2018070800100449,2018년 7월 8일 23시,일요일,경상남도 거제시 고현동,중상사고,0,1,0,0,차대사람 - 횡단중,보행자보호의무위반,포장 - 건조,맑음,교차로 - 교차로횡단보도내,승용,남,49세,상해없음,보행자,남,19세,중상
2018070900100008,2018년 7월 9일 00시,월요일,경상남도 창원시 의창구 도계동,경상사고,0,0,1,0,차대사람 - 길가장자리구역통행중,안전운전불이행,포장 - 건조,맑음,단일로 - 기타,기타불명,기타불명,미분류,기타불명,보행자,남,44세,경상
2018070900100068,2018년 7월 9일 07시,월요일,경상남도 김해시 무계동,중상사고,0,1,0,0,차대사람 - 횡단중,보행자보호의무위반,포장 - 건조,맑음,교차로 - 교차로횡단보도내,승용,남,32세,상해없음,보행자,남,58세,중상
2018070900100125,2018년 7월 9일 09시,월요일,경상남도 창원시 마산회원구 내서읍,중상사고,0,1,0,0,차대사람 - 횡단중,안전운전불이행,포장 - 젖음/습기,비,교차로 - 교차로부근,화물,남,54세,상해없음,보행자,남,85세,중상
2018070900100170,2018년 7월 9일 11시,월요일,경상남도 김해시 삼방동,경상사고,0,0,1,0,차대사람 - 기타,안전운전불이행,포장 - 젖음/습기,비,교차로 - 교차로안,승용,남,27세,상해없음,보행자,여,60세,경상
2018071000100030,2018년 7월 10일 01시,화요일,경상남도 창원시 성산구 중앙동,부상신고사고,0,0,0,1,차대사람 - 기타,안전운전불이행,포장 - 건조,맑음,단일로 - 기타,승용,남,27세,상해없음,보행자,남,17세,부상신고
2018071000100130,2018년 7월 10일 08시,화요일,경상남도 창원시 의창구 서상동,경상사고,0,0,1,0,차대사람 - 횡단중,안전운전불이행,포장 - 건조,흐림,단일로 - 기타,승용,여,53세,상해없음,보행자,여,67세,경상
2018071000100227,2018년 7월 10일 12시,화요일,경상남도 산청군 단성면,중상사고,0,1,0,0,차대사람 - 횡단중,안전운전불이행,포장 - 건조,맑음,단일로 - 기타,승용,남,80세,상해없음,보행자,남,60세,중상
2018071000100332,2018년 7월 10일 15시,화요일,경상남도 통영시 태평동,경상사고,0,0,1,0,차대사람 - 기타,안전운전불이행,포장 - 건조,맑음,단일로 - 기타,승용,남,25세,상해없음,보행자,여,26세,경상
2018071000100533,2018년 7월 10일 21시,화요일,경상남도 창원시 마산회원구 내서읍,경상사고,0,0,1,0,차대사람 - 차도통행중,안전운전불이행,포장 - 건조,맑음,단일로 - 기타,승용,여,22세,상해없음,보행자,여,63세,경상
2018071000100575,2018년 7월 10일 22시,화요일,경상남도 양산시 물금읍,중상사고,0,1,0,0,차대사람 - 횡단중,신호위반,포장 - 건조,맑음,교차로 - 교차로횡단보도내,승용,남,39세,상해없음,보행자,여,30세,중상
2018071100100171,2018년 7월 11일 09시,수요일,경상남도 진주시 중안동,중상사고,0,1,0,0,차대사람 - 횡단중,안전운전불이행,포장 - 건조,맑음,교차로 - 교차로부근,승용,여,47세,상해없음,보행자,여,86세,중상
2018071100100227,2018년 7월 11일 11시,수요일,경상남도 하동군 하동읍,경상사고,0,0,1,0,차대사람 - 횡단중,안전운전불이행,포장 - 건조,맑음,교차로 - 교차로횡단보도내,승용,남,42세,상해없음,보행자,남,64세,경상
2018071100100324,2018년 7월 11일 14시,수요일,경상남도 통영시 도천동,중상사고,0,1,0,0,차대사람 - 기타,안전운전불이행,포장 - 건조,맑음,단일로 - 터널,승용,남,65세,상해없음,보행자,남,56세,중상
2018071100100325,2018년 7월 11일 14시,수요일,경상남도 함양군 지곡면,중상사고,0,1,0,0,차대사람 - 기타,안전운전불이행,포장 - 건조,맑음,단일로 - 기타,화물,남,79세,상해없음,보행자,남,53세,중상
2018071200100045,2018년 7월 12일 02시,목요일,경상남도 김해시 어방동,경상사고,0,0,1,0,차대사람 - 차도통행중,안전운전불이행,포장 - 건조,맑음,단일로 - 기타,기타불명,기타불명,미분류,기타불명,보행자,남,50세,경상
2018071200100252,2018년 7월 12일 12시,목요일,경상남도 창원시 성산구 반림동,중상사고,0,1,0,0,차대사람 - 기타,안전운전불이행,포장 - 건조,맑음,단일로 - 기타,승용,남,74세,상해없음,보행자,여,76세,중상
2018071200100314,2018년 7월 12일 14시,목요일,경상남도 창원시 진해구 자은동,경상사고,0,0,1,0,차대사람 - 횡단중,안전운전불이행,포장 - 건조,맑음,단일로 - 기타,화물,남,44세,상해없음,보행자,남,77세,경상
2018071200100353,2018년 7월 12일 15시,목요일,경상남도 창원시 마산합포구 신포동2가,중상사고,0,1,0,0,차대사람 - 기타,안전운전불이행,포장 - 건조,맑음,단일로 - 기타,승용,남,63세,상해없음,보행자,여,70세,중상
2018071200100423,2018년 7월 12일 17시,목요일,경상남도 진주시 문산읍,중상사고,0,1,0,0,차대사람 - 횡단중,안전운전불이행,포장 - 건조,맑음,교차로 - 교차로안,승용,여,51세,상해없음,보행자,여,16세,중상
2018071200100424,2018년 7월 12일 17시,목요일,경상남도 창원시 의창구 소답동,중상사고,0,1,0,0,차대사람 - 길가장자리구역통행중,안전운전불이행,포장 - 건조,맑음,교차로 - 교차로부근,승용,남,57세,상해없음,보행자,여,23세,중상
2018071200100470,2018년 7월 12일 18시,목요일,경상남도 창원시 마산합포구 월남동3가,중상사고,0,1,0,0,차대사람 - 길가장자리구역통행중,안전운전불이행,포장 - 건조,맑음,단일로 - 기타,승합,남,38세,상해없음,보행자,남,54세,중상
2018071200100532,2018년 7월 12일 20시,목요일,경상남도 함안군 칠원읍,중상사고,0,1,1,0,차대사람 - 차도통행중,안전운전불이행,포장 - 건조,맑음,단일로 - 기타,화물,남,39세,상해없음,보행자,남,70세,중상
2018071300100010,2018년 7월 13일 00시,금요일,경상남도 거제시 장평동,중상사고,0,1,0,0,차대사람 - 기타,안전운전불이행,포장 - 건조,맑음,단일로 - 기타,자전거,남,30세,상해없음,보행자,남,57세,중상
2018071300100044,2018년 7월 13일 04시,금요일,경상남도 창원시 마산합포구 완월동,중상사고,0,1,0,0,차대사람 - 횡단중,안전운전불이행,포장 - 건조,맑음,교차로 - 교차로안,화물,남,46세,상해없음,보행자,여,63세,중상
2018071300100051,2018년 7월 13일 05시,금요일,경상남도 창원시 성산구 반림동,경상사고,0,0,1,0,차대사람 - 횡단중,보행자보호의무위반,포장 - 건조,맑음,단일로 - 기타,승합,남,47세,상해없음,보행자,여,60세,경상
2018071300100087,2018년 7월 13일 07시,금요일,경상남도 양산시 물금읍,중상사고,0,1,0,0,차대사람 - 횡단중,안전운전불이행,포장 - 건조,맑음,교차로 - 교차로부근,승용,남,28세,상해없음,보행자,남,51세,중상
2018071300100128,2018년 7월 13일 08시,금요일,경상남도 통영시 도남동,중상사고,0,1,0,0,차대사람 - 기타,안전운전불이행,포장 - 건조,맑음,단일로 - 기타,승용,남,49세,상해없음,보행자,남,12세,중상
2018071300100176,2018년 7월 13일 09시,금요일,경상남도 밀양시 가곡동,중상사고,0,1,0,0,차대사람 - 횡단중,안전운전불이행,포장 - 건조,맑음,교차로 - 교차로안,승용,남,71세,상해없음,보행자,여,82세,중상
2018071300100289,2018년 7월 13일 13시,금요일,경상남도 양산시 덕계동,경상사고,0,0,1,0,차대사람 - 기타,안전운전불이행,포장 - 건조,맑음,주차장 - 주차장,화물,남,63세,상해없음,보행자,여,28세,경상
2018071300100306,2018년 7월 13일 14시,금요일,경상남도 창원시 진해구 여좌동,중상사고,0,1,0,0,차대사람 - 차도통행중,신호위반,포장 - 건조,맑음,기타 - 기타,원동기,남,72세,상해없음,보행자,여,62세,중상
2018071300100376,2018년 7월 13일 16시,금요일,경상남도 창원시 성산구 반림동,중상사고,0,1,0,0,차대사람 - 길가장자리구역통행중,안전운전불이행,포장 - 건조,맑음,단일로 - 기타,승용,여,38세,상해없음,보행자,여,18세,중상
2018071300100419,2018년 7월 13일 17시,금요일,경상남도 창원시 마산합포구 해운동,중상사고,0,1,0,0,차대사람 - 기타,안전운전불이행,포장 - 건조,맑음,기타 - 기타,승용,남,45세,상해없음,보행자,여,80세,중상
2018071300100565,2018년 7월 13일 20시,금요일,경상남도 창원시 마산회원구 합성동,중상사고,0,1,0,0,차대사람 - 길가장자리구역통행중,안전운전불이행,포장 - 건조,맑음,교차로 - 교차로안,승용,남,56세,상해없음,보행자,여,17세,중상
2018071300100600,2018년 7월 13일 21시,금요일,경상남도 진주시 정촌면,사망사고,1,0,0,0,차대사람 - 횡단중,보행자보호의무위반,포장 - 건조,맑음,단일로 - 기타,승용,남,50세,상해없음,보행자,여,59세,사망
2018071400100183,2018년 7월 14일 10시,토요일,경상남도 진주시 강남동,중상사고,0,1,0,0,차대사람 - 횡단중,안전운전불이행,포장 - 건조,맑음,단일로 - 기타,승용,여,58세,상해없음,보행자,남,78세,중상
2018071400100184,2018년 7월 14일 10시,토요일,경상남도 통영시 도천동,경상사고,0,0,1,0,차대사람 - 횡단중,안전운전불이행,포장 - 건조,맑음,단일로 - 기타,승용,남,61세,상해없음,보행자,남,5세,경상
2018071400100218,2018년 7월 14일 11시,토요일,경상남도 거제시 장목면,중상사고,0,1,0,0,차대사람 - 기타,안전운전불이행,포장 - 건조,맑음,단일로 - 기타,승용,여,50세,상해없음,보행자,남,9세,중상
2018071400100325,2018년 7월 14일 14시,토요일,경상남도 양산시 평산동,중상사고,0,1,0,0,차대사람 - 기타,신호위반,포장 - 건조,맑음,교차로 - 교차로안,승합,남,26세,상해없음,보행자,남,81세,중상
2018071400100369,2018년 7월 14일 15시,토요일,경상남도 창원시 마산회원구 회원동,중상사고,0,1,0,0,차대사람 - 기타,안전운전불이행,포장 - 건조,맑음,기타 - 기타,화물,여,66세,상해없음,보행자,여,82세,중상
2018071400100410,2018년 7월 14일 16시,토요일,경상남도 김해시 부곡동,중상사고,0,1,0,0,차대사람 - 횡단중,신호위반,포장 - 건조,맑음,교차로 - 교차로횡단보도내,승용,여,57세,상해없음,보행자,남,9세,중상
2018071400100411,2018년 7월 14일 16시,토요일,경상남도 김해시 진영읍,중상사고,0,1,0,0,차대사람 - 횡단중,안전운전불이행,포장 - 건조,맑음,단일로 - 기타,이륜,남,33세,상해없음,보행자,여,60세,중상
2018071400100493,2018년 7월 14일 18시,토요일,경상남도 통영시 항남동,경상사고,0,0,1,0,차대사람 - 기타,안전운전불이행,포장 - 건조,맑음,단일로 - 기타,승용,남,59세,상해없음,보행자,남,40세,경상
2018071400100566,2018년 7월 14일 20시,토요일,경상남도 함안군 함안면,중상사고,0,1,0,0,차대사람 - 기타,안전운전불이행,포장 - 건조,맑음,교차로 - 교차로부근,승용,여,57세,상해없음,보행자,여,87세,중상
2018071400100599,2018년 7월 14일 21시,토요일,경상남도 밀양시 하남읍,경상사고,0,0,1,0,차대사람 - 길가장자리구역통행중,안전운전불이행,포장 - 건조,맑음,단일로 - 기타,화물,남,54세,상해없음,보행자,남,16세,경상
2018071500100081,2018년 7월 15일 07시,일요일,경상남도 함양군 서상면,중상사고,0,1,0,0,차대사람 - 차도통행중,안전운전불이행,포장 - 건조,맑음,단일로 - 기타,화물,남,62세,상해없음,보행자,여,76세,중상
2018071500100082,2018년 7월 15일 07시,일요일,경상남도 양산시 물금읍,중상사고,0,1,0,0,차대사람 - 기타,안전운전불이행,포장 - 건조,맑음,교차로 - 교차로안,승용,남,63세,상해없음,보행자,남,21세,중상
2018071500100111,2018년 7월 15일 09시,일요일,경상남도 진주시 강남동,중상사고,0,1,0,1,차대사람 - 횡단중,안전운전불이행,포장 - 건조,맑음,단일로 - 기타,승용,여,35세,상해없음,보행자,남,58세,중상
2018071500100181,2018년 7월 15일 12시,일요일,경상남도 김해시 외동,경상사고,0,0,1,0,차대사람 - 보도통행중,기타,포장 - 건조,맑음,단일로 - 기타,승용,남,69세,상해없음,보행자,남,25세,경상
2018071500100273,2018년 7월 15일 15시,일요일,경상남도 창원시 마산합포구 진전면,경상사고,0,0,1,0,차대사람 - 횡단중,중앙선침범,포장 - 건조,맑음,단일로 - 기타,승합,남,60세,상해없음,보행자,남,14세,경상
2018071500100305,2018년 7월 15일 16시,일요일,경상남도 합천군 가야면,부상신고사고,0,0,0,1,차대사람 - 길가장자리구역통행중,안전운전불이행,포장 - 건조,맑음,단일로 - 기타,기타불명,기타불명,미분류,기타불명,보행자,여,39세,부상신고
2018071600100019,2018년 7월 16일 01시,월요일,경상남도 창원시 마산합포구 해운동,경상사고,0,0,1,0,차대사람 - 기타,안전운전불이행,포장 - 건조,맑음,기타 - 기타,승용,남,48세,상해없음,보행자,남,23세,경상
2018071600100020,2018년 7월 16일 01시,월요일,경상남도 창원시 성산구 반지동,경상사고,0,0,1,0,차대사람 - 횡단중,안전운전불이행,포장 - 건조,맑음,단일로 - 기타,이륜,남,39세,상해없음,보행자,남,43세,경상
2018071600100166,2018년 7월 16일 09시,월요일,경상남도 양산시 중부동,중상사고,0,2,0,0,차대사람 - 기타,안전운전불이행,포장 - 건조,맑음,단일로 - 기타,화물,남,60세,중상,보행자,남,61세,중상
2018071600100232,2018년 7월 16일 11시,월요일,경상남도 진주시 칠암동,중상사고,0,1,0,0,차대사람 - 횡단중,보행자보호의무위반,포장 - 건조,맑음,단일로 - 기타,승용,남,68세,상해없음,보행자,여,59세,중상
2018071600100235,2018년 7월 16일 11시,월요일,경상남도 창원시 성산구 신촌동,중상사고,0,1,0,0,차대사람 - 차도통행중,안전운전불이행,포장 - 건조,맑음,단일로 - 기타,승용,여,36세,상해없음,보행자,여,44세,중상
2018071600100402,2018년 7월 16일 16시,월요일,경상남도 창원시 진해구 마천동,사망사고,1,0,0,0,차대사람 - 길가장자리구역통행중,안전운전불이행,포장 - 건조,맑음,단일로 - 기타,승합,남,59세,상해없음,보행자,남,76세,사망
2018071600100636,2018년 7월 16일 23시,월요일,경상남도 창원시 마산합포구 오동동,중상사고,0,1,0,0,차대사람 - 보도통행중,안전운전불이행,포장 - 건조,맑음,교차로 - 교차로횡단보도내,승용,남,40세,상해없음,보행자,남,55세,중상
2018071600100637,2018년 7월 16일 23시,월요일,경상남도 거제시 상동동,중상사고,0,1,0,0,차대사람 - 기타,안전운전불이행,포장 - 건조,맑음,교차로 - 교차로안,승용,여,31세,상해없음,보행자,남,39세,중상
2018071700100034,2018년 7월 17일 02시,화요일,경상남도 김해시 삼방동,경상사고,0,0,1,0,차대사람 - 차도통행중,안전운전불이행,포장 - 건조,맑음,단일로 - 기타,승용,남,36세,상해없음,보행자,여,77세,경상
2018071700100049,2018년 7월 17일 04시,화요일,경상남도 통영시 무전동,사망사고,1,0,0,0,차대사람 - 기타,안전운전불이행,포장 - 건조,맑음,단일로 - 기타,화물,남,57세,상해없음,보행자,여,62세,사망
2018071700100255,2018년 7월 17일 11시,화요일,경상남도 거창군 가조면,사망사고,1,0,0,0,차대사람 - 차도통행중,안전운전불이행,포장 - 건조,맑음,단일로 - 기타,화물,남,60세,상해없음,보행자,여,75세,사망
2018071700100292,2018년 7월 17일 12시,화요일,경상남도 창원시 진해구 여좌동,경상사고,0,0,1,0,차대사람 - 기타,보행자보호의무위반,포장 - 건조,맑음,교차로 - 교차로부근,승용,여,64세,상해없음,보행자,여,80세,경상
2018071700100400,2018년 7월 17일 15시,화요일,경상남도 김해시 삼정동,중상사고,0,1,0,0,차대사람 - 횡단중,안전운전불이행,포장 - 건조,맑음,교차로 - 교차로안,승용,남,33세,상해없음,보행자,여,79세,중상
2018071700100401,2018년 7월 17일 15시,화요일,경상남도 양산시 명동,경상사고,0,0,1,0,차대사람 - 기타,안전운전불이행,포장 - 건조,맑음,단일로 - 기타,승용,여,41세,상해없음,보행자,남,43세,경상
2018071700100402,2018년 7월 17일 15시,화요일,경상남도 거제시 상동동,중상사고,0,1,0,0,차대사람 - 횡단중,보행자보호의무위반,포장 - 건조,맑음,교차로 - 교차로안,승용,여,32세,상해없음,보행자,남,6세,중상
2018071700100609,2018년 7월 17일 20시,화요일,경상남도 밀양시 상남면,중상사고,0,1,0,0,차대사람 - 횡단중,안전운전불이행,포장 - 건조,흐림,단일로 - 기타,승용,여,22세,상해없음,보행자,여,71세,중상
2018071700100637,2018년 7월 17일 21시,화요일,경상남도 김해시 어방동,사망사고,1,0,0,0,차대사람 - 횡단중,안전운전불이행,포장 - 건조,맑음,교차로 - 교차로부근,승용,남,36세,상해없음,보행자,여,67세,사망
2018071800100066,2018년 7월 18일 06시,수요일,경상남도 양산시 물금읍,중상사고,0,1,0,0,차대사람 - 횡단중,안전운전불이행,포장 - 건조,맑음,교차로 - 교차로횡단보도내,승용,남,56세,상해없음,보행자,남,77세,중상
2018071800100090,2018년 7월 18일 07시,수요일,경상남도 사천시 사남면,중상사고,0,1,0,0,차대사람 - 횡단중,안전운전불이행,포장 - 건조,맑음,단일로 - 기타,승합,여,44세,상해없음,보행자,남,11세,중상
2018071800100322,2018년 7월 18일 14시,수요일,경상남도 김해시 서상동,중상사고,0,1,0,0,차대사람 - 기타,중앙선침범,포장 - 건조,맑음,단일로 - 기타,이륜,남,18세,상해없음,보행자,여,44세,중상
2018071800100437,2018년 7월 18일 17시,수요일,경상남도 창원시 의창구 소계동,경상사고,0,0,1,0,차대사람 - 길가장자리구역통행중,안전운전불이행,포장 - 건조,맑음,단일로 - 기타,화물,남,63세,상해없음,보행자,남,10세,경상
2018071800100491,2018년 7월 18일 18시,수요일,경상남도 김해시 삼방동,중상사고,0,1,0,0,차대사람 - 기타,안전운전불이행,포장 - 건조,맑음,교차로 - 교차로안,화물,남,51세,상해없음,보행자,남,44세,중상
2018071800100492,2018년 7월 18일 18시,수요일,경상남도 김해시 삼계동,부상신고사고,0,0,0,1,차대사람 - 기타,안전운전불이행,포장 - 건조,맑음,단일로 - 기타,승용,남,42세,상해없음,보행자,남,7세,부상신고
2018071800100626,2018년 7월 18일 22시,수요일,경상남도 창원시 의창구 소답동,경상사고,0,0,1,0,차대사람 - 기타,안전운전불이행,포장 - 건조,맑음,교차로 - 교차로부근,화물,남,58세,상해없음,보행자,남,37세,경상
2018071900100037,2018년 7월 19일 03시,목요일,경상남도 거제시 옥포동,경상사고,0,0,1,0,차대사람 - 횡단중,안전운전불이행,포장 - 건조,맑음,교차로 - 교차로안,승합,남,66세,상해없음,보행자,여,66세,경상
2018071900100139,2018년 7월 19일 08시,목요일,경상남도 김해시 구산동,중상사고,0,1,0,0,차대사람 - 기타,보행자보호의무위반,포장 - 건조,맑음,교차로 - 교차로횡단보도내,승용,여,29세,상해없음,보행자,여,65세,중상
2018071900100186,2018년 7월 19일 09시,목요일,경상남도 사천시 동금동,경상사고,0,0,1,0,차대사람 - 기타,안전운전불이행,포장 - 건조,맑음,기타 - 기타,승용,남,74세,상해없음,보행자,여,63세,경상
2018071900100295,2018년 7월 19일 12시,목요일,경상남도 거제시 옥포동,중상사고,0,1,0,0,차대사람 - 횡단중,안전운전불이행,포장 - 건조,맑음,교차로 - 교차로부근,승용,여,58세,상해없음,보행자,여,76세,중상
2018071900100397,2018년 7월 19일 15시,목요일,경상남도 김해시 삼계동,중상사고,0,1,0,0,차대사람 - 횡단중,안전운전불이행,포장 - 건조,맑음,교차로 - 교차로부근,승용,여,47세,상해없음,보행자,여,64세,중상
2018071900100627,2018년 7월 19일 20시,목요일,경상남도 창원시 진해구 석동,중상사고,0,1,1,0,차대사람 - 횡단중,신호위반,포장 - 건조,맑음,교차로 - 교차로횡단보도내,승용,남,65세,상해없음,보행자,여,64세,중상
2018071900100628,2018년 7월 19일 20시,목요일,경상남도 남해군 설천면,중상사고,0,1,0,0,차대사람 - 횡단중,안전운전불이행,포장 - 건조,기타,단일로 - 기타,승합,남,54세,상해없음,보행자,여,67세,중상
2018071900100664,2018년 7월 19일 21시,목요일,경상남도 창원시 성산구 외동,부상신고사고,0,0,0,1,차대사람 - 기타,안전운전불이행,포장 - 건조,맑음,단일로 - 기타,승용,남,62세,상해없음,보행자,남,45세,부상신고