사고번호,사고일시,요일,시군구,사고내용,사망자수,중상자수,경상자수,부상신고자수,사고유형,법규위반,노면상태,기상상태,도로형태,가해운전자 차종,가해운전자 성별,가해운전자 연령,가해운전자 상해정도,피해운전자 차종,피해운전자 성별,피해운전자 연령,피해운전자 상해정도
2018072000100339,2018년 7월 20일 13시,금요일,경상남도 통영시 미수동,경상사고,0,0,1,0,차대사람 - 횡단중,안전운전불이행,포장 - 건조,맑음,단일로 - 기타,화물,남,44세,상해없음,보행자,남,7세,경상
2018072000100676,2018년 7월 20일 20시,금요일,경상남도 양산시 북정동,경상사고,0,0,1,0,차대사람 - 횡단중,안전운전불이행,포장 - 건조,맑음,교차로 - 교차로부근,승용,남,53세,상해없음,보행자,여,50세,경상
2018072000100678,2018년 7월 20일 20시,금요일,경상남도 창원시 마산회원구 합성동,경상사고,0,0,1,0,차대사람 - 차도통행중,안전운전불이행,포장 - 건조,맑음,단일로 - 기타,승용,여,24세,상해없음,보행자,남,27세,경상
2018072000100792,2018년 7월 20일 23시,금요일,경상남도 양산시 남부동,부상신고사고,0,0,0,1,차대사람 - 기타,안전운전불이행,포장 - 건조,맑음,단일로 - 기타,화물,남,52세,상해없음,보행자,여,67세,부상신고
2018072100100018,2018년 7월 21일 00시,토요일,경상남도 창원시 성산구 상남동,경상사고,0,0,1,0,차대사람 - 차도통행중,안전운전불이행,포장 - 건조,맑음,교차로 - 교차로안,승합,남,46세,상해없음,보행자,남,19세,경상
2018072100100061,2018년 7월 21일 03시,토요일,경상남도 창원시 마산회원구 석전동,중상사고,0,1,0,0,차대사람 - 횡단중,안전운전불이행,포장 - 건조,맑음,교차로 - 교차로안,승용,남,62세,상해없음,보행자,남,43세,중상
2018072100100165,2018년 7월 21일 09시,토요일,경상남도 거제시 고현동,중상사고,0,1,0,0,차대사람 - 횡단중,보행자보호의무위반,포장 - 건조,맑음,교차로 - 교차로부근,승용,남,60세,상해없음,보행자,여,78세,중상
2018072100100515,2018년 7월 21일 19시,토요일,경상남도 창원시 의창구 용호동,중상사고,0,1,0,0,차대사람 - 차도통행중,안전운전불이행,포장 - 건조,맑음,단일로 - 기타,승용,여,51세,상해없음,보행자,여,62세,중상
2018072100100544,2018년 7월 21일 20시,토요일,경상남도 거창군 거창읍,중상사고,0,1,0,0,차대사람 - 기타,안전운전불이행,포장 - 건조,맑음,단일로 - 기타,승용,남,33세,상해없음,보행자,남,74세,중상
2018072100100603,2018년 7월 21일 22시,토요일,경상남도 거창군 고제면,중상사고,0,1,0,0,차대사람 - 기타,안전운전불이행,포장 - 건조,맑음,단일로 - 기타,승용,남,57세,상해없음,보행자,남,51세,중상
2018072100100627,2018년 7월 21일 23시,토요일,경상남도 창원시 성산구 상남동,경상사고,0,0,1,0,차대사람 - 길가장자리구역통행중,안전운전불이행,포장 - 건조,맑음,단일로 - 기타,승용,남,22세,상해없음,보행자,남,38세,경상
2018072200100016,2018년 7월 22일 00시,일요일,경상남도 창원시 성산구 상남동,경상사고,0,0,1,0,차대사람 - 차도통행중,안전운전불이행,포장 - 건조,맑음,교차로 - 교차로부근,승용,남,26세,상해없음,보행자,남,35세,경상
2018072200100415,2018년 7월 22일 19시,일요일,경상남도 창원시 의창구 도계동,경상사고,0,0,1,0,차대사람 - 기타,안전운전불이행,포장 - 건조,맑음,단일로 - 기타,이륜,남,38세,상해없음,보행자,여,49세,경상
2018072200100473,2018년 7월 22일 21시,일요일,경상남도 창원시 의창구 서상동,경상사고,0,0,1,0,차대사람 - 길가장자리구역통행중,안전운전불이행,포장 - 건조,맑음,단일로 - 기타,승용,남,50세,상해없음,보행자,남,51세,경상
2018072300100039,2018년 7월 23일 04시,월요일,경상남도 창원시 마산회원구 합성동,중상사고,0,1,0,0,차대사람 - 횡단중,안전운전불이행,포장 - 건조,맑음,단일로 - 기타,화물,남,53세,상해없음,보행자,남,53세,중상
2018072300100123,2018년 7월 23일 08시,월요일,경상남도 창원시 마산회원구 내서읍,중상사고,0,1,0,0,차대사람 - 횡단중,안전운전불이행,포장 - 건조,맑음,단일로 - 기타,화물,남,50세,상해없음,보행자,여,55세,중상
2018072300100187,2018년 7월 23일 10시,월요일,경상남도 하동군 하동읍,중상사고,0,1,0,0,차대사람 - 길가장자리구역통행중,안전운전불이행,포장 - 건조,맑음,교차로 - 교차로부근,승용,남,73세,상해없음,보행자,여,83세,중상
2018072300100319,2018년 7월 23일 14시,월요일,경상남도 진주시 본성동,경상사고,0,0,1,0,차대사람 - 횡단중,신호위반,포장 - 건조,맑음,교차로 - 교차로횡단보도내,승용,여,22세,상해없음,보행자,여,26세,경상
2018072300100322,2018년 7월 23일 14시,월요일,경상남도 김해시 진영읍,부상신고사고,0,0,0,1,차대사람 - 길가장자리구역통행중,안전운전불이행,포장 - 건조,맑음,단일로 - 기타,기타불명,기타불명,미분류,기타불명,보행자,남,58세,부상신고
2018072300100398,2018년 7월 23일 16시,월요일,경상남도 창원시 의창구 신월동,경상사고,0,0,1,0,차대사람 - 횡단중,신호위반,포장 - 건조,맑음,교차로 - 교차로안,승용,여,64세,상해없음,보행자,여,19세,경상
2018072300100436,2018년 7월 23일 17시,월요일,경상남도 진주시 봉곡동,부상신고사고,0,0,0,1,차대사람 - 횡단중,안전운전불이행,포장 - 건조,맑음,교차로 - 교차로부근,승용,남,59세,상해없음,보행자,남,12세,부상신고
2018072300100489,2018년 7월 23일 18시,월요일,경상남도 양산시 북부동,경상사고,0,0,1,0,차대사람 - 횡단중,안전운전불이행,포장 - 건조,맑음,교차로 - 교차로안,승용,여,66세,상해없음,보행자,남,46세,경상
2018072300100612,2018년 7월 23일 22시,월요일,경상남도 창원시 진해구 용원동,경상사고,0,0,1,0,차대사람 - 횡단중,안전운전불이행,포장 - 건조,맑음,교차로 - 교차로안,승용,남,43세,상해없음,보행자,남,31세,경상
2018072400100009,2018년 7월 24일 00시,화요일,경상남도 창원시 의창구 봉곡동,경상사고,0,0,1,0,차대사람 - 기타,안전운전불이행,포장 - 건조,맑음,단일로 - 기타,기타불명,기타불명,미분류,기타불명,보행자,여,66세,경상
2018072400100126,2018년 7월 24일 08시,화요일,경상남도 김해시 부원동,중상사고,0,1,0,0,차대사람 - 기타,안전운전불이행,포장 - 건조,맑음,교차로 - 교차로안,승합,여,52세,상해없음,보행자,남,41세,중상
2018072400100127,2018년 7월 24일 08시,화요일,경상남도 양산시 덕계동,경상사고,0,0,1,0,차대사람 - 횡단중,신호위반,포장 - 건조,맑음,단일로 - 기타,승용,남,24세,상해없음,보행자,남,10세,경상
2018072400100279,2018년 7월 24일 12시,화요일,경상남도 창원시 마산합포구 자산동,중상사고,0,1,0,0,차대사람 - 차도통행중,안전운전불이행,포장 - 건조,맑음,단일로 - 기타,승용,남,76세,상해없음,보행자,여,33세,중상
2018072400100359,2018년 7월 24일 14시,화요일,경상남도 양산시 신기동,중상사고,0,1,0,0,차대사람 - 보도통행중,보행자보호의무위반,포장 - 건조,맑음,단일로 - 기타,승용,남,39세,상해없음,보행자,남,7세,중상
2018072400100527,2018년 7월 24일 18시,화요일,경상남도 사천시 사남면,경상사고,0,0,1,0,차대사람 - 횡단중,보행자보호의무위반,포장 - 건조,맑음,교차로 - 교차로횡단보도내,승용,여,53세,상해없음,보행자,남,68세,경상
2018072400100625,2018년 7월 24일 21시,화요일,경상남도 거창군 웅양면,사망사고,1,0,0,0,차대사람 - 횡단중,안전운전불이행,포장 - 건조,맑음,교차로 - 교차로안,승용,남,60세,상해없음,보행자,여,88세,사망
2018072400100651,2018년 7월 24일 22시,화요일,경상남도 함양군 함양읍,경상사고,0,0,1,0,차대사람 - 횡단중,안전운전불이행,포장 - 건조,맑음,단일로 - 기타,승용,남,36세,상해없음,보행자,남,24세,경상
2018072400100652,2018년 7월 24일 22시,화요일,경상남도 창원시 의창구 팔용동,경상사고,0,0,1,0,차대사람 - 길가장자리구역통행중,안전운전불이행,포장 - 건조,맑음,단일로 - 기타,기타불명,기타불명,미분류,기타불명,보행자,남,37세,경상
2018072400100676,2018년 7월 24일 23시,화요일,경상남도 진주시 금산면,중상사고,0,1,0,0,차대사람 - 횡단중,보행자보호의무위반,포장 - 건조,맑음,단일로 - 기타,승용,여,44세,상해없음,보행자,남,6세,중상
2018072500100030,2018년 7월 25일 02시,수요일,경상남도 거제시 고현동,중상사고,0,1,0,0,차대사람 - 기타,안전운전불이행,포장 - 건조,맑음,교차로 - 교차로안,승용,남,30세,상해없음,보행자,남,60세,중상
2018072500100249,2018년 7월 25일 12시,수요일,경상남도 사천시 사천읍,부상신고사고,0,0,0,1,차대사람 - 횡단중,안전운전불이행,포장 - 건조,맑음,교차로 - 교차로부근,기타불명,기타불명,미분류,기타불명,보행자,남,64세,부상신고
2018072500100250,2018년 7월 25일 12시,수요일,경상남도 김해시 화목동,경상사고,0,0,1,0,차대사람 - 횡단중,안전운전불이행,포장 - 건조,맑음,교차로 - 교차로부근,화물,남,58세,상해없음,보행자,남,59세,경상
2018072500100359,2018년 7월 25일 15시,수요일,경상남도 창원시 마산합포구 자산동,중상사고,0,1,0,0,차대사람 - 횡단중,안전운전불이행,포장 - 건조,맑음,교차로 - 교차로안,승용,남,27세,상해없음,보행자,여,58세,중상
2018072500100394,2018년 7월 25일 16시,수요일,경상남도 김해시 삼계동,중상사고,0,1,0,0,차대사람 - 횡단중,보행자보호의무위반,포장 - 건조,맑음,교차로 - 교차로횡단보도내,승용,여,29세,상해없음,보행자,남,13세,중상
2018072500100438,2018년 7월 25일 17시,수요일,경상남도 남해군 남해읍,중상사고,0,1,0,0,차대사람 - 기타,안전운전불이행,포장 - 건조,맑음,단일로 - 기타,승용,여,53세,상해없음,보행자,여,66세,중상
2018072500100561,2018년 7월 25일 20시,수요일,경상남도 창녕군 남지읍,경상사고,0,0,1,0,차대사람 - 기타,안전운전불이행,포장 - 건조,맑음,단일로 - 기타,자전거,남,11세,상해없음,보행자,여,70세,경상
2018072600100037,2018년 7월 26일 02시,목요일,경상남도 통영시 무전동,경상사고,0,0,1,0,차대사람 - 길가장자리구역통행중,안전운전불이행,포장 - 건조,맑음,교차로 - 교차로부근,승용,여,55세,상해없음,보행자,남,37세,경상
2018072600100290,2018년 7월 26일 13시,목요일,경상남도 거제시 연초면,경상사고,0,0,1,0,차대사람 - 기타,안전운전불이행,포장 - 건조,맑음,주차장 - 주차장,화물,남,42세,상해없음,보행자,남,39세,경상
2018072600100361,2018년 7월 26일 15시,목요일,경상남도 밀양시 내이동,경상사고,0,0,1,0,차대사람 - 길가장자리구역통행중,안전운전불이행,포장 - 건조,맑음,단일로 - 기타,승용,여,43세,상해없음,보행자,여,53세,경상
2018072600100430,2018년 7월 26일 17시,목요일,경상남도 거제시 고현동,중상사고,0,1,0,0,차대사람 - 기타,보행자보호의무위반,포장 - 건조,맑음,교차로 - 교차로안,승용,남,60세,상해없음,보행자,여,77세,중상
2018072600100508,2018년 7월 26일 19시,목요일,경상남도 창원시 마산합포구 산호동,경상사고,0,0,1,0,차대사람 - 횡단중,보행자보호의무위반,포장 - 건조,맑음,교차로 - 교차로부근,승합,남,40세,상해없음,보행자,여,12세,경상
2018072600100587,2018년 7월 26일 22시,목요일,경상남도 거제시 옥포동,중상사고,0,1,0,0,차대사람 - 기타,안전운전불이행,포장 - 건조,맑음,단일로 - 기타,승용,남,59세,상해없음,보행자,여,18세,중상
2018072700100043,2018년 7월 27일 03시,금요일,경상남도 사천시 벌리동,경상사고,0,0,1,0,차대사람 - 차도통행중,안전운전불이행,포장 - 건조,맑음,단일로 - 기타,승용,남,21세,상해없음,보행자,여,73세,경상
2018072700100077,2018년 7월 27일 06시,금요일,경상남도 김해시 부곡동,중상사고,0,1,0,0,차대사람 - 횡단중,안전운전불이행,포장 - 건조,맑음,단일로 - 기타,승용,남,61세,상해없음,보행자,여,72세,중상
2018072700100477,2018년 7월 27일 17시,금요일,경상남도 양산시 북정동,중상사고,0,1,0,0,차대사람 - 기타,안전운전불이행,포장 - 건조,맑음,교차로 - 교차로부근,승용,남,65세,상해없음,보행자,남,1세,중상
2018072700100661,2018년 7월 27일 21시,금요일,경상남도 창원시 마산합포구 신포동2가,사망사고,1,0,0,0,차대사람 - 횡단중,안전운전불이행,포장 - 건조,맑음,교차로 - 교차로안,승용,남,27세,상해없음,보행자,남,43세,사망
2018072700100699,2018년 7월 27일 22시,금요일,경상남도 창원시 의창구 동정동,중상사고,0,1,0,0,차대사람 - 횡단중,보행자보호의무위반,포장 - 건조,맑음,교차로 - 교차로안,승용,남,47세,상해없음,보행자,여,57세,중상
2018072700100727,2018년 7월 27일 23시,금요일,경상남도 창녕군 남지읍,중상사고,0,1,0,0,차대사람 - 횡단중,보행자보호의무위반,포장 - 건조,맑음,교차로 - 교차로횡단보도내,승용,여,22세,상해없음,보행자,남,43세,중상
2018072800100104,2018년 7월 28일 06시,토요일,경상남도 사천시 동동,경상사고,0,0,1,0,차대사람 - 길가장자리구역통행중,안전운전불이행,포장 - 건조,맑음,단일로 - 기타,승용,여,54세,상해없음,보행자,여,73세,경상
2018072800100105,2018년 7월 28일 06시,토요일,경상남도 창원시 마산회원구 봉암동,경상사고,0,0,1,0,차대사람 - 횡단중,안전운전불이행,포장 - 건조,맑음,단일로 - 기타,자전거,남,34세,상해없음,보행자,여,72세,경상
2018072800100232,2018년 7월 28일 11시,토요일,경상남도 밀양시 하남읍,부상신고사고,0,0,0,1,차대사람 - 기타,안전운전불이행,포장 - 건조,맑음,단일로 - 기타,승용,남,79세,상해없음,보행자,남,53세,부상신고
2018072800100275,2018년 7월 28일 12시,토요일,경상남도 통영시 항남동,경상사고,0,0,1,0,차대사람 - 횡단중,신호위반,포장 - 건조,맑음,단일로 - 기타,승용,남,44세,상해없음,보행자,남,62세,경상
2018072800100428,2018년 7월 28일 17시,토요일,경상남도 진주시 중안동,중상사고,0,1,1,0,차대사람 - 횡단중,보행자보호의무위반,포장 - 건조,흐림,교차로 - 교차로횡단보도내,승용,남,24세,상해없음,보행자,남,30세,경상
2018072900100010,2018년 7월 29일 00시,일요일,경상남도 통영시 무전동,중상사고,0,1,0,0,차대사람 - 횡단중,보행자보호의무위반,포장 - 건조,맑음,교차로 - 교차로안,승용,여,52세,상해없음,보행자,남,18세,중상
2018072900100025,2018년 7월 29일 01시,일요일,경상남도 진주시 신안동,중상사고,0,1,0,0,차대사람 - 횡단중,안전운전불이행,포장 - 건조,맑음,단일로 - 기타,승용,남,51세,상해없음,보행자,남,52세,중상
2018072900100048,2018년 7월 29일 03시,일요일,경상남도 창원시 의창구 명서동,사망사고,1,0,0,0,차대사람 - 횡단중,안전운전불이행,포장 - 건조,맑음,교차로 - 교차로부근,승용,남,67세,상해없음,보행자,남,48세,사망
2018072900100060,2018년 7월 29일 04시,일요일,경상남도 통영시 도산면,중상사고,0,1,0,0,차대사람 - 횡단중,안전운전불이행,포장 - 건조,맑음,단일로 - 기타,승용,여,45세,상해없음,보행자,남,57세,중상
2018072900100274,2018년 7월 29일 15시,일요일,경상남도 거제시 일운면,중상사고,0,1,0,0,차대사람 - 횡단중,안전운전불이행,포장 - 건조,맑음,교차로 - 교차로안,승용,남,27세,상해없음,보행자,남,2세,중상
2018072900100309,2018년 7월 29일 16시,일요일,경상남도 거제시 동부면,경상사고,0,0,1,0,차대사람 - 차도통행중,교차로운행방법위반,포장 - 건조,맑음,교차로 - 교차로안,승용,여,44세,상해없음,보행자,여,35세,경상
2018072900100311,2018년 7월 29일 16시,일요일,경상남도 창원시 성산구 중앙동,부상신고사고,0,0,0,1,차대사람 - 차도통행중,안전운전불이행,포장 - 건조,맑음,단일로 - 기타,승용,남,28세,상해없음,보행자,여,28세,부상신고
2018072900100407,2018년 7월 29일 19시,일요일,경상남도 김해시 어방동,경상사고,0,0,1,0,차대사람 - 길가장자리구역통행중,안전운전불이행,포장 - 건조,맑음,단일로 - 기타,승용,남,53세,상해없음,보행자,남,12세,경상
2018072900100440,2018년 7월 29일 20시,일요일,경상남도 진주시 장대동,중상사고,0,1,0,0,차대사람 - 횡단중,보행자보호의무위반,포장 - 건조,맑음,단일로 - 기타,승용,남,81세,상해없음,보행자,남,52세,중상
2018072900100441,2018년 7월 29일 20시,일요일,경상남도 사천시 선구동,경상사고,0,0,1,0,차대사람 - 차도통행중,안전운전불이행,포장 - 건조,맑음,단일로 - 기타,원동기,남,48세,상해없음,보행자,남,79세,경상
2018073000100082,2018년 7월 30일 07시,월요일,경상남도 양산시 삼호동,중상사고,0,1,0,0,차대사람 - 횡단중,신호위반,포장 - 건조,맑음,교차로 - 교차로부근,승합,남,69세,상해없음,보행자,여,18세,중상
2018073000100234,2018년 7월 30일 11시,월요일,경상남도 김해시 봉황동,중상사고,0,1,0,0,차대사람 - 횡단중,안전운전불이행,포장 - 건조,맑음,단일로 - 기타,승용,남,28세,상해없음,보행자,여,72세,중상
2018073000100356,2018년 7월 30일 14시,월요일,경상남도 통영시 태평동,경상사고,0,0,1,0,차대사람 - 횡단중,보행자보호의무위반,포장 - 건조,맑음,교차로 - 교차로횡단보도내,승용,남,69세,상해없음,보행자,여,65세,경상
2018073000100566,2018년 7월 30일 19시,월요일,경상남도 하동군 횡천면,중상사고,0,1,0,0,차대사람 - 기타,안전운전불이행,포장 - 건조,맑음,단일로 - 기타,승용,남,51세,상해없음,보행자,여,78세,중상
2018073000100675,2018년 7월 30일 23시,월요일,경상남도 창원시 의창구 봉곡동,사망사고,1,0,0,0,차대사람 - 횡단중,과속,포장 - 건조,맑음,단일로 - 기타,승용,남,24세,상해없음,보행자,남,16세,사망
2018073000100676,2018년 7월 30일 23시,월요일,경상남도 창원시 의창구 봉곡동,중상사고,0,1,0,0,차대사람 - 횡단중,안전운전불이행,포장 - 건조,맑음,단일로 - 기타,승용,남,53세,상해없음,보행자,남,17세,중상
2018073100100259,2018년 7월 31일 12시,화요일,경상남도 창원시 성산구 상남동,중상사고,0,1,0,0,차대사람 - 횡단중,보행자보호의무위반,포장 - 건조,맑음,교차로 - 교차로안,승용,남,59세,상해없음,보행자,남,57세,중상
2018073100100367,2018년 7월 31일 15시,화요일,경상남도 창원시 마산합포구 중성동,중상사고,0,1,0,0,차대사람 - 보도통행중,기타,포장 - 건조,맑음,기타 - 기타,자전거,남,60세,상해없음,보행자,여,71세,중상
2018073100100395,2018년 7월 31일 16시,화요일,경상남도 창원시 성산구 상남동,중상사고,0,1,0,0,차대사람 - 횡단중,안전운전불이행,포장 - 건조,맑음,교차로 - 교차로부근,승용,여,48세,상해없음,보행자,여,3세,중상
2018073100100473,2018년 7월 31일 18시,화요일,경상남도 양산시 중부동,경상사고,0,0,1,0,차대사람 - 기타,안전운전불이행,포장 - 건조,맑음,교차로 - 교차로안,승용,남,22세,상해없음,보행자,여,21세,경상
2018073100100557,2018년 7월 31일 20시,화요일,경상남도 양산시 평산동,중상사고,0,1,0,0,차대사람 - 기타,안전운전불이행,포장 - 건조,맑음,단일로 - 기타,이륜,남,19세,상해없음,보행자,남,7세,중상
2018080100100208,2018년 8월 1일 10시,수요일,경상남도 김해시 어방동,중상사고,0,1,0,0,차대사람 - 횡단중,안전운전불이행,포장 - 건조,맑음,단일로 - 기타,승용,남,43세,상해없음,보행자,남,18세,중상
2018080100100244,2018년 8월 1일 11시,수요일,경상남도 창원시 마산회원구 구암동,중상사고,0,1,0,0,차대사람 - 횡단중,보행자보호의무위반,포장 - 건조,맑음,교차로 - 교차로횡단보도내,건설기계,남,53세,상해없음,보행자,남,62세,중상
2018080100100466,2018년 8월 1일 17시,수요일,경상남도 진주시 가좌동,경상사고,0,0,1,0,차대사람 - 기타,안전운전불이행,포장 - 건조,맑음,단일로 - 지하차도(도로)내,승용,여,30세,상해없음,보행자,여,81세,경상
2018080100100575,2018년 8월 1일 20시,수요일,경상남도 통영시 광도면,사망사고,1,0,0,0,차대사람 - 횡단중,안전운전불이행,포장 - 건조,맑음,단일로 - 기타,승용,남,48세,상해없음,보행자,남,79세,사망
2018080100100673,2018년 8월 1일 23시,수요일,경상남도 통영시 광도면,사망사고,1,0,0,0,차대사람 - 기타,안전운전불이행,포장 - 건조,맑음,단일로 - 기타,승용,남,60세,상해없음,보행자,남,25세,사망
2018080200100101,2018년 8월 2일 07시,목요일,경상남도 김해시 삼계동,중상사고,0,1,0,0,차대사람 - 기타,안전운전불이행,포장 - 건조,맑음,단일로 - 기타,승용,남,37세,상해없음,보행자,남,76세,중상
2018080200100373,2018년 8월 2일 15시,목요일,경상남도 창원시 성산구 중앙동,중상사고,0,1,0,0,차대사람 - 횡단중,신호위반,포장 - 건조,맑음,단일로 - 기타,승용,여,54세,상해없음,보행자,여,45세,중상
2018080200100406,2018년 8월 2일 16시,목요일,경상남도 김해시 삼계동,중상사고,0,1,0,0,차대사람 - 기타,안전운전불이행,포장 - 건조,맑음,단일로 - 기타,승용,남,54세,상해없음,보행자,여,35세,중상
2018080300100075,2018년 8월 3일 06시,금요일,경상남도 진주시 대안동,중상사고,0,1,0,0,차대사람 - 횡단중,안전운전불이행,포장 - 건조,맑음,단일로 - 기타,승용,여,56세,상해없음,보행자,여,58세,중상
2018080300100143,2018년 8월 3일 09시,금요일,경상남도 통영시 항남동,경상사고,0,0,1,0,차대사람 - 차도통행중,안전운전불이행,포장 - 건조,맑음,단일로 - 기타,승용,남,44세,상해없음,보행자,남,52세,경상
2018080300100144,2018년 8월 3일 09시,금요일,경상남도 통영시 중앙동,중상사고,0,1,0,0,차대사람 - 횡단중,안전운전불이행,포장 - 건조,맑음,단일로 - 기타,화물,남,51세,상해없음,보행자,여,79세,중상
2018080300100146,2018년 8월 3일 09시,금요일,경상남도 창원시 의창구 팔용동,중상사고,0,1,0,0,차대사람 - 기타,안전운전불이행,포장 - 건조,맑음,기타 - 기타,특수,여,22세,상해없음,보행자,여,77세,중상
2018080300100315,2018년 8월 3일 14시,금요일,경상남도 창원시 마산합포구 오동동,경상사고,0,0,1,0,차대사람 - 횡단중,안전운전불이행,포장 - 건조,맑음,단일로 - 터널,화물,남,65세,상해없음,보행자,여,39세,경상
2018080300100468,2018년 8월 3일 18시,금요일,경상남도 거창군 거창읍,경상사고,0,0,1,0,차대사람 - 차도통행중,안전운전불이행,포장 - 건조,맑음,교차로 - 교차로안,화물,남,47세,상해없음,보행자,여,68세,경상
2018080300100570,2018년 8월 3일 21시,금요일,경상남도 양산시 북정동,중상사고,0,1,0,0,차대사람 - 기타,안전운전불이행,포장 - 건조,맑음,단일로 - 기타,승용,남,49세,상해없음,보행자,남,40세,중상
2018080300100605,2018년 8월 3일 22시,금요일,경상남도 함안군 칠원읍,경상사고,0,0,2,0,차대사람 - 횡단중,보행자보호의무위반,포장 - 건조,맑음,교차로 - 교차로부근,승용,여,60세,상해없음,보행자,남,47세,경상
2018080400100328,2018년 8월 4일 15시,토요일,경상남도 창원시 마산합포구 창동,중상사고,0,1,0,0,차대사람 - 횡단중,신호위반,포장 - 건조,맑음,교차로 - 교차로안,승합,남,52세,상해없음,보행자,여,57세,중상
2018080500100013,2018년 8월 5일 00시,일요일,경상남도 사천시 곤양면,경상사고,0,0,1,0,차대사람 - 길가장자리구역통행중,안전운전불이행,포장 - 건조,맑음,교차로 - 교차로부근,승용,여,46세,상해없음,보행자,여,32세,경상
2018080500100125,2018년 8월 5일 09시,일요일,경상남도 거제시 옥포동,경상사고,0,0,1,0,차대사람 - 길가장자리구역통행중,안전운전불이행,포장 - 건조,맑음,단일로 - 기타,승용,남,63세,상해없음,보행자,남,69세,경상
2018080500100251,2018년 8월 5일 14시,일요일,경상남도 함양군 마천면,경상사고,0,0,1,0,차대사람 - 길가장자리구역통행중,안전운전불이행,포장 - 건조,맑음,단일로 - 기타,승용,남,36세,상해없음,보행자,남,47세,경상
2018080500100282,2018년 8월 5일 15시,일요일,경상남도 진주시 인사동,중상사고,0,1,0,0,차대사람 - 횡단중,안전운전불이행,포장 - 건조,맑음,교차로 - 교차로안,승용,여,48세,상해없음,보행자,남,81세,중상
2018080500100313,2018년 8월 5일 16시,일요일,경상남도 양산시 상북면,사망사고,1,0,0,0,차대사람 - 횡단중,안전운전불이행,포장 - 건조,맑음,교차로 - 교차로부근,승용,남,45세,상해없음,보행자,여,76세,사망
2018080500100396,2018년 8월 5일 19시,일요일,경상남도 사천시 벌리동,경상사고,0,0,1,0,차대사람 - 기타,안전운전불이행,포장 - 건조,맑음,단일로 - 기타,승용,남,61세,상해없음,보행자,남,43세,경상
2018080500100449,2018년 8월 5일 21시,일요일,경상남도 창원시 성산구 반림동,사망사고,1,0,0,0,차대사람 - 차도통행중,안전운전불이행,포장 - 건조,맑음,단일로 - 기타,승용,남,59세,상해없음,보행자,여,81세,사망
2018080600100005,2018년 8월 6일 00시,월요일,경상남도 창원시 성산구 상남동,경상사고,0,0,1,0,차대사람 - 기타,안전운전불이행,포장 - 건조,맑음,단일로 - 기타,승용,남,45세,상해없음,보행자,남,48세,경상
2018080600100033,2018년 8월 6일 04시,월요일,경상남도 창원시 진해구 여좌동,사망사고,1,0,0,0,차대사람 - 차도통행중,안전운전불이행,포장 - 건조,맑음,단일로 - 기타,승용,남,68세,상해없음,보행자,남,55세,사망
2018080600100063,2018년 8월 6일 07시,월요일,경상남도 양산시 상북면,경상사고,0,0,1,0,차대사람 - 기타,안전운전불이행,포장 - 건조,맑음,단일로 - 기타,화물,여,55세,상해없음,보행자,남,81세,경상
2018080600100064,2018년 8월 6일 07시,월요일,경상남도 거제시 일운면,사망사고,1,0,0,0,차대사람 - 기타,안전운전불이행,포장 - 건조,맑음,교차로 - 교차로안,화물,남,62세,상해없음,보행자,여,87세,사망
2018080600100153,2018년 8월 6일 10시,월요일,경상남도 진주시 칠암동,중상사고,0,1,0,0,차대사람 - 차도통행중,안전운전불이행,포장 - 건조,맑음,단일로 - 기타,승용,여,58세,상해없음,보행자,여,71세,중상
2018080600100235,2018년 8월 6일 12시,월요일,경상남도 고성군 회화면,중상사고,0,1,0,0,차대사람 - 기타,안전운전불이행,포장 - 건조,맑음,교차로 - 교차로안,승용,여,30세,상해없음,보행자,여,78세,중상
2018080600100371,2018년 8월 6일 16시,월요일,경상남도 창원시 마산합포구 동성동,중상사고,0,1,0,0,차대사람 - 기타,안전운전불이행,포장 - 건조,맑음,교차로 - 교차로부근,승합,남,67세,상해없음,보행자,여,48세,중상
2018080600100372,2018년 8월 6일 16시,월요일,경상남도 창원시 마산합포구 월남동3가,중상사고,0,1,0,0,차대사람 - 기타,안전운전불이행,포장 - 건조,맑음,교차로 - 교차로횡단보도내,승용,여,47세,상해없음,보행자,여,60세,중상
2018080600100408,2018년 8월 6일 17시,월요일,경상남도 양산시 북부동,경상사고,0,0,1,0,차대사람 - 횡단중,안전운전불이행,포장 - 젖음/습기,비,교차로 - 교차로안,승용,여,38세,상해없음,보행자,남,62세,경상
2018080600100479,2018년 8월 6일 19시,월요일,경상남도 사천시 용현면,사망사고,1,0,0,0,차대사람 - 기타,안전운전불이행,포장 - 건조,맑음,기타 - 기타,화물,남,64세,상해없음,보행자,여,87세,사망
2018080700100239,2018년 8월 7일 12시,화요일,경상남도 거제시 덕포동,중상사고,0,1,0,0,차대사람 - 기타,안전운전불이행,포장 - 건조,맑음,교차로 - 교차로부근,승용,남,48세,상해없음,보행자,여,4세,중상
2018080700100371,2018년 8월 7일 16시,화요일,경상남도 창원시 진해구 풍호동,경상사고,0,0,1,0,차대사람 - 길가장자리구역통행중,안전운전불이행,포장 - 건조,맑음,단일로 - 기타,승용,여,59세,기타불명,보행자,여,10세,경상
2018080700100412,2018년 8월 7일 17시,화요일,경상남도 밀양시 내이동,중상사고,0,1,0,0,차대사람 - 기타,안전운전불이행,포장 - 건조,맑음,주차장 - 주차장,승용,남,27세,상해없음,보행자,여,57세,중상