사고번호,사고일시,요일,시군구,사고내용,사망자수,중상자수,경상자수,부상신고자수,사고유형,법규위반,노면상태,기상상태,도로형태,가해운전자 차종,가해운전자 성별,가해운전자 연령,가해운전자 상해정도,피해운전자 차종,피해운전자 성별,피해운전자 연령,피해운전자 상해정도
2018082500100552,2018년 8월 25일 21시,토요일,경상남도 창원시 의창구 팔용동,경상사고,0,0,1,0,차대사람 - 횡단중,보행자보호의무위반,포장 - 젖음/습기,흐림,단일로 - 기타,승용,남,64세,상해없음,보행자,남,48세,경상
2018082600100506,2018년 8월 26일 23시,일요일,경상남도 진주시 신안동,중상사고,0,1,1,0,차대사람 - 횡단중,안전운전불이행,포장 - 젖음/습기,비,단일로 - 기타,승용,남,29세,경상,보행자,여,61세,중상
2018082700100233,2018년 8월 27일 10시,월요일,경상남도 통영시 도남동,경상사고,0,0,1,0,차대사람 - 횡단중,보행자보호의무위반,포장 - 젖음/습기,맑음,단일로 - 기타,승용,여,41세,상해없음,보행자,남,10세,경상
2018082700100421,2018년 8월 27일 16시,월요일,경상남도 진주시 금산면,중상사고,0,1,0,0,차대사람 - 횡단중,보행자보호의무위반,포장 - 젖음/습기,비,교차로 - 교차로부근,승용,여,61세,상해없음,보행자,여,72세,중상
2018082700100422,2018년 8월 27일 16시,월요일,경상남도 통영시 도산면,중상사고,0,1,0,0,차대사람 - 횡단중,안전운전불이행,포장 - 건조,맑음,단일로 - 기타,화물,남,76세,상해없음,보행자,여,11세,중상
2018082800100068,2018년 8월 28일 06시,화요일,경상남도 양산시 물금읍,사망사고,1,0,0,0,차대사람 - 차도통행중,안전운전불이행,포장 - 건조,맑음,단일로 - 기타,승용,남,70세,상해없음,보행자,여,72세,사망
2018082800100199,2018년 8월 28일 11시,화요일,경상남도 김해시 서상동,중상사고,0,1,0,0,차대사람 - 기타,안전운전불이행,포장 - 건조,맑음,주차장 - 주차장,승용,여,43세,상해없음,보행자,여,49세,중상
2018082800100365,2018년 8월 28일 16시,화요일,경상남도 창원시 마산합포구 중앙동3가,중상사고,0,1,0,0,차대사람 - 기타,안전운전불이행,포장 - 건조,맑음,단일로 - 기타,승용,여,65세,상해없음,보행자,여,13세,중상
2018082800100366,2018년 8월 28일 16시,화요일,경상남도 진주시 장재동,경상사고,0,0,1,0,차대사람 - 길가장자리구역통행중,안전운전불이행,포장 - 건조,맑음,단일로 - 기타,승용,여,38세,상해없음,보행자,남,16세,경상
2018082800100532,2018년 8월 28일 20시,화요일,경상남도 양산시 상북면,중상사고,0,1,0,0,차대사람 - 기타,안전운전불이행,포장 - 건조,맑음,단일로 - 기타,승용,남,26세,상해없음,보행자,여,82세,중상
2018082900100068,2018년 8월 29일 06시,수요일,경상남도 거제시 거제면,중상사고,0,1,0,0,차대사람 - 기타,안전운전불이행,포장 - 건조,맑음,단일로 - 기타,승용,남,49세,상해없음,보행자,여,87세,중상
2018082900100124,2018년 8월 29일 08시,수요일,경상남도 창원시 마산회원구 봉암동,중상사고,0,1,0,0,차대사람 - 횡단중,안전운전불이행,포장 - 건조,맑음,교차로 - 교차로안,승용,남,32세,상해없음,보행자,여,53세,중상
2018082900100482,2018년 8월 29일 19시,수요일,경상남도 사천시 사남면,경상사고,0,0,1,0,차대사람 - 차도통행중,안전운전불이행,포장 - 건조,맑음,단일로 - 기타,승용,남,37세,상해없음,보행자,남,66세,경상
2018083000100030,2018년 8월 30일 01시,목요일,경상남도 김해시 서상동,경상사고,0,0,1,0,차대사람 - 기타,안전운전불이행,포장 - 젖음/습기,비,단일로 - 기타,승용,남,28세,상해없음,보행자,남,36세,경상
2018083000100328,2018년 8월 30일 15시,목요일,경상남도 창원시 마산회원구 합성동,중상사고,0,1,0,0,차대사람 - 횡단중,보행자보호의무위반,포장 - 건조,맑음,교차로 - 교차로부근,승용,남,50세,상해없음,보행자,여,72세,중상
2018083000100440,2018년 8월 30일 18시,목요일,경상남도 고성군 고성읍,중상사고,0,1,0,0,차대사람 - 횡단중,보행자보호의무위반,포장 - 건조,맑음,단일로 - 기타,승용,남,54세,상해없음,보행자,여,52세,중상
2018083000100477,2018년 8월 30일 19시,목요일,경상남도 창원시 의창구 서상동,사망사고,1,0,0,0,차대사람 - 횡단중,안전운전불이행,포장 - 젖음/습기,비,교차로 - 교차로안,승용,남,37세,상해없음,보행자,남,60세,사망
2018083000100516,2018년 8월 30일 20시,목요일,경상남도 진주시 강남동,경상사고,0,0,1,0,차대사람 - 횡단중,중앙선침범,포장 - 젖음/습기,비,단일로 - 기타,승용,남,34세,상해없음,보행자,남,54세,경상
2018083000100519,2018년 8월 30일 20시,목요일,경상남도 창원시 성산구 남양동,중상사고,0,1,0,0,차대사람 - 차도통행중,안전운전불이행,포장 - 젖음/습기,비,단일로 - 기타,승용,남,50세,상해없음,보행자,여,62세,중상
2018083000100550,2018년 8월 30일 21시,목요일,경상남도 거제시 아주동,경상사고,0,0,1,0,차대사람 - 횡단중,교차로운행방법위반,포장 - 건조,맑음,교차로 - 교차로안,승용,남,64세,상해없음,보행자,남,56세,경상
2018083100100030,2018년 8월 31일 01시,금요일,경상남도 창원시 진해구 용원동,사망사고,1,0,0,0,차대사람 - 차도통행중,안전운전불이행,포장 - 건조,맑음,단일로 - 기타,승용,남,39세,상해없음,보행자,남,30세,사망
2018083100100043,2018년 8월 31일 02시,금요일,경상남도 산청군 시천면,중상사고,0,1,0,0,차대사람 - 차도통행중,안전운전불이행,포장 - 젖음/습기,비,단일로 - 기타,승용,남,45세,상해없음,보행자,남,52세,중상
2018083100100053,2018년 8월 31일 03시,금요일,경상남도 김해시 어방동,중상사고,0,1,0,0,차대사람 - 횡단중,안전운전불이행,포장 - 건조,맑음,교차로 - 교차로부근,승용,여,58세,상해없음,보행자,남,57세,중상
2018083100100167,2018년 8월 31일 09시,금요일,경상남도 창원시 진해구 용원동,사망사고,1,0,0,0,차대사람 - 기타,안전운전불이행,포장 - 건조,맑음,교차로 - 교차로안,특수,남,56세,상해없음,보행자,남,62세,사망
2018083100100170,2018년 8월 31일 09시,금요일,경상남도 창원시 의창구 소답동,중상사고,0,1,0,0,차대사람 - 기타,안전운전불이행,포장 - 건조,맑음,단일로 - 기타,승용,여,37세,상해없음,보행자,여,70세,중상
2018083100100196,2018년 8월 31일 10시,금요일,경상남도 창원시 마산회원구 석전동,중상사고,0,1,0,0,차대사람 - 횡단중,보행자보호의무위반,포장 - 젖음/습기,비,교차로 - 교차로횡단보도내,화물,남,60세,상해없음,보행자,여,66세,중상
2018083100100197,2018년 8월 31일 10시,금요일,경상남도 창원시 의창구 팔용동,중상사고,0,1,0,0,차대사람 - 기타,신호위반,포장 - 젖음/습기,흐림,교차로 - 교차로안,승용,남,86세,상해없음,보행자,남,40세,중상
2018083100100221,2018년 8월 31일 11시,금요일,경상남도 함안군 가야읍,중상사고,0,1,0,0,차대사람 - 횡단중,안전운전불이행,포장 - 젖음/습기,비,교차로 - 교차로부근,승용,남,68세,상해없음,보행자,여,87세,중상
2018083100100222,2018년 8월 31일 11시,금요일,경상남도 창원시 성산구 상남동,중상사고,0,1,0,0,차대사람 - 횡단중,보행자보호의무위반,포장 - 젖음/습기,비,교차로 - 교차로횡단보도내,승용,남,46세,상해없음,보행자,여,83세,중상
2018083100100223,2018년 8월 31일 11시,금요일,경상남도 김해시 대청동,경상사고,0,0,1,0,차대사람 - 기타,안전운전불이행,포장 - 젖음/습기,비,교차로 - 교차로부근,승용,여,51세,상해없음,보행자,남,46세,경상
2018083100100287,2018년 8월 31일 13시,금요일,경상남도 통영시 미수동,경상사고,0,0,1,0,차대사람 - 횡단중,안전운전불이행,포장 - 젖음/습기,비,단일로 - 기타,승용,여,54세,상해없음,보행자,여,68세,경상
2018083100100507,2018년 8월 31일 19시,금요일,경상남도 창원시 마산회원구 내서읍,중상사고,0,1,0,0,차대사람 - 차도통행중,안전운전불이행,포장 - 건조,맑음,단일로 - 기타,승용,남,52세,상해없음,보행자,남,47세,중상
2018090100100448,2018년 9월 1일 17시,토요일,경상남도 창원시 진해구 청안동,경상사고,0,0,1,0,차대사람 - 횡단중,보행자보호의무위반,포장 - 건조,맑음,단일로 - 기타,승용,남,38세,상해없음,보행자,남,5세,경상
2018090100100478,2018년 9월 1일 18시,토요일,경상남도 통영시 도천동,경상사고,0,0,1,0,차대사람 - 기타,안전운전불이행,포장 - 건조,맑음,단일로 - 기타,승용,남,54세,상해없음,보행자,남,69세,경상
2018090100100511,2018년 9월 1일 19시,토요일,경상남도 함안군 칠원읍,경상사고,0,0,1,0,차대사람 - 횡단중,보행자보호의무위반,포장 - 건조,맑음,교차로 - 교차로안,승용,여,61세,상해없음,보행자,여,11세,경상
2018090200100013,2018년 9월 2일 00시,일요일,경상남도 김해시 어방동,중상사고,0,1,0,0,차대사람 - 기타,안전운전불이행,포장 - 건조,맑음,교차로 - 교차로안,특수,남,37세,상해없음,보행자,남,43세,중상
2018090200100014,2018년 9월 2일 00시,일요일,경상남도 양산시 물금읍,중상사고,0,1,0,0,차대사람 - 기타,안전운전불이행,포장 - 건조,맑음,단일로 - 기타,승용,남,58세,상해없음,보행자,남,53세,중상
2018090200100090,2018년 9월 2일 07시,일요일,경상남도 창녕군 남지읍,중상사고,0,1,1,0,차대사람 - 기타,안전운전불이행,포장 - 기타,맑음,단일로 - 기타,화물,남,67세,상해없음,보행자,여,54세,중상
2018090200100127,2018년 9월 2일 09시,일요일,경상남도 사천시 정동면,중상사고,0,1,0,0,차대사람 - 기타,안전운전불이행,포장 - 건조,맑음,단일로 - 기타,승합,남,61세,상해없음,보행자,여,84세,중상
2018090200100128,2018년 9월 2일 09시,일요일,경상남도 창녕군 남지읍,경상사고,0,0,1,0,차대사람 - 횡단중,보행자보호의무위반,포장 - 건조,맑음,단일로 - 기타,승용,남,58세,상해없음,보행자,남,4세,경상
2018090200100267,2018년 9월 2일 15시,일요일,경상남도 창원시 성산구 반림동,중상사고,0,1,1,0,차대사람 - 횡단중,신호위반,포장 - 젖음/습기,비,교차로 - 교차로안,이륜,남,37세,상해없음,보행자,여,17세,중상
2018090200100289,2018년 9월 2일 16시,일요일,경상남도 거제시 일운면,중상사고,0,1,0,0,차대사람 - 기타,안전운전불이행,포장 - 건조,맑음,기타 - 기타,화물,남,51세,상해없음,보행자,여,79세,중상
2018090200100383,2018년 9월 2일 19시,일요일,경상남도 통영시 항남동,중상사고,0,1,0,0,차대사람 - 차도통행중,안전운전불이행,포장 - 젖음/습기,비,단일로 - 기타,승용,남,63세,상해없음,보행자,남,75세,중상
2018090200100384,2018년 9월 2일 19시,일요일,경상남도 양산시 동면,부상신고사고,0,0,0,1,차대사람 - 횡단중,안전운전불이행,포장 - 건조,맑음,단일로 - 기타,승용,여,61세,상해없음,보행자,남,9세,부상신고
2018090200100470,2018년 9월 2일 23시,일요일,경상남도 진주시 신안동,중상사고,0,1,0,0,차대사람 - 횡단중,보행자보호의무위반,포장 - 젖음/습기,비,단일로 - 기타,승용,여,58세,상해없음,보행자,여,23세,중상
2018090300100055,2018년 9월 3일 06시,월요일,경상남도 양산시 동면,경상사고,0,0,1,0,차대사람 - 기타,안전운전불이행,포장 - 건조,맑음,기타 - 기타,승용,남,65세,상해없음,보행자,남,85세,경상
2018090300100160,2018년 9월 3일 09시,월요일,경상남도 합천군 합천읍,경상사고,0,0,1,0,차대사람 - 횡단중,보행자보호의무위반,포장 - 건조,흐림,교차로 - 교차로횡단보도내,승용,여,48세,상해없음,보행자,남,83세,경상
2018090300100256,2018년 9월 3일 12시,월요일,경상남도 고성군 대가면,중상사고,0,1,0,0,차대사람 - 기타,과속,포장 - 젖음/습기,비,단일로 - 터널,승용,여,59세,상해없음,보행자,남,50세,중상
2018090300100343,2018년 9월 3일 15시,월요일,경상남도 거창군 거창읍,중상사고,0,1,0,0,차대사람 - 횡단중,안전운전불이행,포장 - 건조,맑음,교차로 - 교차로안,승용,남,48세,상해없음,보행자,여,62세,중상
2018090300100430,2018년 9월 3일 17시,월요일,경상남도 진주시 봉곡동,중상사고,0,1,0,0,차대사람 - 횡단중,보행자보호의무위반,포장 - 건조,맑음,교차로 - 교차로횡단보도내,승용,남,62세,상해없음,보행자,여,54세,중상
2018090300100433,2018년 9월 3일 17시,월요일,경상남도 창원시 의창구 팔용동,경상사고,0,0,1,0,차대사람 - 횡단중,안전운전불이행,포장 - 젖음/습기,흐림,단일로 - 기타,승용,남,62세,상해없음,보행자,남,7세,경상
2018090300100576,2018년 9월 3일 20시,월요일,경상남도 창원시 마산합포구 자산동,중상사고,0,1,0,0,차대사람 - 횡단중,안전운전불이행,포장 - 젖음/습기,흐림,교차로 - 교차로안,승용,남,73세,상해없음,보행자,여,68세,중상
2018090300100670,2018년 9월 3일 23시,월요일,경상남도 김해시 무계동,중상사고,0,1,0,0,차대사람 - 횡단중,안전운전불이행,포장 - 건조,맑음,단일로 - 기타,승용,남,28세,상해없음,보행자,여,20세,중상
2018090400100336,2018년 9월 4일 15시,화요일,경상남도 창원시 진해구 용원동,경상사고,0,0,1,0,차대사람 - 횡단중,신호위반,포장 - 건조,맑음,교차로 - 교차로횡단보도내,승용,여,50세,상해없음,보행자,남,7세,경상
2018090400100373,2018년 9월 4일 16시,화요일,경상남도 진주시 봉곡동,경상사고,0,0,1,0,차대사람 - 기타,안전운전불이행,포장 - 건조,맑음,단일로 - 기타,승합,남,65세,상해없음,보행자,남,44세,경상
2018090400100507,2018년 9월 4일 19시,화요일,경상남도 거제시 상동동,중상사고,0,1,0,0,차대사람 - 기타,안전운전불이행,포장 - 건조,맑음,교차로 - 교차로안,승합,남,52세,상해없음,보행자,여,42세,중상
2018090400100508,2018년 9월 4일 19시,화요일,경상남도 진주시 금곡면,중상사고,0,1,0,0,차대사람 - 기타,안전운전불이행,포장 - 건조,맑음,단일로 - 기타,화물,남,46세,상해없음,보행자,남,49세,중상
2018090400100567,2018년 9월 4일 21시,화요일,경상남도 창원시 의창구 봉곡동,중상사고,0,1,0,0,차대사람 - 기타,안전운전불이행,포장 - 건조,맑음,기타 - 기타,화물,남,55세,상해없음,보행자,남,25세,중상
2018090400100582,2018년 9월 4일 22시,화요일,경상남도 김해시 진영읍,중상사고,0,1,0,0,차대사람 - 횡단중,안전운전불이행,포장 - 건조,맑음,단일로 - 기타,이륜,남,36세,상해없음,보행자,남,31세,중상
2018090500100149,2018년 9월 5일 08시,수요일,경상남도 김해시 진영읍,경상사고,0,0,1,0,차대사람 - 차도통행중,안전운전불이행,포장 - 건조,맑음,단일로 - 기타,승용,남,46세,상해없음,보행자,여,13세,경상
2018090500100180,2018년 9월 5일 09시,수요일,경상남도 김해시 진영읍,경상사고,0,0,1,0,차대사람 - 차도통행중,안전운전불이행,포장 - 건조,맑음,단일로 - 기타,승용,남,58세,상해없음,보행자,여,78세,경상
2018090500100222,2018년 9월 5일 10시,수요일,경상남도 합천군 가야면,중상사고,0,1,0,0,차대사람 - 기타,안전운전불이행,포장 - 건조,맑음,단일로 - 기타,승용,여,65세,상해없음,보행자,남,66세,중상
2018090500100255,2018년 9월 5일 11시,수요일,경상남도 사천시 곤양면,경상사고,0,0,1,0,차대사람 - 차도통행중,안전운전불이행,포장 - 건조,맑음,교차로 - 교차로안,화물,남,61세,상해없음,보행자,남,65세,경상
2018090500100526,2018년 9월 5일 18시,수요일,경상남도 양산시 삼호동,중상사고,0,1,0,0,차대사람 - 횡단중,안전운전불이행,포장 - 건조,맑음,단일로 - 기타,승용,남,38세,상해없음,보행자,여,60세,중상
2018090500100561,2018년 9월 5일 19시,수요일,경상남도 진주시 신안동,경상사고,0,0,1,0,차대사람 - 횡단중,안전운전불이행,포장 - 건조,맑음,교차로 - 교차로횡단보도내,승용,남,42세,상해없음,보행자,여,21세,경상
2018090500100562,2018년 9월 5일 19시,수요일,경상남도 김해시 서상동,중상사고,0,1,0,0,차대사람 - 기타,안전운전불이행,포장 - 건조,맑음,단일로 - 기타,승용,여,57세,상해없음,보행자,남,59세,중상
2018090500100630,2018년 9월 5일 21시,수요일,경상남도 진주시 신안동,중상사고,0,1,0,0,차대사람 - 차도통행중,안전운전불이행,포장 - 건조,맑음,단일로 - 기타,승용,남,44세,상해없음,보행자,남,6세,중상
2018090500100682,2018년 9월 5일 23시,수요일,경상남도 창원시 마산합포구 상남동,중상사고,0,1,0,0,차대사람 - 횡단중,안전운전불이행,포장 - 건조,맑음,단일로 - 기타,승용,남,30세,상해없음,보행자,여,72세,중상
2018090500100683,2018년 9월 5일 23시,수요일,경상남도 김해시 구산동,사망사고,1,0,0,0,차대사람 - 횡단중,안전운전불이행,포장 - 건조,맑음,교차로 - 교차로부근,승용,남,47세,상해없음,보행자,남,32세,사망
2018090600100107,2018년 9월 6일 08시,목요일,경상남도 김해시 진영읍,경상사고,0,0,1,0,차대사람 - 횡단중,안전운전불이행,포장 - 건조,맑음,단일로 - 기타,승용,여,54세,상해없음,보행자,여,17세,경상
2018090600100163,2018년 9월 6일 10시,목요일,경상남도 합천군 합천읍,사망사고,1,0,0,0,차대사람 - 횡단중,안전운전불이행,포장 - 건조,맑음,교차로 - 교차로횡단보도내,화물,남,66세,상해없음,보행자,여,84세,사망
2018090600100164,2018년 9월 6일 10시,목요일,경상남도 창원시 마산합포구 산호동,중상사고,0,1,0,0,차대사람 - 횡단중,보행자보호의무위반,포장 - 건조,맑음,교차로 - 교차로횡단보도내,화물,남,46세,상해없음,보행자,여,68세,중상
2018090600100333,2018년 9월 6일 16시,목요일,경상남도 김해시 삼계동,경상사고,0,0,1,0,차대사람 - 횡단중,안전운전불이행,포장 - 건조,맑음,단일로 - 기타,승용,여,37세,상해없음,보행자,여,71세,경상
2018090600100379,2018년 9월 6일 17시,목요일,경상남도 거제시 장평동,경상사고,0,0,1,0,차대사람 - 차도통행중,안전운전불이행,포장 - 건조,맑음,주차장 - 주차장,승용,남,37세,상해없음,보행자,여,30세,경상
2018090600100380,2018년 9월 6일 17시,목요일,경상남도 창원시 의창구 도계동,경상사고,0,0,1,0,차대사람 - 횡단중,안전운전불이행,포장 - 건조,맑음,교차로 - 교차로안,승용,남,62세,상해없음,보행자,여,16세,경상
2018090700100044,2018년 9월 7일 03시,금요일,경상남도 김해시 어방동,중상사고,0,1,0,0,차대사람 - 기타,안전운전불이행,포장 - 건조,맑음,단일로 - 기타,이륜,남,21세,상해없음,보행자,여,20세,중상
2018090700100116,2018년 9월 7일 07시,금요일,경상남도 창원시 마산회원구 내서읍,경상사고,0,0,1,0,차대사람 - 횡단중,신호위반,포장 - 젖음/습기,비,교차로 - 교차로횡단보도내,승용,여,51세,상해없음,보행자,여,70세,경상
2018090700100161,2018년 9월 7일 08시,금요일,경상남도 고성군 회화면,경상사고,0,0,1,0,차대사람 - 기타,기타,포장 - 건조,맑음,단일로 - 기타,승합,남,51세,상해없음,보행자,여,64세,경상
2018090700100163,2018년 9월 7일 08시,금요일,경상남도 창원시 성산구 반림동,경상사고,0,0,1,0,차대사람 - 횡단중,보행자보호의무위반,포장 - 건조,맑음,교차로 - 교차로횡단보도내,승용,남,60세,상해없음,보행자,여,11세,경상
2018090700100192,2018년 9월 7일 09시,금요일,경상남도 진주시 상평동,경상사고,0,0,1,0,차대사람 - 기타,안전운전불이행,포장 - 건조,맑음,단일로 - 기타,승용,남,54세,상해없음,보행자,남,35세,경상
2018090700100272,2018년 9월 7일 11시,금요일,경상남도 창원시 의창구 사림동,중상사고,0,1,0,0,차대사람 - 길가장자리구역통행중,안전운전불이행,포장 - 건조,맑음,단일로 - 기타,승용,여,50세,상해없음,보행자,남,56세,중상
2018090700100307,2018년 9월 7일 12시,금요일,경상남도 김해시 대청동,경상사고,0,0,1,0,차대사람 - 횡단중,안전운전불이행,포장 - 건조,맑음,주차장 - 주차장,승용,여,33세,상해없음,보행자,남,34세,경상
2018090700100375,2018년 9월 7일 14시,금요일,경상남도 거제시 옥포동,중상사고,0,1,0,0,차대사람 - 횡단중,보행자보호의무위반,포장 - 건조,맑음,교차로 - 교차로횡단보도내,승용,여,58세,상해없음,보행자,여,10세,중상
2018090700100449,2018년 9월 7일 16시,금요일,경상남도 사천시 사천읍,경상사고,0,0,1,0,차대사람 - 차도통행중,안전운전불이행,포장 - 건조,맑음,단일로 - 기타,승용,여,55세,상해없음,보행자,남,42세,경상
2018090700100450,2018년 9월 7일 16시,금요일,경상남도 거제시 상동동,경상사고,0,0,1,0,차대사람 - 차도통행중,보행자보호의무위반,포장 - 건조,맑음,단일로 - 기타,승합,여,56세,상해없음,보행자,여,8세,경상
2018090700100538,2018년 9월 7일 18시,금요일,경상남도 양산시 중부동,중상사고,0,1,0,0,차대사람 - 기타,안전운전불이행,포장 - 젖음/습기,비,단일로 - 기타,승용,남,52세,상해없음,보행자,남,59세,중상
2018090700100673,2018년 9월 7일 22시,금요일,경상남도 양산시 평산동,경상사고,0,0,1,0,차대사람 - 기타,안전운전불이행,포장 - 건조,맑음,단일로 - 기타,승용,여,51세,상해없음,보행자,남,47세,경상
2018090800100111,2018년 9월 8일 06시,토요일,경상남도 사천시 곤명면,중상사고,0,1,0,0,차대사람 - 횡단중,안전운전불이행,포장 - 건조,맑음,단일로 - 기타,화물,남,66세,상해없음,보행자,여,65세,중상
2018090800100357,2018년 9월 8일 14시,토요일,경상남도 김해시 부곡동,중상사고,0,1,0,0,차대사람 - 기타,안전운전불이행,포장 - 건조,맑음,기타 - 기타,승용,남,45세,상해없음,보행자,남,24세,중상
2018090800100447,2018년 9월 8일 16시,토요일,경상남도 창원시 의창구 대산면,중상사고,0,1,0,0,차대사람 - 기타,안전운전불이행,포장 - 건조,맑음,단일로 - 기타,화물,남,38세,상해없음,보행자,남,56세,중상
2018090800100525,2018년 9월 8일 18시,토요일,경상남도 거창군 신원면,중상사고,0,1,0,0,차대사람 - 길가장자리구역통행중,중앙선침범,포장 - 건조,맑음,단일로 - 기타,승용,여,64세,상해없음,보행자,여,67세,중상
2018090800100560,2018년 9월 8일 19시,토요일,경상남도 밀양시 가곡동,중상사고,0,1,0,0,차대사람 - 길가장자리구역통행중,안전운전불이행,포장 - 건조,맑음,교차로 - 교차로안,승용,여,47세,상해없음,보행자,여,68세,중상
2018090800100668,2018년 9월 8일 23시,토요일,경상남도 산청군 생비량면,중상사고,0,2,0,0,차대사람 - 기타,안전운전불이행,포장 - 건조,맑음,단일로 - 기타,화물,남,54세,상해없음,보행자,남,35세,중상
2018090900100056,2018년 9월 9일 03시,일요일,경상남도 김해시 외동,중상사고,0,1,0,0,차대사람 - 횡단중,안전운전불이행,포장 - 건조,맑음,단일로 - 기타,승용,남,61세,상해없음,보행자,여,45세,중상
2018090900100076,2018년 9월 9일 05시,일요일,경상남도 통영시 북신동,중상사고,0,1,0,0,차대사람 - 횡단중,보행자보호의무위반,포장 - 건조,맑음,교차로 - 교차로횡단보도내,화물,남,31세,상해없음,보행자,여,73세,중상
2018090900100131,2018년 9월 9일 09시,일요일,경상남도 창원시 진해구 경화동,중상사고,0,1,0,0,차대사람 - 횡단중,보행자보호의무위반,포장 - 건조,맑음,교차로 - 교차로횡단보도내,승용,남,41세,상해없음,보행자,남,54세,중상
2018090900100322,2018년 9월 9일 15시,일요일,경상남도 창원시 성산구 중앙동,경상사고,0,0,1,0,차대사람 - 횡단중,안전운전불이행,포장 - 건조,맑음,교차로 - 교차로부근,승용,남,56세,상해없음,보행자,남,22세,경상
2018090900100418,2018년 9월 9일 18시,일요일,경상남도 사천시 용강동,경상사고,0,0,1,0,차대사람 - 횡단중,보행자보호의무위반,포장 - 건조,맑음,교차로 - 교차로횡단보도내,승용,여,48세,상해없음,보행자,여,56세,경상
2018090900100440,2018년 9월 9일 19시,일요일,경상남도 창원시 마산합포구 월남동3가,중상사고,0,1,0,0,차대사람 - 기타,안전운전불이행,포장 - 건조,맑음,단일로 - 기타,승합,남,50세,상해없음,보행자,여,66세,중상
2018091000100154,2018년 9월 10일 08시,월요일,경상남도 통영시 서호동,중상사고,0,1,0,0,차대사람 - 횡단중,보행자보호의무위반,포장 - 건조,맑음,교차로 - 교차로횡단보도내,승용,남,72세,상해없음,보행자,남,78세,중상
2018091000100156,2018년 9월 10일 08시,월요일,경상남도 김해시 삼방동,중상사고,0,1,0,0,차대사람 - 횡단중,안전운전불이행,포장 - 건조,맑음,교차로 - 교차로안,승용,남,60세,상해없음,보행자,여,86세,중상
2018091000100247,2018년 9월 10일 10시,월요일,경상남도 창원시 성산구 남산동,부상신고사고,0,0,0,1,차대사람 - 보도통행중,안전운전불이행,포장 - 건조,맑음,기타 - 기타,화물,남,56세,상해없음,보행자,남,49세,부상신고
2018091000100416,2018년 9월 10일 15시,월요일,경상남도 통영시 북신동,경상사고,0,0,1,0,차대사람 - 기타,안전운전불이행,포장 - 건조,맑음,교차로 - 교차로부근,승용,남,54세,상해없음,보행자,여,84세,경상
2018091000100417,2018년 9월 10일 15시,월요일,경상남도 양산시 상북면,중상사고,0,1,0,0,차대사람 - 횡단중,안전운전불이행,포장 - 건조,맑음,교차로 - 교차로안,승합,남,33세,상해없음,보행자,남,79세,중상
2018091000100575,2018년 9월 10일 18시,월요일,경상남도 양산시 물금읍,중상사고,0,1,0,0,차대사람 - 횡단중,안전운전불이행,포장 - 건조,맑음,단일로 - 기타,승용,남,33세,기타불명,보행자,여,12세,중상
2018091000100657,2018년 9월 10일 20시,월요일,경상남도 김해시 구산동,중상사고,0,1,0,0,차대사람 - 기타,안전운전불이행,포장 - 건조,맑음,단일로 - 기타,원동기,남,25세,상해없음,보행자,남,68세,중상
2018091000100721,2018년 9월 10일 22시,월요일,경상남도 진주시 금산면,중상사고,0,1,0,0,차대사람 - 보도통행중,보행자보호의무위반,포장 - 건조,맑음,교차로 - 교차로횡단보도내,승합,남,50세,상해없음,보행자,남,47세,중상
2018091100100197,2018년 9월 11일 10시,화요일,경상남도 창원시 마산합포구 현동,중상사고,0,1,0,0,차대사람 - 횡단중,안전운전불이행,포장 - 건조,맑음,교차로 - 교차로횡단보도내,화물,남,51세,상해없음,보행자,여,78세,중상
2018091100100374,2018년 9월 11일 16시,화요일,경상남도 진주시 상평동,중상사고,0,1,0,0,차대사람 - 차도통행중,보행자보호의무위반,포장 - 건조,맑음,단일로 - 기타,승용,남,71세,상해없음,보행자,여,6세,중상
2018091100100495,2018년 9월 11일 19시,화요일,경상남도 양산시 삼호동,경상사고,0,0,1,0,차대사람 - 횡단중,보행자보호의무위반,포장 - 건조,맑음,교차로 - 교차로안,원동기,남,20세,상해없음,보행자,여,15세,경상
2018091100100552,2018년 9월 11일 21시,화요일,경상남도 진주시 본성동,중상사고,0,1,0,0,차대사람 - 차도통행중,안전운전불이행,포장 - 건조,맑음,단일로 - 기타,승합,남,59세,상해없음,보행자,여,64세,중상
2018091100100597,2018년 9월 11일 23시,화요일,경상남도 김해시 부곡동,사망사고,1,0,0,0,차대사람 - 횡단중,안전운전불이행,포장 - 건조,맑음,단일로 - 기타,승용,남,27세,상해없음,보행자,남,58세,사망
2018091200100426,2018년 9월 12일 15시,수요일,경상남도 김해시 구산동,중상사고,0,1,0,0,차대사람 - 횡단중,보행자보호의무위반,포장 - 건조,맑음,단일로 - 기타,승용,남,40세,상해없음,보행자,여,10세,중상
2018091200100427,2018년 9월 12일 15시,수요일,경상남도 양산시 평산동,경상사고,0,0,1,0,차대사람 - 횡단중,안전운전불이행,포장 - 건조,맑음,교차로 - 교차로부근,승용,여,50세,상해없음,보행자,여,80세,경상
2018091200100428,2018년 9월 12일 15시,수요일,경상남도 창원시 성산구 성주동,중상사고,0,1,0,0,차대사람 - 기타,안전운전불이행,포장 - 건조,맑음,단일로 - 기타,승합,남,42세,상해없음,보행자,여,57세,중상