사고번호,사고일시,요일,시군구,사고내용,사망자수,중상자수,경상자수,부상신고자수,사고유형,법규위반,노면상태,기상상태,도로형태,가해운전자 차종,가해운전자 성별,가해운전자 연령,가해운전자 상해정도,피해운전자 차종,피해운전자 성별,피해운전자 연령,피해운전자 상해정도
2018092700100280,2018년 9월 27일 13시,목요일,경상남도 창원시 의창구 봉곡동,경상사고,0,0,1,0,차대사람 - 기타,안전운전불이행,포장 - 건조,맑음,교차로 - 교차로안,승용,여,53세,상해없음,보행자,남,74세,경상
2018092700100371,2018년 9월 27일 15시,목요일,경상남도 양산시 물금읍,중상사고,0,1,0,0,차대사람 - 횡단중,보행자보호의무위반,포장 - 건조,맑음,교차로 - 교차로횡단보도내,승용,여,52세,상해없음,보행자,여,8세,중상
2018092700100515,2018년 9월 27일 18시,목요일,경상남도 진주시 신안동,경상사고,0,0,1,0,차대사람 - 길가장자리구역통행중,안전운전불이행,포장 - 건조,맑음,교차로 - 교차로안,승용,남,68세,상해없음,보행자,여,25세,경상
2018092700100519,2018년 9월 27일 18시,목요일,경상남도 창원시 의창구 서상동,중상사고,0,1,0,0,차대사람 - 차도통행중,안전운전불이행,포장 - 건조,맑음,교차로 - 교차로안,승용,남,77세,상해없음,보행자,남,60세,중상
2018092700100637,2018년 9월 27일 22시,목요일,경상남도 고성군 고성읍,경상사고,0,0,1,0,차대사람 - 기타,안전운전불이행,포장 - 건조,맑음,단일로 - 기타,승용,여,25세,상해없음,보행자,남,47세,경상
2018092800100025,2018년 9월 28일 02시,금요일,경상남도 창원시 마산회원구 회원동,중상사고,0,1,1,0,차대사람 - 횡단중,안전운전불이행,포장 - 건조,맑음,교차로 - 교차로안,승용,남,62세,상해없음,보행자,여,59세,중상
2018092800100170,2018년 9월 28일 10시,금요일,경상남도 고성군 동해면,중상사고,0,1,0,0,차대사람 - 기타,안전운전불이행,포장 - 건조,맑음,단일로 - 기타,화물,여,53세,상해없음,보행자,여,84세,중상
2018092800100253,2018년 9월 28일 13시,금요일,경상남도 밀양시 삼문동,경상사고,0,0,1,0,차대사람 - 차도통행중,안전운전불이행,포장 - 건조,맑음,단일로 - 기타,승용,남,43세,상해없음,보행자,남,55세,경상
2018092800100280,2018년 9월 28일 14시,금요일,경상남도 창원시 마산합포구 우산동,경상사고,0,0,1,0,차대사람 - 기타,안전운전불이행,포장 - 기타,맑음,단일로 - 기타,화물,남,44세,상해없음,보행자,남,54세,경상
2018092800100282,2018년 9월 28일 14시,금요일,경상남도 양산시 중부동,중상사고,0,1,0,0,차대사람 - 기타,안전운전불이행,포장 - 건조,맑음,단일로 - 기타,승용,여,57세,상해없음,보행자,여,18세,중상
2018092800100446,2018년 9월 28일 19시,금요일,경상남도 사천시 곤명면,중상사고,0,1,0,0,차대사람 - 횡단중,기타,포장 - 건조,맑음,교차로 - 교차로부근,승합,남,51세,상해없음,보행자,여,19세,중상
2018092800100447,2018년 9월 28일 19시,금요일,경상남도 함안군 군북면,사망사고,1,0,0,0,차대사람 - 기타,안전운전불이행,포장 - 건조,맑음,단일로 - 기타,화물,남,77세,상해없음,보행자,여,81세,사망
2018092800100448,2018년 9월 28일 19시,금요일,경상남도 김해시 대청동,중상사고,0,1,0,0,차대사람 - 횡단중,안전운전불이행,포장 - 건조,맑음,교차로 - 교차로안,승용,남,27세,상해없음,보행자,남,56세,중상
2018092800100558,2018년 9월 28일 23시,금요일,경상남도 거제시 아주동,경상사고,0,0,1,0,차대사람 - 기타,안전운전불이행,포장 - 건조,맑음,교차로 - 교차로안,승용,여,44세,상해없음,보행자,남,42세,경상
2018092900100035,2018년 9월 29일 01시,토요일,경상남도 창원시 성산구 반지동,중상사고,0,2,0,0,차대사람 - 차도통행중,안전운전불이행,포장 - 건조,맑음,단일로 - 기타,승용,남,62세,중상,보행자,남,53세,중상
2018092900100156,2018년 9월 29일 09시,토요일,경상남도 진주시 대안동,경상사고,0,0,1,0,차대사람 - 기타,안전운전불이행,포장 - 건조,맑음,단일로 - 기타,승용,남,65세,상해없음,보행자,남,15세,경상
2018092900100272,2018년 9월 29일 12시,토요일,경상남도 창원시 진해구 용원동,중상사고,0,1,0,0,차대사람 - 기타,보행자보호의무위반,포장 - 건조,맑음,교차로 - 교차로횡단보도내,승용,남,44세,상해없음,보행자,남,56세,중상
2018092900100363,2018년 9월 29일 15시,토요일,경상남도 진주시 이현동,사망사고,1,0,0,0,차대사람 - 횡단중,안전운전불이행,포장 - 건조,맑음,단일로 - 기타,승용,여,35세,상해없음,보행자,여,80세,사망
2018092900100398,2018년 9월 29일 16시,토요일,경상남도 김해시 삼계동,중상사고,0,1,0,0,차대사람 - 횡단중,신호위반,포장 - 젖음/습기,비,단일로 - 기타,승용,남,63세,기타불명,보행자,여,49세,중상
2018092900100474,2018년 9월 29일 18시,토요일,경상남도 김해시 외동,중상사고,0,1,0,0,차대사람 - 횡단중,신호위반,포장 - 건조,흐림,교차로 - 교차로횡단보도내,승용,남,30세,상해없음,보행자,남,15세,중상
2018092900100476,2018년 9월 29일 18시,토요일,경상남도 김해시 구산동,중상사고,0,1,0,0,차대사람 - 횡단중,보행자보호의무위반,포장 - 건조,맑음,교차로 - 교차로횡단보도내,승용,여,59세,상해없음,보행자,남,66세,중상
2018093000100023,2018년 9월 30일 01시,일요일,경상남도 양산시 북부동,중상사고,0,1,0,0,차대사람 - 기타,안전운전불이행,포장 - 건조,맑음,교차로 - 교차로안,승합,남,47세,상해없음,보행자,여,51세,중상
2018093000100037,2018년 9월 30일 02시,일요일,경상남도 창원시 진해구 충무동,중상사고,0,1,0,0,차대사람 - 횡단중,보행자보호의무위반,포장 - 젖음/습기,비,교차로 - 교차로횡단보도내,승용,남,50세,상해없음,보행자,남,47세,중상
2018093000100119,2018년 9월 30일 09시,일요일,경상남도 사천시 용강동,중상사고,0,1,0,0,차대사람 - 횡단중,보행자보호의무위반,포장 - 건조,맑음,교차로 - 교차로안,승용,여,62세,상해없음,보행자,여,69세,중상
2018093000100478,2018년 9월 30일 21시,일요일,경상남도 김해시 전하동,중상사고,0,1,0,0,차대사람 - 횡단중,안전운전불이행,포장 - 건조,맑음,교차로 - 교차로횡단보도내,화물,남,62세,상해없음,보행자,남,54세,중상
2018093000100512,2018년 9월 30일 23시,일요일,경상남도 진주시 신안동,중상사고,0,1,0,0,차대사람 - 횡단중,안전운전불이행,포장 - 건조,맑음,교차로 - 교차로안,승용,남,28세,상해없음,보행자,남,49세,중상
2018100100100113,2018년 10월 1일 08시,월요일,경상남도 남해군 서면,중상사고,0,1,0,0,차대사람 - 횡단중,안전운전불이행,포장 - 건조,맑음,교차로 - 교차로안,승용,남,44세,상해없음,보행자,여,65세,중상
2018100100100248,2018년 10월 1일 12시,월요일,경상남도 통영시 동호동,중상사고,0,3,0,0,차대사람 - 기타,기타,포장 - 건조,맑음,교차로 - 교차로부근,승용,남,82세,중상,보행자,여,84세,중상
2018100100100358,2018년 10월 1일 15시,월요일,경상남도 양산시 상북면,중상사고,0,1,0,0,차대사람 - 횡단중,안전운전불이행,포장 - 건조,맑음,단일로 - 기타,승용,여,51세,상해없음,보행자,여,8세,중상
2018100100100359,2018년 10월 1일 15시,월요일,경상남도 양산시 동면,경상사고,0,0,1,0,차대사람 - 기타,중앙선침범,포장 - 건조,맑음,단일로 - 기타,승용,남,69세,상해없음,보행자,남,12세,경상
2018100100100398,2018년 10월 1일 16시,월요일,경상남도 진주시 평거동,중상사고,0,1,0,0,차대사람 - 기타,기타,포장 - 건조,맑음,단일로 - 기타,승합,남,58세,상해없음,보행자,여,65세,중상
2018100100100442,2018년 10월 1일 17시,월요일,경상남도 김해시 삼정동,경상사고,0,0,1,0,차대사람 - 기타,안전운전불이행,포장 - 건조,맑음,단일로 - 기타,화물,남,42세,상해없음,보행자,남,68세,경상
2018100100100443,2018년 10월 1일 17시,월요일,경상남도 창녕군 창녕읍,경상사고,0,0,1,0,차대사람 - 보도통행중,기타,포장 - 건조,맑음,단일로 - 기타,승용,남,58세,상해없음,보행자,여,31세,경상
2018100100100489,2018년 10월 1일 18시,월요일,경상남도 거창군 거창읍,중상사고,0,1,1,0,차대사람 - 횡단중,안전운전불이행,포장 - 건조,맑음,교차로 - 교차로횡단보도내,이륜,여,64세,경상,보행자,여,70세,중상
2018100100100491,2018년 10월 1일 18시,월요일,경상남도 창원시 의창구 팔용동,사망사고,1,0,0,0,차대사람 - 횡단중,보행자보호의무위반,포장 - 건조,맑음,교차로 - 교차로횡단보도내,승용,남,57세,상해없음,보행자,여,28세,사망
2018100200100050,2018년 10월 2일 05시,화요일,경상남도 창원시 진해구 용원동,중상사고,0,1,0,0,차대사람 - 횡단중,보행자보호의무위반,포장 - 건조,맑음,교차로 - 교차로안,승용,남,23세,상해없음,보행자,남,51세,중상
2018100200100125,2018년 10월 2일 08시,화요일,경상남도 김해시 어방동,중상사고,0,1,0,0,차대사람 - 횡단중,보행자보호의무위반,포장 - 건조,맑음,단일로 - 기타,승용,남,26세,상해없음,보행자,여,53세,중상
2018100200100173,2018년 10월 2일 09시,화요일,경상남도 양산시 물금읍,중상사고,0,1,0,0,차대사람 - 횡단중,신호위반,포장 - 건조,맑음,교차로 - 교차로횡단보도내,승용,남,52세,상해없음,보행자,여,64세,중상
2018100200100241,2018년 10월 2일 11시,화요일,경상남도 진주시 신안동,중상사고,0,1,0,0,차대사람 - 기타,기타,포장 - 건조,맑음,단일로 - 기타,승합,남,57세,상해없음,보행자,여,73세,중상
2018100200100242,2018년 10월 2일 11시,화요일,경상남도 산청군 금서면,경상사고,0,0,1,0,차대사람 - 길가장자리구역통행중,신호위반,포장 - 건조,맑음,교차로 - 교차로안,화물,남,56세,상해없음,보행자,여,82세,경상
2018100200100411,2018년 10월 2일 16시,화요일,경상남도 통영시 용남면,중상사고,0,1,0,0,차대사람 - 차도통행중,안전운전불이행,포장 - 건조,맑음,단일로 - 기타,건설기계,남,41세,상해없음,보행자,남,86세,중상
2018100200100551,2018년 10월 2일 19시,화요일,경상남도 진주시 상봉동,중상사고,0,1,0,0,차대사람 - 횡단중,안전운전불이행,포장 - 건조,맑음,단일로 - 기타,승용,남,39세,상해없음,보행자,남,56세,중상
2018100200100555,2018년 10월 2일 19시,화요일,경상남도 양산시 평산동,경상사고,0,0,1,0,차대사람 - 횡단중,안전운전불이행,포장 - 건조,맑음,교차로 - 교차로안,승합,남,51세,상해없음,보행자,남,65세,경상
2018100200100657,2018년 10월 2일 22시,화요일,경상남도 김해시 부곡동,중상사고,0,1,1,0,차대사람 - 횡단중,안전운전불이행,포장 - 건조,맑음,교차로 - 교차로안,이륜,남,44세,경상,보행자,남,51세,중상
2018100200100681,2018년 10월 2일 23시,화요일,경상남도 진주시 가좌동,중상사고,0,1,0,0,차대사람 - 횡단중,보행자보호의무위반,포장 - 건조,맑음,단일로 - 기타,승용,남,53세,상해없음,보행자,여,69세,중상
2018100300100427,2018년 10월 3일 17시,수요일,경상남도 하동군 적량면,중상사고,0,1,0,0,차대사람 - 횡단중,안전운전불이행,포장 - 건조,맑음,단일로 - 기타,승합,남,65세,상해없음,보행자,여,79세,중상
2018100300100524,2018년 10월 3일 20시,수요일,경상남도 함안군 가야읍,중상사고,0,1,0,0,차대사람 - 기타,안전운전불이행,포장 - 건조,맑음,단일로 - 기타,승용,남,43세,상해없음,보행자,여,63세,중상
2018100400100054,2018년 10월 4일 05시,목요일,경상남도 창원시 마산합포구 예곡동,중상사고,0,1,0,0,차대사람 - 횡단중,안전운전불이행,포장 - 건조,맑음,교차로 - 교차로안,승용,남,54세,상해없음,보행자,남,72세,중상
2018100400100136,2018년 10월 4일 08시,목요일,경상남도 김해시 삼문동,경상사고,0,0,1,0,차대사람 - 횡단중,안전운전불이행,포장 - 건조,맑음,단일로 - 기타,승용,남,39세,상해없음,보행자,여,8세,경상
2018100400100262,2018년 10월 4일 11시,목요일,경상남도 거제시 동부면,경상사고,0,0,1,0,차대사람 - 횡단중,안전운전불이행,포장 - 건조,맑음,단일로 - 기타,기타불명,기타불명,미분류,기타불명,보행자,여,83세,경상
2018100400100293,2018년 10월 4일 12시,목요일,경상남도 통영시 무전동,중상사고,0,1,0,0,차대사람 - 횡단중,안전운전불이행,포장 - 건조,맑음,단일로 - 기타,화물,여,56세,상해없음,보행자,남,52세,중상
2018100400100326,2018년 10월 4일 13시,목요일,경상남도 사천시 동금동,경상사고,0,0,1,0,차대사람 - 길가장자리구역통행중,안전운전불이행,포장 - 건조,맑음,단일로 - 기타,승용,여,58세,상해없음,보행자,여,50세,경상
2018100400100430,2018년 10월 4일 16시,목요일,경상남도 통영시 항남동,중상사고,0,1,0,0,차대사람 - 횡단중,중앙선침범,포장 - 건조,맑음,단일로 - 기타,자전거,남,49세,상해없음,보행자,여,64세,중상
2018100400100579,2018년 10월 4일 19시,목요일,경상남도 양산시 북정동,중상사고,0,1,0,0,차대사람 - 횡단중,신호위반,포장 - 건조,흐림,교차로 - 교차로횡단보도내,자전거,남,44세,상해없음,보행자,여,44세,중상
2018100400100692,2018년 10월 4일 22시,목요일,경상남도 통영시 무전동,중상사고,0,1,0,0,차대사람 - 횡단중,안전운전불이행,포장 - 젖음/습기,비,교차로 - 교차로안,승용,남,32세,상해없음,보행자,여,63세,중상
2018100500100048,2018년 10월 5일 03시,금요일,경상남도 창원시 성산구 중앙동,중상사고,0,1,0,0,차대사람 - 횡단중,안전운전불이행,포장 - 젖음/습기,비,교차로 - 교차로횡단보도내,승용,남,51세,상해없음,보행자,남,79세,중상
2018100500100146,2018년 10월 5일 08시,금요일,경상남도 창원시 의창구 팔용동,경상사고,0,0,1,0,차대사람 - 횡단중,안전운전불이행,포장 - 젖음/습기,비,교차로 - 교차로안,승용,여,42세,상해없음,보행자,남,18세,경상
2018100500100196,2018년 10월 5일 09시,금요일,경상남도 남해군 남해읍,중상사고,0,1,0,0,차대사람 - 횡단중,안전운전불이행,포장 - 건조,맑음,교차로 - 교차로안,승용,남,65세,상해없음,보행자,여,77세,중상
2018100500100224,2018년 10월 5일 10시,금요일,경상남도 진주시 상대동,중상사고,0,1,0,0,차대사람 - 횡단중,안전운전불이행,포장 - 젖음/습기,비,교차로 - 교차로안,승용,남,43세,상해없음,보행자,여,73세,중상
2018100500100373,2018년 10월 5일 14시,금요일,경상남도 창원시 의창구 명서동,중상사고,0,1,0,0,차대사람 - 횡단중,신호위반,포장 - 젖음/습기,비,교차로 - 교차로안,승용,여,69세,상해없음,보행자,여,54세,중상
2018100500100515,2018년 10월 5일 17시,금요일,경상남도 창원시 의창구 신월동,중상사고,0,1,0,0,차대사람 - 횡단중,보행자보호의무위반,포장 - 건조,맑음,교차로 - 교차로안,승용,남,40세,상해없음,보행자,여,38세,중상
2018100500100595,2018년 10월 5일 18시,금요일,경상남도 김해시 외동,경상사고,0,0,1,0,차대사람 - 기타,안전운전불이행,포장 - 젖음/습기,비,단일로 - 기타,승합,여,54세,상해없음,보행자,남,56세,경상
2018100500100596,2018년 10월 5일 18시,금요일,경상남도 양산시 북부동,중상사고,0,1,0,0,차대사람 - 기타,보행자보호의무위반,포장 - 젖음/습기,비,교차로 - 교차로횡단보도내,승용,여,59세,상해없음,보행자,여,61세,중상
2018100500100597,2018년 10월 5일 18시,금요일,경상남도 창원시 의창구 대원동,중상사고,0,1,0,0,차대사람 - 횡단중,보행자보호의무위반,포장 - 젖음/습기,비,교차로 - 교차로횡단보도내,승합,남,51세,상해없음,보행자,여,54세,중상
2018100600100392,2018년 10월 6일 14시,토요일,경상남도 창원시 진해구 제덕동,중상사고,0,1,1,0,차대사람 - 보도통행중,기타,포장 - 건조,맑음,교차로 - 교차로부근,승용,여,62세,상해없음,보행자,남,49세,중상
2018100700100048,2018년 10월 7일 02시,일요일,경상남도 양산시 삼호동,부상신고사고,0,0,0,1,차대사람 - 기타,안전운전불이행,포장 - 건조,맑음,단일로 - 기타,이륜,남,16세,상해없음,보행자,남,미분류,부상신고
2018100700100049,2018년 10월 7일 02시,일요일,경상남도 김해시 부곡동,경상사고,0,0,1,0,차대사람 - 차도통행중,안전운전불이행,포장 - 건조,맑음,단일로 - 기타,승용,남,53세,상해없음,보행자,남,24세,경상
2018100700100097,2018년 10월 7일 06시,일요일,경상남도 진주시 문산읍,중상사고,0,1,0,0,차대사람 - 차도통행중,안전운전불이행,포장 - 기타,안개,단일로 - 기타,화물,남,40세,상해없음,보행자,여,83세,중상
2018100700100100,2018년 10월 7일 06시,일요일,경상남도 창원시 의창구 도계동,중상사고,0,1,0,0,차대사람 - 횡단중,안전운전불이행,포장 - 건조,맑음,교차로 - 교차로부근,승용,남,51세,상해없음,보행자,여,67세,중상
2018100700100175,2018년 10월 7일 10시,일요일,경상남도 창원시 마산합포구 해운동,부상신고사고,0,0,0,1,차대사람 - 기타,안전운전불이행,포장 - 건조,맑음,단일로 - 기타,승용,남,56세,상해없음,보행자,남,65세,부상신고
2018100700100179,2018년 10월 7일 10시,일요일,경상남도 창원시 성산구 중앙동,경상사고,0,0,1,0,차대사람 - 기타,안전운전불이행,포장 - 건조,맑음,교차로 - 교차로안,승용,남,56세,상해없음,보행자,남,44세,경상
2018100700100324,2018년 10월 7일 15시,일요일,경상남도 김해시 외동,경상사고,0,0,1,0,차대사람 - 횡단중,신호위반,포장 - 건조,맑음,단일로 - 기타,기타불명,기타불명,미분류,기타불명,보행자,여,47세,경상
2018100700100435,2018년 10월 7일 18시,일요일,경상남도 통영시 광도면,중상사고,0,1,0,0,차대사람 - 횡단중,안전운전불이행,포장 - 건조,맑음,교차로 - 교차로부근,승용,남,41세,상해없음,보행자,여,29세,중상
2018100700100436,2018년 10월 7일 18시,일요일,경상남도 김해시 삼방동,중상사고,0,1,0,0,차대사람 - 횡단중,보행자보호의무위반,포장 - 건조,맑음,단일로 - 기타,승용,남,22세,상해없음,보행자,남,46세,중상
2018100800100104,2018년 10월 8일 08시,월요일,경상남도 거제시 아주동,경상사고,0,0,2,0,차대사람 - 횡단중,보행자보호의무위반,포장 - 건조,맑음,단일로 - 기타,승용,여,53세,상해없음,보행자,여,7세,경상
2018100800100142,2018년 10월 8일 09시,월요일,경상남도 진주시 상대동,경상사고,0,0,1,0,차대사람 - 횡단중,보행자보호의무위반,포장 - 건조,맑음,교차로 - 교차로안,승용,남,83세,상해없음,보행자,여,26세,경상
2018100800100461,2018년 10월 8일 17시,월요일,경상남도 통영시 광도면,중상사고,0,1,0,0,차대사람 - 횡단중,보행자보호의무위반,포장 - 건조,맑음,교차로 - 교차로부근,승용,남,59세,상해없음,보행자,여,41세,중상
2018100800100513,2018년 10월 8일 18시,월요일,경상남도 통영시 항남동,경상사고,0,0,1,0,차대사람 - 기타,안전운전불이행,포장 - 건조,맑음,단일로 - 기타,화물,남,51세,상해없음,보행자,남,60세,경상
2018100800100514,2018년 10월 8일 18시,월요일,경상남도 창원시 성산구 남양동,경상사고,0,0,1,0,차대사람 - 횡단중,보행자보호의무위반,포장 - 건조,맑음,교차로 - 교차로안,승용,여,43세,상해없음,보행자,여,50세,경상
2018100800100582,2018년 10월 8일 20시,월요일,경상남도 창원시 성산구 중앙동,경상사고,0,0,1,0,차대사람 - 횡단중,안전운전불이행,포장 - 건조,맑음,단일로 - 기타,자전거,남,26세,상해없음,보행자,여,39세,경상
2018100800100583,2018년 10월 8일 20시,월요일,경상남도 창원시 성산구 상남동,경상사고,0,0,1,0,차대사람 - 차도통행중,안전운전불이행,포장 - 건조,맑음,단일로 - 기타,화물,남,68세,상해없음,보행자,남,52세,경상
2018100800100670,2018년 10월 8일 23시,월요일,경상남도 창원시 진해구 송학동,경상사고,0,0,1,0,차대사람 - 횡단중,안전운전불이행,포장 - 건조,맑음,교차로 - 교차로안,승합,남,31세,상해없음,보행자,남,45세,경상
2018100900100133,2018년 10월 9일 08시,화요일,경상남도 창원시 마산합포구 대성동2가,경상사고,0,0,1,0,차대사람 - 기타,안전운전불이행,포장 - 건조,맑음,기타 - 기타,승용,여,40세,상해없음,보행자,여,58세,경상
2018100900100390,2018년 10월 9일 18시,화요일,경상남도 밀양시 교동,중상사고,0,1,0,0,차대사람 - 횡단중,안전운전불이행,포장 - 건조,맑음,단일로 - 기타,승용,여,58세,상해없음,보행자,여,71세,중상
2018100900100508,2018년 10월 9일 23시,화요일,경상남도 거제시 옥포동,경상사고,0,0,1,0,차대사람 - 차도통행중,안전운전불이행,포장 - 건조,맑음,단일로 - 기타,기타불명,기타불명,미분류,기타불명,보행자,여,45세,경상
2018101000100100,2018년 10월 10일 08시,수요일,경상남도 창원시 마산합포구 교방동,경상사고,0,0,1,0,차대사람 - 횡단중,보행자보호의무위반,포장 - 건조,맑음,교차로 - 교차로횡단보도내,승용,남,38세,상해없음,보행자,남,8세,경상
2018101000100102,2018년 10월 10일 08시,수요일,경상남도 양산시 남부동,부상신고사고,0,0,0,1,차대사람 - 횡단중,안전운전불이행,포장 - 건조,맑음,단일로 - 기타,승합,남,64세,상해없음,보행자,남,7세,부상신고
2018101000100189,2018년 10월 10일 11시,수요일,경상남도 창녕군 부곡면,경상사고,0,0,1,0,차대사람 - 기타,안전운전불이행,포장 - 건조,맑음,단일로 - 기타,승용,남,41세,상해없음,보행자,여,44세,경상
2018101000100190,2018년 10월 10일 11시,수요일,경상남도 창원시 마산회원구 석전동,경상사고,0,0,1,0,차대사람 - 차도통행중,안전운전불이행,포장 - 건조,맑음,단일로 - 기타,승용,남,53세,상해없음,보행자,여,78세,경상
2018101000100282,2018년 10월 10일 14시,수요일,경상남도 창녕군 대지면,경상사고,0,0,1,0,차대사람 - 기타,안전운전불이행,포장 - 건조,맑음,교차로 - 교차로안,화물,남,50세,상해없음,보행자,여,65세,경상
2018101000100441,2018년 10월 10일 18시,수요일,경상남도 창원시 의창구 팔용동,경상사고,0,0,1,0,차대사람 - 횡단중,보행자보호의무위반,포장 - 건조,맑음,교차로 - 교차로안,승용,남,43세,상해없음,보행자,여,36세,경상
2018101000100474,2018년 10월 10일 19시,수요일,경상남도 김해시 진영읍,중상사고,0,1,0,0,차대사람 - 횡단중,신호위반,포장 - 건조,맑음,교차로 - 교차로횡단보도내,승용,남,43세,상해없음,보행자,여,27세,중상
2018101000100501,2018년 10월 10일 20시,수요일,경상남도 김해시 삼방동,중상사고,0,1,0,0,차대사람 - 횡단중,안전운전불이행,포장 - 건조,맑음,단일로 - 기타,승용,남,23세,상해없음,보행자,남,50세,중상
2018101000100503,2018년 10월 10일 20시,수요일,경상남도 창원시 의창구 봉곡동,중상사고,0,1,0,0,차대사람 - 횡단중,보행자보호의무위반,포장 - 건조,맑음,교차로 - 교차로안,화물,남,52세,상해없음,보행자,여,57세,중상
2018101000100552,2018년 10월 10일 22시,수요일,경상남도 양산시 중부동,중상사고,0,1,0,0,차대사람 - 횡단중,안전운전불이행,포장 - 건조,맑음,교차로 - 교차로부근,승용,남,41세,상해없음,보행자,남,59세,중상
2018101100100151,2018년 10월 11일 09시,목요일,경상남도 김해시 외동,중상사고,0,1,0,0,차대사람 - 횡단중,보행자보호의무위반,포장 - 건조,맑음,교차로 - 교차로횡단보도내,승용,여,69세,상해없음,보행자,여,70세,중상
2018101100100152,2018년 10월 11일 09시,목요일,경상남도 함안군 산인면,경상사고,0,0,1,0,차대사람 - 기타,안전운전불이행,포장 - 건조,맑음,단일로 - 기타,특수,남,64세,상해없음,보행자,남,44세,경상
2018101100100301,2018년 10월 11일 14시,목요일,경상남도 창원시 의창구 봉곡동,경상사고,0,0,1,0,차대사람 - 차도통행중,안전운전불이행,포장 - 건조,맑음,단일로 - 기타,승용,여,56세,상해없음,보행자,여,7세,경상
2018101100100371,2018년 10월 11일 16시,목요일,경상남도 창원시 마산합포구 남성동,경상사고,0,0,1,0,차대사람 - 기타,안전운전불이행,포장 - 건조,맑음,교차로 - 교차로안,승용,남,63세,상해없음,보행자,여,75세,경상
2018101100100474,2018년 10월 11일 18시,목요일,경상남도 진주시 상봉동,중상사고,0,1,0,0,차대사람 - 횡단중,안전운전불이행,포장 - 건조,맑음,교차로 - 교차로안,화물,남,47세,상해없음,보행자,남,87세,중상
2018101100100476,2018년 10월 11일 18시,목요일,경상남도 함양군 유림면,중상사고,0,1,0,0,차대사람 - 길가장자리구역통행중,안전운전불이행,포장 - 건조,맑음,단일로 - 기타,승용,남,34세,상해없음,보행자,여,70세,중상
2018101200100199,2018년 10월 12일 10시,금요일,경상남도 밀양시 내일동,중상사고,0,1,0,0,차대사람 - 기타,안전운전불이행,포장 - 건조,맑음,단일로 - 기타,승합,남,57세,상해없음,보행자,여,71세,중상
2018101200100202,2018년 10월 12일 10시,금요일,경상남도 양산시 동면,부상신고사고,0,0,0,1,차대사람 - 기타,안전운전불이행,포장 - 건조,맑음,기타 - 기타,승합,남,47세,상해없음,보행자,남,52세,부상신고
2018101200100274,2018년 10월 12일 12시,금요일,경상남도 진주시 가좌동,경상사고,0,0,1,0,차대사람 - 보도통행중,기타,포장 - 건조,맑음,단일로 - 기타,이륜,남,16세,상해없음,보행자,여,15세,경상
2018101200100428,2018년 10월 12일 16시,금요일,경상남도 진주시 망경동,경상사고,0,0,1,0,차대사람 - 길가장자리구역통행중,안전운전불이행,포장 - 건조,맑음,단일로 - 기타,승용,남,56세,상해없음,보행자,남,74세,경상
2018101200100429,2018년 10월 12일 16시,금요일,경상남도 진주시 상대동,중상사고,0,1,0,0,차대사람 - 차도통행중,안전운전불이행,포장 - 건조,맑음,교차로 - 교차로안,승용,여,57세,상해없음,보행자,남,38세,중상
2018101200100630,2018년 10월 12일 20시,금요일,경상남도 김해시 구산동,중상사고,0,1,0,0,차대사람 - 횡단중,안전운전불이행,포장 - 건조,맑음,교차로 - 교차로안,승용,남,31세,상해없음,보행자,여,72세,중상
2018101200100661,2018년 10월 12일 21시,금요일,경상남도 밀양시 가곡동,중상사고,0,1,0,0,차대사람 - 횡단중,안전운전불이행,포장 - 건조,맑음,교차로 - 교차로안,승용,남,58세,상해없음,보행자,남,40세,중상
2018101200100662,2018년 10월 12일 21시,금요일,경상남도 창원시 성산구 상남동,경상사고,0,0,1,0,차대사람 - 차도통행중,안전운전불이행,포장 - 건조,맑음,단일로 - 기타,이륜,남,19세,상해없음,보행자,여,23세,경상
2018101200100691,2018년 10월 12일 22시,금요일,경상남도 사천시 서동,사망사고,1,0,0,0,차대사람 - 횡단중,보행자보호의무위반,포장 - 건조,맑음,교차로 - 교차로부근,승용,남,29세,상해없음,보행자,여,37세,사망
2018101200100692,2018년 10월 12일 22시,금요일,경상남도 거제시 아주동,경상사고,0,0,1,0,차대사람 - 차도통행중,안전운전불이행,포장 - 건조,맑음,단일로 - 기타,기타불명,기타불명,미분류,기타불명,보행자,남,44세,경상
2018101200100717,2018년 10월 12일 23시,금요일,경상남도 양산시 소주동,경상사고,0,0,1,0,차대사람 - 길가장자리구역통행중,안전운전불이행,포장 - 건조,맑음,단일로 - 기타,기타불명,기타불명,미분류,기타불명,보행자,여,27세,경상
2018101300100011,2018년 10월 13일 00시,토요일,경상남도 거제시 아주동,중상사고,0,1,0,0,차대사람 - 길가장자리구역통행중,안전운전불이행,포장 - 건조,맑음,단일로 - 기타,승용,남,31세,상해없음,보행자,남,48세,중상
2018101300100040,2018년 10월 13일 01시,토요일,경상남도 창원시 의창구 도계동,부상신고사고,0,0,0,1,차대사람 - 기타,안전운전불이행,포장 - 건조,맑음,단일로 - 기타,승용,남,56세,상해없음,보행자,남,49세,부상신고