사고번호,사고일시,요일,시군구,사고내용,사망자수,중상자수,경상자수,부상신고자수,사고유형,법규위반,노면상태,기상상태,도로형태,가해운전자 차종,가해운전자 성별,가해운전자 연령,가해운전자 상해정도,피해운전자 차종,피해운전자 성별,피해운전자 연령,피해운전자 상해정도
2018101300100199,2018년 10월 13일 10시,토요일,경상남도 산청군 단성면,사망사고,1,0,0,0,차대사람 - 횡단중,안전운전불이행,포장 - 건조,맑음,단일로 - 기타,이륜,남,45세,상해없음,보행자,여,80세,사망
2018101300100200,2018년 10월 13일 10시,토요일,경상남도 창원시 마산회원구 합성동,중상사고,0,1,0,0,차대사람 - 보도통행중,보행자보호의무위반,포장 - 건조,맑음,교차로 - 교차로횡단보도내,승합,남,60세,상해없음,보행자,여,58세,중상
2018101300100280,2018년 10월 13일 12시,토요일,경상남도 하동군 진교면,경상사고,0,0,1,0,차대사람 - 차도통행중,안전운전불이행,포장 - 건조,맑음,단일로 - 기타,승용,남,77세,상해없음,보행자,여,65세,경상
2018101300100316,2018년 10월 13일 13시,토요일,경상남도 밀양시 삼문동,중상사고,0,1,0,0,차대사람 - 횡단중,보행자보호의무위반,포장 - 건조,맑음,교차로 - 교차로부근,화물,여,65세,상해없음,보행자,여,4세,중상
2018101300100386,2018년 10월 13일 15시,토요일,경상남도 남해군 삼동면,경상사고,0,0,1,0,차대사람 - 기타,안전운전불이행,포장 - 건조,맑음,단일로 - 기타,승용,여,59세,상해없음,보행자,남,54세,경상
2018101300100609,2018년 10월 13일 22시,토요일,경상남도 양산시 북부동,경상사고,0,0,1,0,차대사람 - 차도통행중,안전운전불이행,포장 - 건조,맑음,단일로 - 기타,기타불명,기타불명,미분류,기타불명,보행자,남,20세,경상
2018101400100291,2018년 10월 14일 16시,일요일,경상남도 창원시 의창구 신월동,경상사고,0,0,1,0,차대사람 - 횡단중,안전운전불이행,포장 - 건조,맑음,단일로 - 기타,승용,여,65세,상해없음,보행자,남,59세,경상
2018101400100456,2018년 10월 14일 22시,일요일,경상남도 창원시 의창구 봉곡동,경상사고,0,0,1,0,차대사람 - 기타,안전운전불이행,포장 - 건조,맑음,기타 - 기타,승용,남,65세,상해없음,보행자,남,38세,경상
2018101400100476,2018년 10월 14일 23시,일요일,경상남도 김해시 외동,부상신고사고,0,0,0,1,차대사람 - 기타,안전운전불이행,포장 - 건조,맑음,단일로 - 기타,승용,남,27세,상해없음,보행자,남,51세,부상신고
2018101500100136,2018년 10월 15일 09시,월요일,경상남도 창원시 의창구 도계동,경상사고,0,0,1,0,차대사람 - 기타,안전운전불이행,포장 - 건조,맑음,기타 - 기타,승용,여,49세,상해없음,보행자,여,28세,경상
2018101500100199,2018년 10월 15일 11시,월요일,경상남도 양산시 물금읍,중상사고,0,1,0,0,차대사람 - 횡단중,신호위반,포장 - 건조,맑음,교차로 - 교차로안,승합,남,49세,상해없음,보행자,여,22세,중상
2018101500100221,2018년 10월 15일 12시,월요일,경상남도 산청군 신안면,중상사고,0,1,0,0,차대사람 - 횡단중,보행자보호의무위반,포장 - 건조,맑음,교차로 - 교차로횡단보도내,승합,여,44세,상해없음,보행자,남,82세,중상
2018101500100222,2018년 10월 15일 12시,월요일,경상남도 산청군 생초면,사망사고,1,0,0,0,차대사람 - 길가장자리구역통행중,안전운전불이행,포장 - 건조,맑음,단일로 - 기타,화물,남,66세,상해없음,보행자,남,73세,사망
2018101500100359,2018년 10월 15일 16시,월요일,경상남도 양산시 중부동,중상사고,0,1,0,0,차대사람 - 기타,중앙선침범,포장 - 건조,맑음,단일로 - 기타,자전거,남,61세,상해없음,보행자,여,36세,중상
2018101500100552,2018년 10월 15일 21시,월요일,경상남도 창원시 의창구 봉곡동,중상사고,0,1,0,0,차대사람 - 횡단중,보행자보호의무위반,포장 - 건조,맑음,교차로 - 교차로안,승용,남,55세,상해없음,보행자,남,62세,중상
2018101600100073,2018년 10월 16일 07시,화요일,경상남도 창원시 진해구 안골동,중상사고,0,1,0,0,차대사람 - 기타,안전운전불이행,포장 - 건조,맑음,교차로 - 교차로안,승용,남,40세,상해없음,보행자,남,46세,중상
2018101600100101,2018년 10월 16일 08시,화요일,경상남도 창원시 진해구 덕산동,경상사고,0,0,1,0,차대사람 - 차도통행중,안전운전불이행,포장 - 건조,맑음,단일로 - 기타,승용,여,38세,상해없음,보행자,여,8세,경상
2018101600100135,2018년 10월 16일 09시,화요일,경상남도 창원시 진해구 마천동,중상사고,0,1,0,0,차대사람 - 횡단중,안전운전불이행,포장 - 건조,맑음,단일로 - 기타,승용,여,40세,상해없음,보행자,여,72세,중상
2018101600100197,2018년 10월 16일 11시,화요일,경상남도 창원시 마산회원구 석전동,중상사고,0,1,0,0,차대사람 - 기타,기타,포장 - 건조,맑음,교차로 - 교차로부근,승용,남,68세,상해없음,보행자,여,82세,중상
2018101600100234,2018년 10월 16일 12시,화요일,경상남도 통영시 서호동,중상사고,0,1,0,0,차대사람 - 기타,보행자보호의무위반,포장 - 건조,맑음,단일로 - 기타,화물,남,56세,상해없음,보행자,여,76세,중상
2018101600100263,2018년 10월 16일 13시,화요일,경상남도 통영시 정량동,경상사고,0,0,1,0,차대사람 - 기타,안전운전불이행,포장 - 건조,맑음,단일로 - 기타,이륜,남,63세,상해없음,보행자,남,64세,경상
2018101600100293,2018년 10월 16일 14시,화요일,경상남도 거제시 거제면,경상사고,0,0,1,0,차대사람 - 기타,안전운전불이행,포장 - 건조,맑음,단일로 - 기타,승용,남,38세,상해없음,보행자,남,50세,경상
2018101700100244,2018년 10월 17일 12시,수요일,경상남도 김해시 삼계동,경상사고,0,0,1,0,차대사람 - 횡단중,보행자보호의무위반,포장 - 건조,맑음,단일로 - 기타,화물,남,56세,상해없음,보행자,남,39세,경상
2018101700100377,2018년 10월 17일 15시,수요일,경상남도 진주시 상평동,중상사고,0,1,0,0,차대사람 - 기타,안전운전불이행,포장 - 건조,맑음,단일로 - 기타,기타불명,기타불명,미분류,기타불명,보행자,남,78세,중상
2018101700100378,2018년 10월 17일 15시,수요일,경상남도 밀양시 삼문동,경상사고,0,0,2,0,차대사람 - 횡단중,보행자보호의무위반,포장 - 건조,맑음,교차로 - 교차로횡단보도내,승용,여,36세,상해없음,보행자,여,48세,경상
2018101700100379,2018년 10월 17일 15시,수요일,경상남도 양산시 덕계동,경상사고,0,0,1,0,차대사람 - 기타,안전운전불이행,포장 - 건조,맑음,단일로 - 기타,승용,여,60세,상해없음,보행자,여,44세,경상
2018101700100528,2018년 10월 17일 18시,수요일,경상남도 진주시 이반성면,중상사고,0,1,0,0,차대사람 - 횡단중,안전운전불이행,포장 - 건조,맑음,단일로 - 기타,승용,남,29세,상해없음,보행자,여,80세,중상
2018101700100529,2018년 10월 17일 18시,수요일,경상남도 고성군 마암면,사망사고,1,0,0,0,차대사람 - 횡단중,보행자보호의무위반,포장 - 건조,맑음,단일로 - 기타,승용,남,69세,상해없음,보행자,남,55세,사망
2018101700100530,2018년 10월 17일 18시,수요일,경상남도 거제시 두모동,중상사고,0,1,0,0,차대사람 - 기타,안전운전불이행,포장 - 건조,맑음,단일로 - 기타,승용,남,39세,상해없음,보행자,남,50세,중상
2018101700100668,2018년 10월 17일 23시,수요일,경상남도 김해시 삼정동,중상사고,0,1,0,0,차대사람 - 길가장자리구역통행중,안전운전불이행,포장 - 건조,맑음,단일로 - 기타,승용,여,31세,상해없음,보행자,남,59세,중상
2018101800100079,2018년 10월 18일 07시,목요일,경상남도 창원시 의창구 북면,중상사고,0,1,0,0,차대사람 - 횡단중,신호위반,포장 - 건조,맑음,교차로 - 교차로횡단보도내,승합,남,64세,상해없음,보행자,남,13세,중상
2018101800100168,2018년 10월 18일 09시,목요일,경상남도 합천군 합천읍,중상사고,0,1,0,0,차대사람 - 기타,안전운전불이행,포장 - 건조,맑음,주차장 - 주차장,화물,남,61세,상해없음,보행자,여,79세,중상
2018101800100170,2018년 10월 18일 09시,목요일,경상남도 창원시 의창구 팔용동,경상사고,0,0,1,0,차대사람 - 기타,안전운전불이행,포장 - 건조,맑음,단일로 - 기타,승용,여,60세,상해없음,보행자,여,59세,경상
2018101800100233,2018년 10월 18일 11시,목요일,경상남도 김해시 삼정동,중상사고,0,1,0,0,차대사람 - 횡단중,보행자보호의무위반,포장 - 건조,맑음,교차로 - 교차로횡단보도내,승용,여,49세,상해없음,보행자,남,39세,중상
2018101800100235,2018년 10월 18일 11시,목요일,경상남도 창원시 마산회원구 합성동,중상사고,0,1,0,0,차대사람 - 보도통행중,기타,포장 - 건조,맑음,기타 - 기타,승용,남,68세,상해없음,보행자,남,79세,중상
2018101800100319,2018년 10월 18일 14시,목요일,경상남도 창원시 마산합포구 해운동,경상사고,0,0,1,0,차대사람 - 길가장자리구역통행중,안전운전불이행,포장 - 건조,맑음,단일로 - 기타,승용,여,68세,상해없음,보행자,여,26세,경상
2018101800100362,2018년 10월 18일 15시,목요일,경상남도 거제시 고현동,중상사고,0,1,0,0,차대사람 - 기타,안전운전불이행,포장 - 건조,맑음,단일로 - 기타,승용,남,67세,상해없음,보행자,여,43세,중상
2018101800100409,2018년 10월 18일 16시,목요일,경상남도 양산시 물금읍,경상사고,0,0,1,0,차대사람 - 횡단중,안전운전불이행,포장 - 건조,맑음,교차로 - 교차로안,화물,남,59세,상해없음,보행자,여,77세,경상
2018101800100451,2018년 10월 18일 17시,목요일,경상남도 창원시 의창구 동읍,중상사고,0,1,0,0,차대사람 - 기타,안전운전불이행,포장 - 건조,맑음,단일로 - 기타,승용,남,52세,상해없음,보행자,여,58세,중상
2018101800100609,2018년 10월 18일 20시,목요일,경상남도 창원시 성산구 내동,중상사고,0,1,0,0,차대사람 - 횡단중,안전운전불이행,포장 - 건조,흐림,단일로 - 기타,승용,남,65세,상해없음,보행자,여,74세,중상
2018101800100635,2018년 10월 18일 21시,목요일,경상남도 창원시 마산합포구 해운동,경상사고,0,0,1,0,차대사람 - 횡단중,안전운전불이행,포장 - 건조,맑음,교차로 - 교차로안,승용,남,47세,상해없음,보행자,여,52세,경상
2018101800100675,2018년 10월 18일 22시,목요일,경상남도 진주시 이현동,중상사고,0,1,0,0,차대사람 - 횡단중,보행자보호의무위반,포장 - 건조,맑음,단일로 - 기타,승용,여,31세,상해없음,보행자,여,56세,중상
2018101800100676,2018년 10월 18일 22시,목요일,경상남도 양산시 중부동,경상사고,0,0,1,0,차대사람 - 횡단중,안전운전불이행,포장 - 건조,맑음,단일로 - 기타,승용,남,63세,상해없음,보행자,여,62세,경상
2018101800100677,2018년 10월 18일 22시,목요일,경상남도 창원시 마산회원구 양덕동,중상사고,0,1,0,0,차대사람 - 차도통행중,안전운전불이행,포장 - 건조,맑음,단일로 - 기타,승용,여,42세,상해없음,보행자,남,16세,중상
2018101900100135,2018년 10월 19일 08시,금요일,경상남도 창녕군 남지읍,중상사고,0,1,0,0,차대사람 - 기타,안전운전불이행,포장 - 건조,맑음,교차로 - 교차로안,승용,여,50세,상해없음,보행자,여,86세,중상
2018101900100178,2018년 10월 19일 09시,금요일,경상남도 거창군 거창읍,중상사고,0,1,0,0,차대사람 - 차도통행중,기타,포장 - 건조,맑음,단일로 - 기타,화물,남,42세,상해없음,보행자,여,59세,중상
2018101900100265,2018년 10월 19일 11시,금요일,경상남도 양산시 덕계동,중상사고,0,1,0,0,차대사람 - 기타,안전운전불이행,포장 - 건조,맑음,주차장 - 주차장,승용,여,50세,상해없음,보행자,여,58세,중상
2018101900100313,2018년 10월 19일 12시,금요일,경상남도 사천시 서포면,경상사고,0,0,1,0,차대사람 - 차도통행중,안전운전불이행,포장 - 건조,맑음,단일로 - 기타,승용,여,38세,상해없음,보행자,여,76세,경상
2018101900100315,2018년 10월 19일 12시,금요일,경상남도 거제시 연초면,경상사고,0,0,1,0,차대사람 - 보도통행중,안전운전불이행,포장 - 건조,맑음,단일로 - 기타,기타불명,기타불명,미분류,기타불명,보행자,여,70세,경상
2018101900100438,2018년 10월 19일 15시,금요일,경상남도 창원시 의창구 신월동,경상사고,0,0,1,0,차대사람 - 횡단중,보행자보호의무위반,포장 - 건조,맑음,교차로 - 교차로안,승용,남,52세,상해없음,보행자,여,11세,경상
2018101900100483,2018년 10월 19일 16시,금요일,경상남도 함양군 안의면,경상사고,0,0,2,0,차대사람 - 횡단중,안전운전불이행,포장 - 건조,맑음,단일로 - 기타,이륜,남,78세,경상,보행자,여,67세,경상
2018101900100617,2018년 10월 19일 18시,금요일,경상남도 창원시 진해구 송학동,중상사고,0,1,0,0,차대사람 - 횡단중,보행자보호의무위반,포장 - 건조,맑음,단일로 - 기타,승용,여,26세,상해없음,보행자,남,73세,중상
2018101900100705,2018년 10월 19일 20시,금요일,경상남도 진주시 평거동,경상사고,0,0,1,0,차대사람 - 기타,안전운전불이행,포장 - 건조,맑음,단일로 - 기타,화물,남,31세,상해없음,보행자,여,82세,경상
2018101900100707,2018년 10월 19일 20시,금요일,경상남도 김해시 어방동,경상사고,0,0,1,0,차대사람 - 횡단중,안전운전불이행,포장 - 건조,맑음,단일로 - 기타,승용,여,62세,상해없음,보행자,남,82세,경상
2018101900100799,2018년 10월 19일 23시,금요일,경상남도 하동군 금남면,경상사고,0,0,1,0,차대사람 - 기타,안전운전불이행,포장 - 건조,맑음,단일로 - 기타,화물,여,54세,상해없음,보행자,남,43세,경상
2018102000100011,2018년 10월 20일 00시,토요일,경상남도 거제시 상동동,중상사고,0,1,0,0,차대사람 - 횡단중,보행자보호의무위반,포장 - 건조,맑음,단일로 - 기타,승합,남,53세,상해없음,보행자,남,23세,중상
2018102000100228,2018년 10월 20일 10시,토요일,경상남도 양산시 동면,부상신고사고,0,0,0,1,차대사람 - 기타,안전운전불이행,포장 - 건조,맑음,기타 - 기타,자전거,남,40세,부상신고,보행자,남,59세,상해없음
2018102000100357,2018년 10월 20일 13시,토요일,경상남도 거제시 고현동,중상사고,0,1,0,0,차대사람 - 횡단중,기타,포장 - 건조,맑음,단일로 - 기타,승용,남,57세,상해없음,보행자,남,8세,중상
2018102000100486,2018년 10월 20일 16시,토요일,경상남도 진주시 신안동,중상사고,0,1,0,0,차대사람 - 기타,기타,포장 - 건조,맑음,단일로 - 기타,승합,남,50세,상해없음,보행자,여,57세,중상
2018102000100593,2018년 10월 20일 18시,토요일,경상남도 사천시 선구동,중상사고,0,1,0,0,차대사람 - 횡단중,안전운전불이행,포장 - 건조,맑음,교차로 - 교차로안,승용,남,67세,상해없음,보행자,여,82세,중상
2018102000100731,2018년 10월 20일 21시,토요일,경상남도 사천시 벌리동,경상사고,0,0,1,0,차대사람 - 횡단중,보행자보호의무위반,포장 - 건조,맑음,교차로 - 교차로부근,승용,남,39세,상해없음,보행자,남,58세,경상
2018102100100009,2018년 10월 21일 00시,일요일,경상남도 거제시 능포동,경상사고,0,0,1,0,차대사람 - 횡단중,안전운전불이행,포장 - 건조,맑음,교차로 - 교차로안,승합,남,26세,상해없음,보행자,여,48세,경상
2018102100100099,2018년 10월 21일 08시,일요일,경상남도 진주시 수정동,중상사고,0,1,0,0,차대사람 - 횡단중,보행자보호의무위반,포장 - 건조,맑음,교차로 - 교차로횡단보도내,승용,남,62세,상해없음,보행자,여,78세,중상
2018102100100346,2018년 10월 21일 16시,일요일,경상남도 통영시 도남동,경상사고,0,0,1,0,차대사람 - 기타,안전운전불이행,포장 - 건조,맑음,단일로 - 기타,승용,남,68세,상해없음,보행자,남,9세,경상
2018102100100498,2018년 10월 21일 20시,일요일,경상남도 진주시 신안동,중상사고,0,2,0,0,차대사람 - 차도통행중,안전운전불이행,포장 - 건조,맑음,단일로 - 기타,원동기,남,20세,중상,보행자,남,60세,중상
2018102200100060,2018년 10월 22일 07시,월요일,경상남도 창원시 진해구 도천동,경상사고,0,0,1,0,차대사람 - 기타,안전운전불이행,포장 - 건조,맑음,교차로 - 교차로안,승용,남,27세,상해없음,보행자,남,19세,경상
2018102200100099,2018년 10월 22일 08시,월요일,경상남도 거제시 옥포동,경상사고,0,0,1,0,차대사람 - 횡단중,신호위반,포장 - 건조,맑음,교차로 - 교차로횡단보도내,승용,남,62세,상해없음,보행자,여,18세,경상
2018102200100172,2018년 10월 22일 10시,월요일,경상남도 김해시 부원동,중상사고,0,1,0,0,차대사람 - 길가장자리구역통행중,안전운전불이행,포장 - 건조,맑음,단일로 - 기타,승용,남,58세,상해없음,보행자,여,79세,중상
2018102200100173,2018년 10월 22일 10시,월요일,경상남도 창원시 의창구 팔용동,경상사고,0,0,1,0,차대사람 - 횡단중,보행자보호의무위반,포장 - 건조,맑음,교차로 - 교차로횡단보도내,승용,남,53세,상해없음,보행자,여,42세,경상
2018102200100204,2018년 10월 22일 11시,월요일,경상남도 양산시 중부동,중상사고,0,1,0,0,차대사람 - 횡단중,안전운전불이행,포장 - 건조,맑음,교차로 - 교차로횡단보도내,승합,남,53세,상해없음,보행자,남,73세,중상
2018102200100284,2018년 10월 22일 14시,월요일,경상남도 통영시 서호동,중상사고,0,1,0,0,차대사람 - 기타,기타,포장 - 건조,맑음,단일로 - 기타,승합,남,54세,상해없음,보행자,여,82세,중상
2018102200100321,2018년 10월 22일 15시,월요일,경상남도 사천시 사남면,중상사고,0,1,0,0,차대사람 - 횡단중,보행자보호의무위반,포장 - 건조,맑음,교차로 - 교차로부근,승용,남,24세,상해없음,보행자,여,76세,중상
2018102200100387,2018년 10월 22일 17시,월요일,경상남도 진주시 상봉동,중상사고,0,1,0,0,차대사람 - 횡단중,안전운전불이행,포장 - 건조,맑음,단일로 - 기타,화물,남,48세,상해없음,보행자,여,90세 이상,중상
2018102200100454,2018년 10월 22일 18시,월요일,경상남도 진주시 상대동,경상사고,0,0,1,0,차대사람 - 횡단중,안전운전불이행,포장 - 건조,맑음,교차로 - 교차로부근,승용,남,52세,상해없음,보행자,여,50세,경상
2018102200100455,2018년 10월 22일 18시,월요일,경상남도 진주시 옥봉동,중상사고,0,2,0,0,차대사람 - 횡단중,안전운전불이행,포장 - 건조,맑음,단일로 - 기타,승용,남,42세,상해없음,보행자,남,72세,중상
2018102200100456,2018년 10월 22일 18시,월요일,경상남도 김해시 어방동,경상사고,0,0,1,0,차대사람 - 횡단중,안전운전불이행,포장 - 건조,맑음,교차로 - 교차로부근,승용,남,65세,상해없음,보행자,남,25세,경상
2018102300100229,2018년 10월 23일 11시,화요일,경상남도 창원시 마산합포구 진북면,중상사고,0,1,0,0,차대사람 - 횡단중,안전운전불이행,포장 - 건조,맑음,단일로 - 기타,승용,여,59세,상해없음,보행자,여,84세,중상
2018102300100257,2018년 10월 23일 12시,화요일,경상남도 창원시 성산구 반림동,경상사고,0,0,1,0,차대사람 - 차도통행중,안전운전불이행,포장 - 건조,맑음,단일로 - 기타,승용,남,68세,상해없음,보행자,여,21세,경상
2018102300100334,2018년 10월 23일 15시,화요일,경상남도 양산시 물금읍,중상사고,0,1,0,0,차대사람 - 횡단중,안전운전불이행,포장 - 건조,맑음,교차로 - 교차로안,승합,남,38세,상해없음,보행자,여,81세,중상
2018102300100477,2018년 10월 23일 18시,화요일,경상남도 창원시 의창구 도계동,중상사고,0,1,0,0,차대사람 - 횡단중,보행자보호의무위반,포장 - 건조,맑음,교차로 - 교차로안,승용,여,25세,상해없음,보행자,남,8세,중상
2018102400100136,2018년 10월 24일 08시,수요일,경상남도 거제시 고현동,중상사고,0,1,0,0,차대사람 - 기타,안전운전불이행,포장 - 건조,맑음,단일로 - 기타,화물,남,40세,상해없음,보행자,남,73세,중상
2018102400100180,2018년 10월 24일 09시,수요일,경상남도 진주시 상대동,경상사고,0,0,1,0,차대사람 - 차도통행중,안전운전불이행,포장 - 건조,맑음,단일로 - 기타,승용,남,51세,상해없음,보행자,여,61세,경상
2018102400100181,2018년 10월 24일 09시,수요일,경상남도 김해시 삼계동,중상사고,0,1,0,0,차대사람 - 기타,안전운전불이행,포장 - 건조,맑음,교차로 - 교차로안,승용,남,46세,상해없음,보행자,여,30세,중상
2018102400100182,2018년 10월 24일 09시,수요일,경상남도 의령군 부림면,경상사고,0,0,1,0,차대사람 - 길가장자리구역통행중,안전운전불이행,포장 - 건조,맑음,교차로 - 교차로안,농기계,남,86세,상해없음,보행자,여,62세,경상
2018102400100494,2018년 10월 24일 17시,수요일,경상남도 양산시 어곡동,중상사고,0,1,0,0,차대사람 - 기타,안전운전불이행,포장 - 건조,맑음,단일로 - 기타,화물,남,59세,상해없음,보행자,여,75세,중상
2018102400100566,2018년 10월 24일 18시,수요일,경상남도 의령군 가례면,사망사고,1,0,0,0,차대사람 - 횡단중,안전운전불이행,포장 - 건조,맑음,미분류 - 미분류,승용,여,36세,상해없음,보행자,여,76세,사망
2018102400100568,2018년 10월 24일 18시,수요일,경상남도 창원시 의창구 봉곡동,경상사고,0,0,1,0,차대사람 - 차도통행중,안전운전불이행,포장 - 건조,맑음,단일로 - 기타,이륜,남,24세,상해없음,보행자,남,47세,경상
2018102400100659,2018년 10월 24일 20시,수요일,경상남도 진주시 인사동,경상사고,0,0,1,0,차대사람 - 횡단중,보행자보호의무위반,포장 - 건조,맑음,단일로 - 기타,승용,여,45세,상해없음,보행자,남,34세,경상
2018102400100662,2018년 10월 24일 20시,수요일,경상남도 김해시 어방동,중상사고,0,1,0,0,차대사람 - 횡단중,안전운전불이행,포장 - 건조,맑음,교차로 - 교차로부근,이륜,남,16세,상해없음,보행자,여,22세,중상
2018102400100663,2018년 10월 24일 20시,수요일,경상남도 함안군 군북면,중상사고,0,1,0,0,차대사람 - 기타,안전운전불이행,포장 - 건조,맑음,기타 - 기타,화물,남,56세,상해없음,보행자,남,67세,중상
2018102400100726,2018년 10월 24일 22시,수요일,경상남도 거제시 아주동,중상사고,0,1,0,0,차대사람 - 기타,안전운전불이행,포장 - 건조,맑음,교차로 - 교차로안,화물,남,37세,상해없음,보행자,남,49세,중상
2018102500100028,2018년 10월 25일 02시,목요일,경상남도 진주시 봉곡동,경상사고,0,0,1,0,차대사람 - 기타,안전운전불이행,포장 - 건조,맑음,교차로 - 교차로안,승용,남,43세,상해없음,보행자,남,53세,경상
2018102500100068,2018년 10월 25일 06시,목요일,경상남도 양산시 물금읍,중상사고,0,1,0,0,차대사람 - 횡단중,안전운전불이행,포장 - 건조,맑음,교차로 - 교차로안,승용,남,66세,상해없음,보행자,여,70세,중상
2018102500100405,2018년 10월 25일 15시,목요일,경상남도 김해시 부원동,경상사고,0,0,1,0,차대사람 - 횡단중,안전운전불이행,포장 - 건조,맑음,교차로 - 교차로안,승용,남,28세,상해없음,보행자,남,75세,경상
2018102500100610,2018년 10월 25일 19시,목요일,경상남도 진주시 상대동,중상사고,0,1,0,0,차대사람 - 횡단중,안전운전불이행,포장 - 건조,맑음,교차로 - 교차로부근,승용,남,43세,상해없음,보행자,여,74세,중상
2018102500100611,2018년 10월 25일 19시,목요일,경상남도 사천시 사남면,중상사고,0,1,0,0,차대사람 - 횡단중,안전운전불이행,포장 - 건조,맑음,교차로 - 교차로부근,승용,여,41세,상해없음,보행자,남,57세,중상
2018102500100638,2018년 10월 25일 20시,목요일,경상남도 김해시 삼계동,중상사고,0,1,0,0,차대사람 - 횡단중,신호위반,포장 - 건조,맑음,교차로 - 교차로횡단보도내,원동기,남,18세,상해없음,보행자,남,13세,중상
2018102600100313,2018년 10월 26일 14시,금요일,경상남도 양산시 중부동,경상사고,0,0,1,0,차대사람 - 기타,안전운전불이행,포장 - 건조,맑음,단일로 - 기타,승용,남,60세,상해없음,보행자,남,41세,경상
2018102600100494,2018년 10월 26일 18시,금요일,경상남도 진주시 평거동,중상사고,0,1,0,0,차대사람 - 횡단중,안전운전불이행,포장 - 건조,맑음,단일로 - 기타,화물,남,60세,상해없음,보행자,남,13세,중상
2018102600100496,2018년 10월 26일 18시,금요일,경상남도 창원시 진해구 대죽동,경상사고,0,0,1,0,차대사람 - 횡단중,보행자보호의무위반,포장 - 젖음/습기,비,교차로 - 교차로횡단보도내,승용,여,37세,상해없음,보행자,남,66세,경상
2018102600100501,2018년 10월 26일 18시,금요일,경상남도 함안군 가야읍,사망사고,1,0,0,0,차대사람 - 차도통행중,안전운전불이행,포장 - 젖음/습기,안개,단일로 - 기타,승용,여,22세,상해없음,보행자,남,78세,사망
2018102600100568,2018년 10월 26일 19시,금요일,경상남도 창원시 마산회원구 내서읍,경상사고,0,0,1,0,차대사람 - 횡단중,보행자보호의무위반,포장 - 젖음/습기,흐림,교차로 - 교차로횡단보도내,승용,남,64세,상해없음,보행자,남,53세,경상
2018102600100604,2018년 10월 26일 20시,금요일,경상남도 창원시 마산합포구 신포동1가,경상사고,0,0,1,0,차대사람 - 횡단중,신호위반,포장 - 건조,흐림,교차로 - 교차로부근,승합,남,68세,상해없음,보행자,남,23세,경상
2018102600100649,2018년 10월 26일 21시,금요일,경상남도 김해시 외동,경상사고,0,0,1,0,차대사람 - 길가장자리구역통행중,안전운전불이행,포장 - 건조,맑음,단일로 - 기타,이륜,남,53세,상해없음,보행자,여,85세,경상
2018102600100650,2018년 10월 26일 21시,금요일,경상남도 거제시 고현동,사망사고,1,0,0,0,차대사람 - 차도통행중,안전운전불이행,포장 - 건조,맑음,단일로 - 기타,승용,남,28세,상해없음,보행자,남,53세,사망
2018102700100049,2018년 10월 27일 02시,토요일,경상남도 창원시 마산합포구 산호동,사망사고,1,0,0,0,차대사람 - 횡단중,과속,포장 - 젖음/습기,맑음,교차로 - 교차로안,승용,남,53세,상해없음,보행자,남,56세,사망
2018102700100155,2018년 10월 27일 08시,토요일,경상남도 통영시 도천동,경상사고,0,0,1,0,차대사람 - 기타,안전운전불이행,포장 - 건조,맑음,단일로 - 기타,승용,남,63세,상해없음,보행자,여,89세,경상
2018102700100253,2018년 10월 27일 11시,토요일,경상남도 밀양시 내이동,중상사고,0,1,0,0,차대사람 - 기타,안전운전불이행,포장 - 건조,맑음,단일로 - 기타,화물,남,65세,상해없음,보행자,여,3세,중상
2018102700100288,2018년 10월 27일 12시,토요일,경상남도 거창군 마리면,경상사고,0,0,1,0,차대사람 - 기타,안전운전불이행,포장 - 건조,맑음,단일로 - 기타,승용,여,40세,상해없음,보행자,남,55세,경상
2018102700100315,2018년 10월 27일 13시,토요일,경상남도 창원시 성산구 성주동,중상사고,0,1,0,0,차대사람 - 횡단중,보행자보호의무위반,포장 - 건조,맑음,교차로 - 교차로횡단보도내,승용,남,31세,상해없음,보행자,여,66세,중상
2018102700100362,2018년 10월 27일 14시,토요일,경상남도 김해시 대성동,부상신고사고,0,0,0,1,차대사람 - 길가장자리구역통행중,안전운전불이행,포장 - 건조,맑음,단일로 - 기타,기타불명,기타불명,미분류,기타불명,보행자,여,7세,부상신고
2018102700100363,2018년 10월 27일 14시,토요일,경상남도 창원시 의창구 삼동동,경상사고,0,0,1,0,차대사람 - 횡단중,안전운전불이행,포장 - 건조,맑음,단일로 - 기타,승용,남,46세,상해없음,보행자,여,64세,경상
2018102700100452,2018년 10월 27일 16시,토요일,경상남도 사천시 동금동,경상사고,0,0,1,0,차대사람 - 횡단중,보행자보호의무위반,포장 - 건조,맑음,교차로 - 교차로횡단보도내,승용,남,41세,상해없음,보행자,여,52세,경상
2018102700100545,2018년 10월 27일 18시,토요일,경상남도 진주시 수정동,중상사고,0,1,1,0,차대사람 - 차도통행중,보행자보호의무위반,포장 - 건조,맑음,단일로 - 기타,승용,남,66세,상해없음,보행자,여,8세,중상