사고번호,사고일시,요일,시군구,사고내용,사망자수,중상자수,경상자수,부상신고자수,사고유형,법규위반,노면상태,기상상태,도로형태,가해운전자 차종,가해운전자 성별,가해운전자 연령,가해운전자 상해정도,피해운전자 차종,피해운전자 성별,피해운전자 연령,피해운전자 상해정도
2019022400100362,2019년 2월 24일 19시,일요일,경상남도 진주시 상대동,중상사고,0,1,0,0,차대사람 - 횡단중,보행자보호의무위반,포장 - 건조,맑음,교차로 - 교차로부근,승용,여,36세,상해없음,보행자,여,73세,중상
2019022400100364,2019년 2월 24일 19시,일요일,경상남도 양산시 삼호동,중상사고,0,1,0,0,차대사람 - 횡단중,안전운전불이행,포장 - 건조,맑음,교차로 - 교차로부근,승용,남,43세,상해없음,보행자,여,53세,중상
2019022400100366,2019년 2월 24일 19시,일요일,경상남도 산청군 신안면,중상사고,0,1,0,0,차대사람 - 횡단중,안전운전불이행,포장 - 건조,맑음,단일로 - 지하차도(도로)내,승용,여,53세,상해없음,보행자,여,56세,중상
2019022400100367,2019년 2월 24일 19시,일요일,경상남도 김해시 한림면,중상사고,0,1,0,0,차대사람 - 횡단중,안전운전불이행,포장 - 건조,맑음,교차로 - 교차로안,승용,남,22세,상해없음,보행자,남,38세,중상
2019022400100414,2019년 2월 24일 21시,일요일,경상남도 사천시 벌리동,중상사고,0,1,0,0,차대사람 - 길가장자리구역통행중,안전운전불이행,포장 - 건조,맑음,기타 - 기타,화물,남,44세,상해없음,보행자,남,68세,중상
2019022500100074,2019년 2월 25일 06시,월요일,경상남도 사천시 사천읍,중상사고,0,1,0,0,차대사람 - 횡단중,신호위반,포장 - 건조,맑음,교차로 - 교차로횡단보도내,승용,여,47세,상해없음,보행자,여,79세,중상
2019022500100141,2019년 2월 25일 09시,월요일,경상남도 밀양시 내일동,경상사고,0,0,1,0,차대사람 - 횡단중,보행자보호의무위반,포장 - 건조,맑음,교차로 - 교차로안,승용,여,50세,상해없음,보행자,남,63세,경상
2019022500100186,2019년 2월 25일 10시,월요일,경상남도 진주시 금곡면,중상사고,0,1,0,0,차대사람 - 횡단중,보행자보호의무위반,포장 - 건조,맑음,단일로 - 기타,승용,여,48세,상해없음,보행자,남,7세,중상
2019022500100321,2019년 2월 25일 14시,월요일,경상남도 창원시 의창구 팔용동,사망사고,1,0,0,0,차대사람 - 횡단중,과속,포장 - 건조,맑음,단일로 - 기타,이륜,남,36세,상해없음,보행자,여,67세,사망
2019022500100420,2019년 2월 25일 17시,월요일,경상남도 거창군 거창읍,중상사고,0,1,0,0,차대사람 - 기타,기타,포장 - 건조,맑음,단일로 - 기타,승용,여,57세,상해없음,보행자,남,34세,중상
2019022500100507,2019년 2월 25일 19시,월요일,경상남도 밀양시 내이동,중상사고,0,1,0,0,차대사람 - 기타,안전운전불이행,포장 - 건조,맑음,주차장 - 주차장,승합,남,47세,상해없음,보행자,남,60세,중상
2019022500100509,2019년 2월 25일 19시,월요일,경상남도 거제시 장평동,경상사고,0,0,1,0,차대사람 - 횡단중,안전운전불이행,포장 - 건조,맑음,단일로 - 지하차도(도로)내,승용,남,63세,상해없음,보행자,남,25세,경상
2019022500100584,2019년 2월 25일 22시,월요일,경상남도 양산시 평산동,경상사고,0,0,1,1,차대사람 - 기타,안전운전불이행,포장 - 건조,맑음,단일로 - 기타,자전거,남,15세,부상신고,보행자,남,58세,경상
2019022600100073,2019년 2월 26일 06시,화요일,경상남도 의령군 의령읍,경상사고,0,0,1,0,차대사람 - 길가장자리구역통행중,안전운전불이행,포장 - 건조,맑음,단일로 - 지하차도(도로)내,승용,남,65세,상해없음,보행자,남,61세,경상
2019022600100084,2019년 2월 26일 07시,화요일,경상남도 김해시 외동,경상사고,0,0,1,0,차대사람 - 횡단중,보행자보호의무위반,포장 - 건조,맑음,단일로 - 기타,승용,남,44세,상해없음,보행자,여,53세,경상
2019022600100177,2019년 2월 26일 10시,화요일,경상남도 사천시 벌리동,중상사고,0,1,0,0,차대사람 - 횡단중,안전운전불이행,포장 - 건조,맑음,단일로 - 기타,승용,여,63세,상해없음,보행자,여,84세,중상
2019022600100207,2019년 2월 26일 11시,화요일,경상남도 통영시 도남동,경상사고,0,0,1,0,차대사람 - 횡단중,안전운전불이행,포장 - 건조,맑음,주차장 - 주차장,승용,남,34세,상해없음,보행자,남,4세,경상
2019022600100437,2019년 2월 26일 18시,화요일,경상남도 진주시 상평동,경상사고,0,0,1,0,차대사람 - 기타,안전운전불이행,포장 - 건조,맑음,교차로 - 교차로부근,승용,남,55세,상해없음,보행자,여,48세,경상
2019022600100498,2019년 2월 26일 20시,화요일,경상남도 김해시 삼정동,중상사고,0,1,0,0,차대사람 - 기타,안전운전불이행,포장 - 건조,맑음,교차로 - 교차로부근,승용,남,62세,상해없음,보행자,여,52세,중상
2019022600100571,2019년 2월 26일 23시,화요일,경상남도 창원시 마산회원구 내서읍,중상사고,0,1,0,0,차대사람 - 기타,안전운전불이행,포장 - 건조,맑음,단일로 - 기타,승용,남,61세,상해없음,보행자,여,33세,중상
2019022700100074,2019년 2월 27일 06시,수요일,경상남도 창원시 진해구 태평동,중상사고,0,1,0,0,차대사람 - 횡단중,보행자보호의무위반,포장 - 건조,흐림,단일로 - 기타,승용,남,43세,상해없음,보행자,여,80세,중상
2019022700100323,2019년 2월 27일 15시,수요일,경상남도 통영시 태평동,경상사고,0,0,1,0,차대사람 - 차도통행중,안전운전불이행,포장 - 건조,맑음,단일로 - 기타,승용,여,51세,상해없음,보행자,남,56세,경상
2019022700100352,2019년 2월 27일 16시,수요일,경상남도 거제시 상동동,경상사고,0,0,1,0,차대사람 - 횡단중,보행자보호의무위반,포장 - 건조,맑음,교차로 - 교차로부근,승용,여,40세,상해없음,보행자,남,13세,경상
2019022700100480,2019년 2월 27일 19시,수요일,경상남도 진주시 신안동,경상사고,0,0,1,0,차대사람 - 횡단중,안전운전불이행,포장 - 건조,맑음,교차로 - 교차로안,화물,남,57세,상해없음,보행자,남,57세,경상
2019022700100531,2019년 2월 27일 21시,수요일,경상남도 창원시 진해구 화천동,중상사고,0,1,0,0,차대사람 - 기타,안전운전불이행,포장 - 건조,맑음,단일로 - 기타,승용,남,22세,상해없음,보행자,남,50세,중상
2019022700100532,2019년 2월 27일 21시,수요일,경상남도 사천시 사남면,경상사고,0,0,1,0,차대사람 - 횡단중,안전운전불이행,포장 - 건조,맑음,교차로 - 교차로안,승용,남,65세,상해없음,보행자,남,34세,경상
2019022700100533,2019년 2월 27일 21시,수요일,경상남도 김해시 대성동,경상사고,0,0,1,0,차대사람 - 횡단중,안전운전불이행,포장 - 건조,흐림,교차로 - 교차로안,승용,남,40세,상해없음,보행자,여,18세,경상
2019022800100087,2019년 2월 28일 06시,목요일,경상남도 창원시 의창구 동정동,중상사고,0,1,0,0,차대사람 - 횡단중,신호위반,포장 - 건조,맑음,교차로 - 교차로횡단보도내,승용,남,66세,상해없음,보행자,여,67세,중상
2019022800100350,2019년 2월 28일 15시,목요일,경상남도 사천시 사천읍,경상사고,0,0,1,0,차대사람 - 차도통행중,안전운전불이행,포장 - 건조,맑음,기타 - 기타,승용,여,41세,상해없음,보행자,남,79세,경상
2019022800100352,2019년 2월 28일 15시,목요일,경상남도 창원시 의창구 북면,경상사고,0,0,1,0,차대사람 - 보도통행중,기타,포장 - 건조,맑음,교차로 - 교차로횡단보도내,승용,남,74세,상해없음,보행자,여,40세,경상
2019022800100425,2019년 2월 28일 17시,목요일,경상남도 거제시 일운면,중상사고,0,1,0,0,차대사람 - 횡단중,보행자보호의무위반,포장 - 건조,맑음,교차로 - 교차로횡단보도내,건설기계,남,63세,상해없음,보행자,남,62세,중상
2019022800100514,2019년 2월 28일 19시,목요일,경상남도 통영시 무전동,경상사고,0,0,1,0,차대사람 - 보도통행중,안전운전불이행,포장 - 건조,맑음,교차로 - 교차로안,승용,남,53세,상해없음,보행자,남,29세,경상
2019022800100557,2019년 2월 28일 20시,목요일,경상남도 밀양시 삼문동,경상사고,0,0,1,0,차대사람 - 횡단중,보행자보호의무위반,포장 - 건조,맑음,단일로 - 기타,화물,남,19세,상해없음,보행자,여,14세,경상
2019022800100558,2019년 2월 28일 20시,목요일,경상남도 창원시 의창구 봉곡동,부상신고사고,0,0,0,1,차대사람 - 차도통행중,안전운전불이행,포장 - 건조,맑음,단일로 - 기타,승합,남,45세,상해없음,보행자,남,57세,부상신고
2019022800100632,2019년 2월 28일 23시,목요일,경상남도 창원시 의창구 봉곡동,경상사고,0,0,1,0,차대사람 - 보도통행중,안전운전불이행,포장 - 건조,맑음,교차로 - 교차로안,승합,남,46세,상해없음,보행자,남,57세,경상
2019030100100352,2019년 3월 1일 17시,금요일,경상남도 통영시 정량동,경상사고,0,0,1,0,차대사람 - 횡단중,안전운전불이행,포장 - 건조,맑음,단일로 - 기타,승용,남,56세,상해없음,보행자,여,24세,경상
2019030100100382,2019년 3월 1일 18시,금요일,경상남도 창원시 성산구 상남동,경상사고,0,0,1,0,차대사람 - 횡단중,보행자보호의무위반,포장 - 건조,맑음,단일로 - 기타,승용,여,43세,상해없음,보행자,남,15세,경상
2019030100100441,2019년 3월 1일 20시,금요일,경상남도 통영시 광도면,중상사고,0,1,0,0,차대사람 - 횡단중,안전운전불이행,포장 - 건조,맑음,단일로 - 기타,승용,여,29세,상해없음,보행자,여,59세,중상
2019030200100115,2019년 3월 2일 09시,토요일,경상남도 양산시 남부동,중상사고,0,1,0,0,차대사람 - 횡단중,보행자보호의무위반,포장 - 건조,맑음,교차로 - 교차로안,승용,남,62세,상해없음,보행자,여,73세,중상
2019030200100406,2019년 3월 2일 19시,토요일,경상남도 통영시 도산면,중상사고,0,1,0,0,차대사람 - 횡단중,안전운전불이행,포장 - 건조,맑음,교차로 - 교차로횡단보도내,승용,남,57세,상해없음,보행자,여,77세,중상
2019030200100407,2019년 3월 2일 19시,토요일,경상남도 거제시 장승포동,경상사고,0,0,1,0,차대사람 - 차도통행중,안전운전불이행,포장 - 건조,맑음,단일로 - 기타,승용,여,45세,상해없음,보행자,남,53세,경상
2019030200100408,2019년 3월 2일 19시,토요일,경상남도 창원시 마산회원구 회성동,중상사고,0,1,0,0,차대사람 - 횡단중,신호위반,포장 - 건조,맑음,교차로 - 교차로안,화물,남,57세,상해없음,보행자,남,58세,중상
2019030200100439,2019년 3월 2일 20시,토요일,경상남도 진주시 신안동,경상사고,0,0,1,0,차대사람 - 횡단중,보행자보호의무위반,포장 - 건조,맑음,단일로 - 기타,기타불명,기타불명,미분류,기타불명,보행자,여,58세,경상
2019030200100440,2019년 3월 2일 20시,토요일,경상남도 밀양시 상남면,사망사고,1,0,0,0,차대사람 - 횡단중,안전운전불이행,포장 - 건조,맑음,교차로 - 교차로부근,승합,남,62세,상해없음,보행자,남,55세,사망
2019030200100503,2019년 3월 2일 23시,토요일,경상남도 진주시 옥봉동,중상사고,0,1,1,0,차대사람 - 횡단중,보행자보호의무위반,포장 - 건조,맑음,단일로 - 기타,승용,남,42세,상해없음,보행자,남,59세,경상
2019030200100504,2019년 3월 2일 23시,토요일,경상남도 창원시 의창구 팔용동,중상사고,0,1,0,0,차대사람 - 횡단중,안전운전불이행,포장 - 건조,맑음,교차로 - 교차로안,승용,남,25세,상해없음,보행자,여,30세,중상
2019030300100261,2019년 3월 3일 17시,일요일,경상남도 산청군 신안면,중상사고,0,1,0,0,차대사람 - 횡단중,안전운전불이행,포장 - 건조,맑음,단일로 - 기타,승용,남,25세,상해없음,보행자,여,11세,중상
2019030300100317,2019년 3월 3일 19시,일요일,경상남도 거제시 사등면,중상사고,0,1,0,0,차대사람 - 횡단중,보행자보호의무위반,포장 - 건조,맑음,교차로 - 교차로부근,화물,남,45세,상해없음,보행자,여,14세,중상
2019030400100146,2019년 3월 4일 10시,월요일,경상남도 창원시 진해구 여좌동,경상사고,0,0,1,0,차대사람 - 횡단중,안전운전불이행,포장 - 건조,맑음,교차로 - 교차로횡단보도내,승용,여,59세,상해없음,보행자,여,77세,경상
2019030400100171,2019년 3월 4일 11시,월요일,경상남도 통영시 북신동,경상사고,0,0,1,0,차대사람 - 기타,안전운전불이행,포장 - 건조,맑음,주차장 - 주차장,승용,남,55세,상해없음,보행자,여,66세,경상
2019030400100172,2019년 3월 4일 11시,월요일,경상남도 함양군 함양읍,중상사고,0,1,0,0,차대사람 - 차도통행중,안전운전불이행,포장 - 건조,맑음,단일로 - 기타,승용,여,65세,상해없음,보행자,여,66세,중상
2019030400100263,2019년 3월 4일 14시,월요일,경상남도 창원시 마산합포구 창포동3가,중상사고,0,1,0,0,차대사람 - 횡단중,안전운전불이행,포장 - 건조,맑음,교차로 - 교차로안,승용,남,26세,상해없음,보행자,여,75세,중상
2019030400100264,2019년 3월 4일 14시,월요일,경상남도 창원시 진해구 태평동,경상사고,0,0,1,0,차대사람 - 보도통행중,보행자보호의무위반,포장 - 건조,맑음,단일로 - 기타,승용,여,29세,상해없음,보행자,남,71세,경상
2019030400100339,2019년 3월 4일 16시,월요일,경상남도 합천군 덕곡면,사망사고,1,0,0,0,차대사람 - 길가장자리구역통행중,안전운전불이행,포장 - 건조,맑음,단일로 - 기타,화물,남,72세,상해없음,보행자,여,82세,사망
2019030400100419,2019년 3월 4일 18시,월요일,경상남도 창원시 마산회원구 양덕동,경상사고,0,0,1,0,차대사람 - 횡단중,보행자보호의무위반,포장 - 건조,맑음,교차로 - 교차로횡단보도내,이륜,남,21세,상해없음,보행자,남,13세,경상
2019030400100464,2019년 3월 4일 19시,월요일,경상남도 거제시 능포동,경상사고,0,0,1,0,차대사람 - 횡단중,안전운전불이행,포장 - 건조,맑음,단일로 - 기타,승용,남,69세,상해없음,보행자,남,5세,경상
2019030400100552,2019년 3월 4일 23시,월요일,경상남도 창원시 마산회원구 구암동,중상사고,0,1,0,0,차대사람 - 횡단중,보행자보호의무위반,포장 - 건조,맑음,교차로 - 교차로횡단보도내,승용,남,48세,상해없음,보행자,남,20세,중상
2019030500100271,2019년 3월 5일 13시,화요일,경상남도 거창군 거창읍,중상사고,0,1,0,0,차대사람 - 횡단중,안전운전불이행,포장 - 건조,맑음,단일로 - 기타,승용,남,41세,상해없음,보행자,여,80세,중상
2019030500100359,2019년 3월 5일 16시,화요일,경상남도 거제시 상동동,중상사고,0,1,0,0,차대사람 - 횡단중,보행자보호의무위반,포장 - 건조,맑음,교차로 - 교차로안,승용,여,35세,상해없음,보행자,남,4세,중상
2019030500100360,2019년 3월 5일 16시,화요일,경상남도 거제시 고현동,경상사고,0,0,1,0,차대사람 - 기타,신호위반,포장 - 건조,맑음,교차로 - 교차로안,승용,남,56세,상해없음,보행자,여,39세,경상
2019030500100445,2019년 3월 5일 19시,화요일,경상남도 고성군 영오면,중상사고,0,1,0,0,차대사람 - 차도통행중,안전운전불이행,포장 - 건조,맑음,교차로 - 교차로안,화물,남,36세,기타불명,보행자,남,12세,중상
2019030600100033,2019년 3월 6일 01시,수요일,경상남도 창원시 성산구 중앙동,중상사고,0,1,0,0,차대사람 - 길가장자리구역통행중,안전운전불이행,포장 - 건조,맑음,단일로 - 기타,승용,남,26세,상해없음,보행자,남,39세,중상
2019030600100096,2019년 3월 6일 07시,수요일,경상남도 합천군 대양면,중상사고,0,1,0,0,차대사람 - 횡단중,과속,포장 - 건조,흐림,교차로 - 교차로부근,화물,남,65세,상해없음,보행자,여,81세,중상
2019030600100140,2019년 3월 6일 08시,수요일,경상남도 창원시 성산구 상남동,중상사고,0,1,0,0,차대사람 - 기타,안전운전불이행,포장 - 젖음/습기,비,교차로 - 교차로부근,승합,남,36세,상해없음,보행자,여,54세,중상
2019030600100173,2019년 3월 6일 09시,수요일,경상남도 사천시 사남면,중상사고,0,1,0,0,차대사람 - 보도통행중,기타,포장 - 젖음/습기,흐림,단일로 - 기타,화물,남,68세,상해없음,보행자,여,27세,중상
2019030600100234,2019년 3월 6일 11시,수요일,경상남도 김해시 어방동,경상사고,0,0,1,0,차대사람 - 기타,안전운전불이행,포장 - 젖음/습기,비,단일로 - 기타,화물,여,62세,상해없음,보행자,남,74세,경상
2019030600100289,2019년 3월 6일 13시,수요일,경상남도 창원시 의창구 소답동,경상사고,0,0,1,0,차대사람 - 길가장자리구역통행중,안전운전불이행,포장 - 건조,맑음,교차로 - 교차로안,승용,남,25세,상해없음,보행자,남,21세,경상
2019030600100445,2019년 3월 6일 18시,수요일,경상남도 사천시 용현면,중상사고,0,1,0,0,차대사람 - 기타,안전운전불이행,포장 - 건조,맑음,단일로 - 기타,승용,여,40세,상해없음,보행자,남,62세,중상
2019030600100488,2019년 3월 6일 19시,수요일,경상남도 밀양시 내이동,경상사고,0,0,1,0,차대사람 - 횡단중,보행자보호의무위반,포장 - 건조,흐림,교차로 - 교차로안,승용,남,38세,상해없음,보행자,여,75세,경상
2019030600100489,2019년 3월 6일 19시,수요일,경상남도 창원시 성산구 상남동,중상사고,0,1,0,0,차대사람 - 차도통행중,안전운전불이행,포장 - 건조,맑음,단일로 - 기타,승용,여,31세,상해없음,보행자,여,55세,중상
2019030600100553,2019년 3월 6일 21시,수요일,경상남도 양산시 중부동,중상사고,0,1,0,0,차대사람 - 횡단중,안전운전불이행,포장 - 건조,맑음,교차로 - 교차로안,승용,여,36세,기타불명,보행자,여,74세,중상
2019030700100141,2019년 3월 7일 08시,목요일,경상남도 사천시 대방동,중상사고,0,1,0,0,차대사람 - 횡단중,보행자보호의무위반,포장 - 건조,맑음,교차로 - 교차로횡단보도내,화물,남,60세,상해없음,보행자,여,46세,중상
2019030700100256,2019년 3월 7일 12시,목요일,경상남도 통영시 항남동,중상사고,0,1,0,0,차대사람 - 차도통행중,안전운전불이행,포장 - 건조,맑음,교차로 - 교차로안,승용,남,54세,상해없음,보행자,여,69세,중상
2019030700100285,2019년 3월 7일 13시,목요일,경상남도 양산시 소주동,사망사고,1,0,0,0,차대사람 - 횡단중,안전운전불이행,포장 - 건조,맑음,교차로 - 교차로안,화물,남,43세,상해없음,보행자,여,88세,사망
2019030700100387,2019년 3월 7일 16시,목요일,경상남도 거제시 양정동,중상사고,0,1,0,0,차대사람 - 횡단중,보행자보호의무위반,포장 - 건조,맑음,교차로 - 교차로횡단보도내,승용,여,37세,상해없음,보행자,여,7세,중상
2019030700100506,2019년 3월 7일 19시,목요일,경상남도 창원시 진해구 용원동,경상사고,0,0,1,0,차대사람 - 길가장자리구역통행중,안전운전불이행,포장 - 건조,맑음,단일로 - 기타,승용,남,45세,상해없음,보행자,남,38세,경상
2019030700100547,2019년 3월 7일 20시,목요일,경상남도 창원시 의창구 북면,중상사고,0,1,0,0,차대사람 - 차도통행중,안전운전불이행,포장 - 건조,맑음,기타 - 기타,기타불명,기타불명,미분류,기타불명,보행자,남,78세,중상
2019030800100155,2019년 3월 8일 08시,금요일,경상남도 김해시 삼계동,경상사고,0,0,1,0,차대사람 - 횡단중,안전운전불이행,포장 - 건조,맑음,교차로 - 교차로횡단보도내,승용,여,44세,상해없음,보행자,여,28세,경상
2019030800100274,2019년 3월 8일 11시,금요일,경상남도 진주시 장대동,경상사고,0,0,1,0,차대사람 - 횡단중,보행자보호의무위반,포장 - 건조,맑음,교차로 - 교차로횡단보도내,승용,남,70세,상해없음,보행자,여,39세,경상
2019030800100275,2019년 3월 8일 11시,금요일,경상남도 창원시 의창구 봉곡동,경상사고,0,0,1,0,차대사람 - 횡단중,보행자보호의무위반,포장 - 건조,맑음,교차로 - 교차로부근,승합,남,37세,상해없음,보행자,여,72세,경상
2019030800100317,2019년 3월 8일 12시,금요일,경상남도 의령군 유곡면,사망사고,1,0,0,0,차대사람 - 길가장자리구역통행중,안전운전불이행,포장 - 건조,맑음,단일로 - 지하차도(도로)내,화물,남,53세,상해없음,보행자,남,82세,사망
2019030800100354,2019년 3월 8일 13시,금요일,경상남도 통영시 서호동,경상사고,0,0,1,0,차대사람 - 기타,기타,포장 - 건조,맑음,기타 - 기타,승용,남,59세,상해없음,보행자,여,73세,경상
2019030800100462,2019년 3월 8일 16시,금요일,경상남도 통영시 북신동,중상사고,0,1,0,0,차대사람 - 차도통행중,안전운전불이행,포장 - 건조,맑음,단일로 - 기타,화물,남,53세,상해없음,보행자,여,90세 이상,중상
2019030800100463,2019년 3월 8일 16시,금요일,경상남도 양산시 평산동,경상사고,0,0,1,0,차대사람 - 기타,안전운전불이행,포장 - 건조,맑음,단일로 - 기타,승용,여,58세,상해없음,보행자,남,56세,경상
2019030800100560,2019년 3월 8일 18시,금요일,경상남도 김해시 구산동,중상사고,0,1,0,0,차대사람 - 횡단중,보행자보호의무위반,포장 - 건조,맑음,교차로 - 교차로횡단보도내,승용,여,34세,상해없음,보행자,여,62세,중상
2019030900100050,2019년 3월 9일 01시,토요일,경상남도 김해시 삼방동,중상사고,0,1,0,0,차대사람 - 기타,안전운전불이행,포장 - 건조,맑음,교차로 - 교차로부근,화물,남,47세,상해없음,보행자,남,43세,중상
2019030900100051,2019년 3월 9일 01시,토요일,경상남도 김해시 진영읍,사망사고,1,0,1,0,차대사람 - 횡단중,안전운전불이행,포장 - 건조,맑음,단일로 - 기타,화물,남,25세,경상,보행자,남,40세,사망
2019030900100097,2019년 3월 9일 05시,토요일,경상남도 사천시 벌리동,중상사고,0,1,0,0,차대사람 - 횡단중,보행자보호의무위반,포장 - 건조,맑음,교차로 - 교차로안,승용,남,64세,상해없음,보행자,남,77세,중상
2019030900100209,2019년 3월 9일 10시,토요일,경상남도 거제시 장승포동,중상사고,0,1,0,0,차대사람 - 기타,안전운전불이행,포장 - 건조,맑음,단일로 - 지하차도(도로)내,승용,남,55세,상해없음,보행자,여,47세,중상
2019030900100307,2019년 3월 9일 13시,토요일,경상남도 진주시 상대동,중상사고,0,1,0,0,차대사람 - 보도통행중,기타,포장 - 건조,맑음,기타 - 기타,승용,여,48세,상해없음,보행자,남,62세,중상
2019030900100342,2019년 3월 9일 14시,토요일,경상남도 양산시 원동면,부상신고사고,0,0,0,1,차대사람 - 차도통행중,안전운전불이행,포장 - 건조,맑음,단일로 - 기타,승용,남,42세,상해없음,보행자,남,55세,부상신고
2019030900100601,2019년 3월 9일 21시,토요일,경상남도 남해군 창선면,중상사고,0,1,0,0,차대사람 - 길가장자리구역통행중,안전운전불이행,포장 - 건조,흐림,단일로 - 기타,승합,남,59세,상해없음,보행자,남,63세,중상
2019031000100043,2019년 3월 10일 01시,일요일,경상남도 김해시 내동,경상사고,0,0,1,0,차대사람 - 횡단중,보행자보호의무위반,포장 - 젖음/습기,비,교차로 - 교차로횡단보도내,기타불명,기타불명,미분류,기타불명,보행자,남,23세,경상
2019031000100131,2019년 3월 10일 09시,일요일,경상남도 김해시 삼계동,중상사고,0,1,0,0,차대사람 - 횡단중,안전운전불이행,포장 - 젖음/습기,흐림,교차로 - 교차로횡단보도내,승용,남,45세,상해없음,보행자,남,28세,중상
2019031000100178,2019년 3월 10일 12시,일요일,경상남도 양산시 원동면,경상사고,0,0,1,0,차대사람 - 기타,안전운전불이행,포장 - 젖음/습기,비,단일로 - 기타,승용,남,53세,상해없음,보행자,남,41세,경상
2019031000100259,2019년 3월 10일 15시,일요일,경상남도 김해시 대청동,중상사고,0,1,0,0,차대사람 - 횡단중,안전운전불이행,포장 - 젖음/습기,비,교차로 - 교차로안,승용,남,41세,상해없음,보행자,남,64세,중상
2019031000100348,2019년 3월 10일 18시,일요일,경상남도 진주시 상대동,중상사고,0,1,0,0,차대사람 - 횡단중,안전운전불이행,포장 - 건조,맑음,교차로 - 교차로안,승용,남,38세,상해없음,보행자,남,62세,중상
2019031000100350,2019년 3월 10일 18시,일요일,경상남도 창원시 마산회원구 석전동,경상사고,0,0,1,0,차대사람 - 횡단중,신호위반,포장 - 젖음/습기,맑음,단일로 - 기타,화물,남,41세,상해없음,보행자,여,59세,경상
2019031000100389,2019년 3월 10일 19시,일요일,경상남도 양산시 물금읍,중상사고,0,1,0,0,차대사람 - 횡단중,보행자보호의무위반,포장 - 젖음/습기,비,교차로 - 교차로횡단보도내,기타불명,기타불명,미분류,기타불명,보행자,남,31세,중상
2019031000100424,2019년 3월 10일 20시,일요일,경상남도 밀양시 내이동,부상신고사고,0,0,0,1,차대사람 - 기타,안전운전불이행,포장 - 건조,맑음,단일로 - 기타,승용,남,21세,상해없음,보행자,남,25세,부상신고
2019031000100473,2019년 3월 10일 22시,일요일,경상남도 창원시 성산구 반지동,경상사고,0,0,1,0,차대사람 - 기타,안전운전불이행,포장 - 건조,맑음,단일로 - 기타,기타불명,기타불명,미분류,기타불명,보행자,여,35세,경상
2019031100100087,2019년 3월 11일 07시,월요일,경상남도 김해시 외동,경상사고,0,0,1,0,차대사람 - 기타,보행자보호의무위반,포장 - 건조,맑음,단일로 - 기타,승용,남,59세,상해없음,보행자,여,13세,경상
2019031100100088,2019년 3월 11일 07시,월요일,경상남도 김해시 서상동,중상사고,0,1,0,0,차대사람 - 횡단중,보행자보호의무위반,포장 - 건조,맑음,교차로 - 교차로횡단보도내,승용,남,37세,상해없음,보행자,남,18세,중상
2019031100100164,2019년 3월 11일 09시,월요일,경상남도 진주시 호탄동,중상사고,0,1,0,0,차대사람 - 횡단중,보행자보호의무위반,포장 - 건조,맑음,단일로 - 기타,승용,여,54세,상해없음,보행자,여,62세,중상
2019031100100232,2019년 3월 11일 12시,월요일,경상남도 사천시 서동,중상사고,0,1,0,0,차대사람 - 길가장자리구역통행중,안전운전불이행,포장 - 건조,맑음,교차로 - 교차로부근,승용,여,35세,상해없음,보행자,여,84세,중상
2019031100100337,2019년 3월 11일 15시,월요일,경상남도 창원시 진해구 경화동,경상사고,0,0,1,0,차대사람 - 길가장자리구역통행중,안전운전불이행,포장 - 건조,맑음,단일로 - 기타,승용,여,57세,상해없음,보행자,남,56세,경상
2019031100100338,2019년 3월 11일 15시,월요일,경상남도 양산시 북정동,중상사고,0,1,0,0,차대사람 - 횡단중,보행자보호의무위반,포장 - 건조,맑음,교차로 - 교차로안,승용,여,34세,상해없음,보행자,남,7세,중상
2019031100100489,2019년 3월 11일 19시,월요일,경상남도 양산시 명동,중상사고,0,1,0,0,차대사람 - 횡단중,신호위반,포장 - 건조,맑음,교차로 - 교차로횡단보도내,승용,여,40세,상해없음,보행자,여,4세,중상
2019031100100521,2019년 3월 11일 20시,월요일,경상남도 창원시 마산회원구 내서읍,중상사고,0,1,0,0,차대사람 - 횡단중,안전운전불이행,포장 - 건조,맑음,단일로 - 기타,승용,여,25세,상해없음,보행자,여,13세,중상
2019031100100596,2019년 3월 11일 23시,월요일,경상남도 사천시 사천읍,중상사고,0,1,0,0,차대사람 - 차도통행중,안전운전불이행,포장 - 건조,맑음,교차로 - 교차로부근,승용,남,53세,상해없음,보행자,남,46세,중상
2019031200100058,2019년 3월 12일 05시,화요일,경상남도 진주시 신안동,중상사고,0,1,0,0,차대사람 - 횡단중,안전운전불이행,포장 - 건조,맑음,교차로 - 교차로부근,승용,남,54세,상해없음,보행자,여,76세,중상
2019031200100130,2019년 3월 12일 08시,화요일,경상남도 거제시 고현동,경상사고,0,0,1,0,차대사람 - 횡단중,안전운전불이행,포장 - 건조,맑음,교차로 - 교차로안,화물,남,28세,상해없음,보행자,여,51세,경상
2019031200100159,2019년 3월 12일 09시,화요일,경상남도 남해군 남해읍,중상사고,0,1,0,0,차대사람 - 차도통행중,안전운전불이행,포장 - 건조,맑음,단일로 - 기타,화물,남,68세,상해없음,보행자,여,82세,중상
2019031200100218,2019년 3월 12일 11시,화요일,경상남도 사천시 사천읍,경상사고,0,0,1,0,차대사람 - 차도통행중,안전운전불이행,포장 - 건조,맑음,단일로 - 기타,승용,여,32세,상해없음,보행자,여,61세,경상