사고번호,사고일시,요일,시군구,사고내용,사망자수,중상자수,경상자수,부상신고자수,사고유형,법규위반,노면상태,기상상태,도로형태,가해운전자 차종,가해운전자 성별,가해운전자 연령,가해운전자 상해정도,피해운전자 차종,피해운전자 성별,피해운전자 연령,피해운전자 상해정도
2019042400100144,2019년 4월 24일 07시,수요일,경상남도 함안군 가야읍,중상사고,0,1,0,0,차대사람 - 차도통행중,안전거리미확보,포장 - 젖음/습기,비,단일로 - 기타,승용,여,56세,상해없음,보행자,남,90세 이상,중상
2019042400100191,2019년 4월 24일 08시,수요일,경상남도 김해시 삼방동,경상사고,0,0,1,0,차대사람 - 횡단중,보행자보호의무위반,포장 - 젖음/습기,비,단일로 - 기타,화물,남,35세,상해없음,보행자,여,17세,경상
2019042400100280,2019년 4월 24일 11시,수요일,경상남도 통영시 무전동,경상사고,0,0,1,0,차대사람 - 기타,불법유턴,포장 - 건조,맑음,단일로 - 기타,승용,여,32세,상해없음,보행자,남,26세,경상
2019042400100305,2019년 4월 24일 12시,수요일,경상남도 창원시 마산합포구 진북면,중상사고,0,1,0,0,차대사람 - 차도통행중,안전운전불이행,포장 - 건조,맑음,교차로 - 교차로안,승용,남,77세,상해없음,보행자,남,81세,중상
2019042400100369,2019년 4월 24일 14시,수요일,경상남도 사천시 동금동,경상사고,0,0,1,0,차대사람 - 횡단중,안전운전불이행,포장 - 건조,맑음,교차로 - 교차로안,승용,여,64세,기타불명,보행자,남,73세,경상
2019042400100370,2019년 4월 24일 14시,수요일,경상남도 합천군 대병면,중상사고,0,1,0,0,차대사람 - 길가장자리구역통행중,안전운전불이행,포장 - 건조,맑음,교차로 - 교차로안,화물,남,62세,상해없음,보행자,여,78세,중상
2019042400100535,2019년 4월 24일 18시,수요일,경상남도 김해시 삼방동,중상사고,0,1,0,0,차대사람 - 횡단중,안전운전불이행,포장 - 건조,맑음,교차로 - 교차로횡단보도내,승용,여,49세,상해없음,보행자,남,60세,중상
2019042400100579,2019년 4월 24일 19시,수요일,경상남도 김해시 구산동,중상사고,0,1,0,0,차대사람 - 횡단중,신호위반,포장 - 건조,맑음,교차로 - 교차로횡단보도내,승용,남,53세,상해없음,보행자,여,50세,중상
2019042500100041,2019년 4월 25일 02시,목요일,경상남도 창원시 성산구 상남동,중상사고,0,1,0,0,차대사람 - 횡단중,보행자보호의무위반,포장 - 건조,맑음,교차로 - 교차로안,승용,남,31세,상해없음,보행자,여,24세,중상
2019042500100061,2019년 4월 25일 05시,목요일,경상남도 진주시 하대동,중상사고,0,1,0,0,차대사람 - 기타,안전운전불이행,포장 - 젖음/습기,흐림,단일로 - 기타,승용,여,43세,상해없음,보행자,여,39세,중상
2019042500100062,2019년 4월 25일 05시,목요일,경상남도 사천시 용현면,사망사고,1,0,0,0,차대사람 - 횡단중,안전운전불이행,포장 - 젖음/습기,흐림,단일로 - 기타,승용,남,85세,상해없음,보행자,여,85세,사망
2019042500100242,2019년 4월 25일 11시,목요일,경상남도 창녕군 대합면,사망사고,1,0,0,0,차대사람 - 기타,안전운전불이행,포장 - 젖음/습기,흐림,단일로 - 기타,화물,남,61세,상해없음,보행자,남,51세,사망
2019042500100403,2019년 4월 25일 16시,목요일,경상남도 거제시 고현동,경상사고,0,0,1,0,차대사람 - 횡단중,안전운전불이행,포장 - 건조,맑음,단일로 - 기타,승용,여,35세,상해없음,보행자,여,39세,경상
2019042500100491,2019년 4월 25일 18시,목요일,경상남도 진주시 평거동,중상사고,0,1,0,0,차대사람 - 기타,안전운전불이행,포장 - 젖음/습기,흐림,단일로 - 기타,승용,여,33세,상해없음,보행자,남,35세,중상
2019042500100492,2019년 4월 25일 18시,목요일,경상남도 사천시 향촌동,경상사고,0,0,1,0,차대사람 - 차도통행중,안전운전불이행,포장 - 건조,맑음,교차로 - 교차로안,승용,여,52세,상해없음,보행자,남,62세,경상
2019042500100596,2019년 4월 25일 20시,목요일,경상남도 진주시 가좌동,중상사고,0,1,0,0,차대사람 - 횡단중,신호위반,포장 - 젖음/습기,비,단일로 - 기타,화물,남,73세,상해없음,보행자,여,19세,중상
2019042500100597,2019년 4월 25일 20시,목요일,경상남도 거제시 옥포동,경상사고,0,0,1,0,차대사람 - 차도통행중,신호위반,포장 - 건조,맑음,단일로 - 기타,승용,여,45세,상해없음,보행자,남,37세,경상
2019042500100638,2019년 4월 25일 21시,목요일,경상남도 함안군 가야읍,경상사고,0,0,1,0,차대사람 - 횡단중,안전운전불이행,포장 - 건조,맑음,교차로 - 교차로안,원동기,남,30세,상해없음,보행자,남,11세,경상
2019042600100067,2019년 4월 26일 01시,금요일,경상남도 양산시 물금읍,경상사고,0,0,1,0,차대사람 - 기타,신호위반,포장 - 젖음/습기,비,교차로 - 교차로횡단보도내,이륜,남,19세,상해없음,보행자,여,22세,경상
2019042600100069,2019년 4월 26일 01시,금요일,경상남도 창원시 마산합포구 산호동,중상사고,0,1,0,0,차대사람 - 차도통행중,안전운전불이행,포장 - 건조,맑음,단일로 - 기타,승합,남,37세,상해없음,보행자,남,40세,중상
2019042600100130,2019년 4월 26일 07시,금요일,경상남도 김해시 삼계동,중상사고,0,1,0,0,차대사람 - 횡단중,보행자보호의무위반,포장 - 건조,맑음,교차로 - 교차로횡단보도내,승용,여,50세,상해없음,보행자,여,49세,중상
2019042600100168,2019년 4월 26일 08시,금요일,경상남도 김해시 진영읍,중상사고,0,1,0,0,차대사람 - 횡단중,안전운전불이행,포장 - 건조,맑음,단일로 - 기타,승용,여,29세,상해없음,보행자,남,15세,중상
2019042600100233,2019년 4월 26일 10시,금요일,경상남도 함안군 대산면,경상사고,0,0,1,0,차대사람 - 기타,안전운전불이행,포장 - 건조,맑음,주차장 - 주차장,화물,남,56세,상해없음,보행자,여,87세,경상
2019042600100297,2019년 4월 26일 12시,금요일,경상남도 창원시 진해구 경화동,사망사고,1,0,0,0,차대사람 - 횡단중,보행자보호의무위반,포장 - 건조,맑음,교차로 - 교차로횡단보도내,화물,남,60세,상해없음,보행자,남,90세 이상,사망
2019042600100477,2019년 4월 26일 17시,금요일,경상남도 양산시 명동,중상사고,0,1,0,0,차대사람 - 횡단중,안전운전불이행,포장 - 젖음/습기,흐림,교차로 - 교차로횡단보도내,화물,남,64세,상해없음,보행자,남,33세,중상
2019042600100584,2019년 4월 26일 19시,금요일,경상남도 거창군 거창읍,중상사고,0,1,0,0,차대사람 - 횡단중,안전운전불이행,포장 - 젖음/습기,비,단일로 - 기타,승용,남,46세,상해없음,보행자,여,79세,중상
2019042600100630,2019년 4월 26일 20시,금요일,경상남도 창원시 마산회원구 구암동,중상사고,0,1,0,0,차대사람 - 횡단중,보행자보호의무위반,포장 - 젖음/습기,비,교차로 - 교차로안,승용,남,33세,상해없음,보행자,남,71세,중상
2019042600100678,2019년 4월 26일 21시,금요일,경상남도 김해시 진례면,경상사고,0,0,1,0,차대사람 - 횡단중,안전운전불이행,포장 - 건조,맑음,교차로 - 교차로안,승용,남,43세,상해없음,보행자,남,78세,경상
2019042700100066,2019년 4월 27일 01시,토요일,경상남도 김해시 외동,중상사고,0,1,0,0,차대사람 - 횡단중,보행자보호의무위반,포장 - 건조,맑음,단일로 - 기타,승용,남,24세,상해없음,보행자,남,52세,중상
2019042700100325,2019년 4월 27일 12시,토요일,경상남도 사천시 사천읍,경상사고,0,0,1,0,차대사람 - 차도통행중,안전운전불이행,포장 - 건조,맑음,단일로 - 기타,화물,남,40세,상해없음,보행자,남,76세,경상
2019042700100621,2019년 4월 27일 20시,토요일,경상남도 진주시 초전동,경상사고,0,0,1,0,차대사람 - 기타,안전운전불이행,포장 - 건조,맑음,단일로 - 기타,이륜,남,17세,상해없음,보행자,여,48세,경상
2019042700100710,2019년 4월 27일 23시,토요일,경상남도 창원시 의창구 봉곡동,중상사고,0,1,0,0,차대사람 - 횡단중,안전운전불이행,포장 - 건조,맑음,교차로 - 교차로안,이륜,남,39세,상해없음,보행자,남,71세,중상
2019042800100225,2019년 4월 28일 13시,일요일,경상남도 창원시 마산회원구 합성동,경상사고,0,0,1,0,차대사람 - 횡단중,보행자보호의무위반,포장 - 건조,맑음,단일로 - 기타,승용,여,45세,상해없음,보행자,여,38세,경상
2019042800100253,2019년 4월 28일 14시,일요일,경상남도 합천군 가회면,경상사고,0,0,1,0,차대사람 - 길가장자리구역통행중,안전운전불이행,포장 - 건조,맑음,주차장 - 주차장,화물,남,69세,상해없음,보행자,남,63세,경상
2019042800100314,2019년 4월 28일 16시,일요일,경상남도 김해시 진영읍,경상사고,0,0,1,0,차대사람 - 횡단중,안전운전불이행,포장 - 건조,맑음,단일로 - 기타,승용,여,34세,상해없음,보행자,남,7세,경상
2019042800100457,2019년 4월 28일 21시,일요일,경상남도 합천군 합천읍,경상사고,0,0,1,0,차대사람 - 길가장자리구역통행중,안전운전불이행,포장 - 건조,맑음,교차로 - 교차로부근,화물,남,60세,상해없음,보행자,여,71세,경상
2019042800100495,2019년 4월 28일 23시,일요일,경상남도 김해시 삼정동,중상사고,0,1,0,0,차대사람 - 기타,안전운전불이행,포장 - 건조,맑음,교차로 - 교차로안,승용,남,33세,상해없음,보행자,남,51세,중상
2019042900100110,2019년 4월 29일 07시,월요일,경상남도 창원시 마산회원구 구암동,경상사고,0,0,1,0,차대사람 - 횡단중,안전운전불이행,포장 - 건조,맑음,교차로 - 교차로안,승용,여,40세,상해없음,보행자,여,90세 이상,경상
2019042900100146,2019년 4월 29일 08시,월요일,경상남도 고성군 고성읍,중상사고,0,1,0,0,차대사람 - 보도통행중,보행자보호의무위반,포장 - 건조,맑음,교차로 - 교차로안,승용,여,37세,상해없음,보행자,남,81세,중상
2019042900100179,2019년 4월 29일 09시,월요일,경상남도 거제시 거제면,중상사고,0,2,1,0,차대사람 - 기타,안전운전불이행,포장 - 젖음/습기,흐림,단일로 - 지하차도(도로)내,화물,남,70세,상해없음,보행자,여,63세,중상
2019042900100180,2019년 4월 29일 09시,월요일,경상남도 거제시 거제면,경상사고,0,0,1,0,차대사람 - 차도통행중,안전운전불이행,포장 - 건조,맑음,단일로 - 기타,승용,남,72세,상해없음,보행자,여,78세,경상
2019042900100522,2019년 4월 29일 18시,월요일,경상남도 창원시 의창구 중동,경상사고,0,0,1,0,차대사람 - 기타,안전운전불이행,포장 - 젖음/습기,비,단일로 - 기타,승합,남,64세,상해없음,보행자,남,25세,경상
2019042900100580,2019년 4월 29일 20시,월요일,경상남도 통영시 명정동,경상사고,0,0,1,0,차대사람 - 횡단중,보행자보호의무위반,포장 - 젖음/습기,비,교차로 - 교차로횡단보도내,승용,남,30세,상해없음,보행자,남,32세,경상
2019042900100603,2019년 4월 29일 21시,월요일,경상남도 김해시 어방동,부상신고사고,0,0,0,1,차대사람 - 차도통행중,안전운전불이행,포장 - 건조,맑음,교차로 - 교차로안,승용,남,53세,상해없음,보행자,남,41세,부상신고
2019043000100138,2019년 4월 30일 08시,화요일,경상남도 진주시 판문동,중상사고,0,1,0,0,차대사람 - 기타,안전운전불이행,포장 - 건조,맑음,교차로 - 교차로안,승용,여,51세,상해없음,보행자,여,65세,중상
2019043000100367,2019년 4월 30일 15시,화요일,경상남도 김해시 진영읍,중상사고,0,1,0,0,차대사람 - 차도통행중,안전운전불이행,포장 - 건조,맑음,교차로 - 교차로횡단보도내,특수,남,53세,상해없음,보행자,남,85세,중상
2019043000100582,2019년 4월 30일 21시,화요일,경상남도 창원시 마산합포구 완월동,중상사고,0,1,0,0,차대사람 - 기타,안전운전불이행,포장 - 건조,맑음,교차로 - 교차로부근,화물,남,61세,상해없음,보행자,남,16세,중상
2019050100100057,2019년 5월 1일 01시,수요일,경상남도 창원시 마산회원구 합성동,사망사고,1,0,0,0,차대사람 - 차도통행중,과속,포장 - 건조,맑음,단일로 - 지하차도(도로)내,승용,남,62세,상해없음,보행자,여,85세,사망
2019050100100209,2019년 5월 1일 11시,수요일,경상남도 창원시 의창구 팔용동,경상사고,0,0,1,0,차대사람 - 기타,안전운전불이행,포장 - 건조,맑음,주차장 - 주차장,승용,남,50세,상해없음,보행자,여,37세,경상
2019050100100282,2019년 5월 1일 13시,수요일,경상남도 함안군 가야읍,경상사고,0,0,1,0,차대사람 - 횡단중,신호위반,포장 - 건조,맑음,교차로 - 교차로횡단보도내,화물,여,66세,상해없음,보행자,여,10세,경상
2019050100100357,2019년 5월 1일 15시,수요일,경상남도 창원시 마산합포구 해운동,중상사고,0,1,0,0,차대사람 - 횡단중,안전운전불이행,포장 - 건조,맑음,단일로 - 기타,이륜,남,24세,상해없음,보행자,여,81세,중상
2019050100100393,2019년 5월 1일 16시,수요일,경상남도 김해시 삼방동,중상사고,0,1,0,0,차대사람 - 기타,기타,포장 - 건조,맑음,단일로 - 기타,승용,남,45세,상해없음,보행자,여,33세,중상
2019050100100394,2019년 5월 1일 16시,수요일,경상남도 거제시 옥포동,경상사고,0,0,1,0,차대사람 - 횡단중,안전운전불이행,포장 - 건조,맑음,교차로 - 교차로부근,승용,남,69세,상해없음,보행자,여,22세,경상
2019050100100395,2019년 5월 1일 16시,수요일,경상남도 창원시 성산구 중앙동,중상사고,0,1,0,0,차대사람 - 횡단중,보행자보호의무위반,포장 - 건조,맑음,교차로 - 교차로안,승합,남,62세,상해없음,보행자,여,55세,중상
2019050100100428,2019년 5월 1일 17시,수요일,경상남도 창원시 진해구 이동,경상사고,0,0,1,0,차대사람 - 기타,안전운전불이행,포장 - 건조,맑음,단일로 - 기타,승용,여,59세,상해없음,보행자,남,44세,경상
2019050100100556,2019년 5월 1일 21시,수요일,경상남도 진주시 평거동,중상사고,0,1,0,0,차대사람 - 횡단중,안전운전불이행,포장 - 건조,맑음,단일로 - 기타,승용,남,57세,상해없음,보행자,여,67세,중상
2019050200100192,2019년 5월 2일 09시,목요일,경상남도 함양군 함양읍,경상사고,0,0,1,0,차대사람 - 보도통행중,안전운전불이행,포장 - 건조,맑음,단일로 - 기타,승용,여,57세,상해없음,보행자,남,90세 이상,경상
2019050200100193,2019년 5월 2일 09시,목요일,경상남도 양산시 원동면,중상사고,0,1,0,0,차대사람 - 기타,중앙선침범,포장 - 건조,맑음,단일로 - 기타,승용,여,65세,상해없음,보행자,남,64세,중상
2019050200100296,2019년 5월 2일 12시,목요일,경상남도 창원시 진해구 청안동,중상사고,0,1,0,0,차대사람 - 기타,안전운전불이행,포장 - 건조,맑음,기타 - 기타,승용,남,45세,상해없음,보행자,여,74세,중상
2019050200100369,2019년 5월 2일 14시,목요일,경상남도 창원시 마산합포구 신포동2가,경상사고,0,0,1,0,차대사람 - 차도통행중,안전운전불이행,포장 - 건조,맑음,교차로 - 교차로부근,승용,남,29세,상해없음,보행자,여,75세,경상
2019050200100413,2019년 5월 2일 15시,목요일,경상남도 창원시 성산구 상남동,중상사고,0,1,0,0,차대사람 - 횡단중,신호위반,포장 - 건조,맑음,교차로 - 교차로안,승용,여,39세,상해없음,보행자,여,39세,중상
2019050200100414,2019년 5월 2일 15시,목요일,경상남도 창원시 의창구 중동,경상사고,0,0,1,0,차대사람 - 기타,보행자보호의무위반,포장 - 건조,맑음,교차로 - 교차로안,승용,남,72세,상해없음,보행자,남,67세,경상
2019050200100446,2019년 5월 2일 16시,목요일,경상남도 창원시 의창구 팔용동,중상사고,0,1,0,0,차대사람 - 횡단중,보행자보호의무위반,포장 - 건조,맑음,교차로 - 교차로안,승용,남,65세,상해없음,보행자,여,27세,중상
2019050200100495,2019년 5월 2일 17시,목요일,경상남도 진주시 상대동,경상사고,0,0,1,0,차대사람 - 횡단중,안전운전불이행,포장 - 건조,맑음,단일로 - 기타,화물,남,56세,상해없음,보행자,여,17세,경상
2019050200100652,2019년 5월 2일 21시,목요일,경상남도 진주시 상대동,중상사고,0,1,0,0,차대사람 - 차도통행중,안전운전불이행,포장 - 건조,맑음,단일로 - 기타,승합,남,50세,상해없음,보행자,남,54세,중상
2019050300100066,2019년 5월 3일 03시,금요일,경상남도 양산시 물금읍,부상신고사고,0,0,0,1,차대사람 - 기타,안전운전불이행,포장 - 건조,맑음,단일로 - 기타,기타불명,기타불명,미분류,기타불명,보행자,남,40세,부상신고
2019050300100168,2019년 5월 3일 08시,금요일,경상남도 김해시 진영읍,중상사고,0,1,0,0,차대사람 - 기타,안전운전불이행,포장 - 건조,맑음,단일로 - 기타,승합,남,44세,상해없음,보행자,남,57세,중상
2019050300100242,2019년 5월 3일 10시,금요일,경상남도 양산시 중부동,중상사고,0,1,0,0,차대사람 - 기타,안전운전불이행,포장 - 건조,맑음,교차로 - 교차로안,승용,여,54세,상해없음,보행자,여,77세,중상
2019050300100279,2019년 5월 3일 11시,금요일,경상남도 창녕군 부곡면,중상사고,0,1,0,0,차대사람 - 기타,기타,포장 - 건조,맑음,교차로 - 교차로부근,승합,남,47세,상해없음,보행자,여,67세,중상
2019050300100310,2019년 5월 3일 12시,금요일,경상남도 김해시 구산동,경상사고,0,0,1,0,차대사람 - 횡단중,보행자보호의무위반,포장 - 건조,맑음,교차로 - 교차로횡단보도내,기타불명,기타불명,미분류,기타불명,보행자,여,50세,경상
2019050300100386,2019년 5월 3일 14시,금요일,경상남도 창원시 마산합포구 산호동,경상사고,0,0,1,0,차대사람 - 횡단중,안전운전불이행,포장 - 건조,맑음,교차로 - 교차로부근,승용,남,71세,상해없음,보행자,여,7세,경상
2019050300100431,2019년 5월 3일 15시,금요일,경상남도 김해시 봉황동,경상사고,0,0,1,0,차대사람 - 기타,안전운전불이행,포장 - 건조,맑음,단일로 - 기타,승용,여,38세,상해없음,보행자,여,49세,경상
2019050300100432,2019년 5월 3일 15시,금요일,경상남도 김해시 외동,경상사고,0,0,1,0,차대사람 - 기타,안전운전불이행,포장 - 건조,맑음,단일로 - 기타,승용,여,63세,상해없음,보행자,여,8세,경상
2019050300100537,2019년 5월 3일 17시,금요일,경상남도 창원시 진해구 용원동,경상사고,0,0,1,0,차대사람 - 횡단중,보행자보호의무위반,포장 - 건조,맑음,교차로 - 교차로횡단보도내,승용,여,64세,상해없음,보행자,여,10세,경상
2019050300100601,2019년 5월 3일 18시,금요일,경상남도 의령군 의령읍,경상사고,0,0,1,0,차대사람 - 차도통행중,안전운전불이행,포장 - 건조,맑음,교차로 - 교차로부근,화물,남,26세,상해없음,보행자,남,54세,경상
2019050400100118,2019년 5월 4일 06시,토요일,경상남도 김해시 한림면,중상사고,0,1,0,0,차대사람 - 횡단중,안전운전불이행,포장 - 건조,맑음,교차로 - 교차로부근,승용,남,68세,상해없음,보행자,남,57세,중상
2019050400100130,2019년 5월 4일 07시,토요일,경상남도 의령군 지정면,사망사고,1,0,0,0,차대사람 - 차도통행중,중앙선침범,포장 - 건조,맑음,교차로 - 교차로부근,화물,남,60세,상해없음,보행자,여,83세,사망
2019050400100153,2019년 5월 4일 08시,토요일,경상남도 김해시 대동면,중상사고,0,1,0,0,차대사람 - 기타,안전운전불이행,포장 - 건조,맑음,단일로 - 기타,승합,남,36세,상해없음,보행자,여,64세,중상
2019050400100208,2019년 5월 4일 10시,토요일,경상남도 양산시 동면,중상사고,0,1,0,0,차대사람 - 기타,안전운전불이행,포장 - 건조,맑음,단일로 - 기타,승용,남,50세,상해없음,보행자,여,49세,중상
2019050400100382,2019년 5월 4일 14시,토요일,경상남도 창원시 진해구 수송동,중상사고,0,1,0,0,차대사람 - 횡단중,보행자보호의무위반,포장 - 건조,맑음,교차로 - 교차로횡단보도내,승용,남,46세,상해없음,보행자,남,51세,중상
2019050400100383,2019년 5월 4일 14시,토요일,경상남도 김해시 삼방동,중상사고,0,1,0,0,차대사람 - 횡단중,안전운전불이행,포장 - 건조,맑음,교차로 - 교차로부근,화물,남,65세,상해없음,보행자,여,24세,중상
2019050400100430,2019년 5월 4일 15시,토요일,경상남도 산청군 산청읍,경상사고,0,0,1,0,차대사람 - 보도통행중,안전운전불이행,포장 - 건조,맑음,단일로 - 기타,승용,여,67세,상해없음,보행자,남,66세,경상
2019050400100510,2019년 5월 4일 17시,토요일,경상남도 산청군 신등면,중상사고,0,1,0,0,차대사람 - 기타,안전운전불이행,포장 - 건조,맑음,단일로 - 기타,화물,남,63세,상해없음,보행자,남,6세,중상
2019050400100644,2019년 5월 4일 21시,토요일,경상남도 김해시 대성동,중상사고,0,1,0,0,차대사람 - 횡단중,신호위반,포장 - 건조,맑음,교차로 - 교차로횡단보도내,승용,남,71세,상해없음,보행자,남,52세,중상
2019050500100030,2019년 5월 5일 00시,일요일,경상남도 통영시 광도면,중상사고,0,2,0,0,차대사람 - 횡단중,안전운전불이행,포장 - 건조,맑음,단일로 - 기타,승용,남,40세,상해없음,보행자,남,40세,중상
2019050500100063,2019년 5월 5일 02시,일요일,경상남도 밀양시 삼문동,경상사고,0,0,1,0,차대사람 - 기타,안전운전불이행,포장 - 건조,맑음,단일로 - 기타,승용,여,21세,상해없음,보행자,남,27세,경상
2019050500100354,2019년 5월 5일 15시,일요일,경상남도 통영시 도남동,경상사고,0,0,1,0,차대사람 - 기타,안전운전불이행,포장 - 건조,맑음,단일로 - 기타,승용,남,64세,상해없음,보행자,여,55세,경상
2019050500100469,2019년 5월 5일 18시,일요일,경상남도 밀양시 삼문동,경상사고,0,0,1,0,차대사람 - 차도통행중,안전운전불이행,포장 - 건조,맑음,교차로 - 교차로안,승용,남,24세,상해없음,보행자,남,26세,경상
2019050600100119,2019년 5월 6일 08시,월요일,경상남도 창원시 마산합포구 신포동1가,중상사고,0,1,0,0,차대사람 - 보도통행중,신호위반,포장 - 건조,맑음,교차로 - 교차로횡단보도내,이륜,남,76세,상해없음,보행자,여,54세,중상
2019050600100255,2019년 5월 6일 13시,월요일,경상남도 진주시 호탄동,경상사고,0,0,1,0,차대사람 - 횡단중,안전운전불이행,포장 - 건조,맑음,교차로 - 교차로부근,승용,여,23세,상해없음,보행자,여,75세,경상
2019050600100305,2019년 5월 6일 14시,월요일,경상남도 창원시 마산합포구 중앙동1가,경상사고,0,0,1,0,차대사람 - 기타,안전운전불이행,포장 - 건조,맑음,단일로 - 기타,이륜,남,18세,상해없음,보행자,남,46세,경상
2019050600100307,2019년 5월 6일 14시,월요일,경상남도 사천시 선구동,중상사고,0,1,0,0,차대사람 - 기타,안전운전불이행,포장 - 건조,맑음,단일로 - 기타,특수,남,46세,상해없음,보행자,남,37세,중상
2019050600100511,2019년 5월 6일 19시,월요일,경상남도 창원시 진해구 태평동,경상사고,0,0,1,0,차대사람 - 횡단중,보행자보호의무위반,포장 - 젖음/습기,비,교차로 - 교차로횡단보도내,승합,남,62세,상해없음,보행자,남,20세,경상
2019050600100512,2019년 5월 6일 19시,월요일,경상남도 밀양시 상남면,사망사고,1,0,0,0,차대사람 - 차도통행중,안전운전불이행,포장 - 건조,맑음,단일로 - 기타,화물,남,76세,상해없음,보행자,남,46세,사망
2019050600100588,2019년 5월 6일 22시,월요일,경상남도 창원시 마산합포구 중앙동3가,중상사고,0,1,0,0,차대사람 - 횡단중,신호위반,포장 - 젖음/습기,비,교차로 - 교차로횡단보도내,이륜,남,30세,상해없음,보행자,남,45세,중상
2019050700100153,2019년 5월 7일 08시,화요일,경상남도 진주시 신안동,경상사고,0,0,1,0,차대사람 - 횡단중,보행자보호의무위반,포장 - 건조,맑음,교차로 - 교차로횡단보도내,화물,남,41세,상해없음,보행자,남,18세,경상
2019050700100244,2019년 5월 7일 10시,화요일,경상남도 창원시 진해구 안골동,경상사고,0,0,1,0,차대사람 - 횡단중,보행자보호의무위반,포장 - 건조,맑음,교차로 - 교차로횡단보도내,기타불명,기타불명,미분류,기타불명,보행자,여,37세,경상
2019050700100440,2019년 5월 7일 15시,화요일,경상남도 진주시 하대동,경상사고,0,0,1,0,차대사람 - 횡단중,보행자보호의무위반,포장 - 건조,맑음,단일로 - 기타,건설기계,남,45세,상해없음,보행자,여,74세,경상
2019050700100442,2019년 5월 7일 15시,화요일,경상남도 창원시 성산구 중앙동,중상사고,0,1,0,0,차대사람 - 횡단중,보행자보호의무위반,포장 - 건조,맑음,교차로 - 교차로안,승용,여,35세,상해없음,보행자,여,32세,중상
2019050700100488,2019년 5월 7일 16시,화요일,경상남도 창원시 마산회원구 구암동,경상사고,0,0,1,0,차대사람 - 기타,안전운전불이행,포장 - 건조,맑음,교차로 - 교차로부근,승용,남,57세,상해없음,보행자,여,12세,경상
2019050700100585,2019년 5월 7일 18시,화요일,경상남도 창원시 마산회원구 내서읍,중상사고,0,1,0,0,차대사람 - 보도통행중,기타,포장 - 건조,맑음,단일로 - 기타,승용,남,30세,상해없음,보행자,여,51세,중상
2019050700100671,2019년 5월 7일 20시,화요일,경상남도 김해시 삼정동,중상사고,0,1,1,0,차대사람 - 횡단중,보행자보호의무위반,포장 - 건조,맑음,교차로 - 교차로횡단보도내,승용,남,51세,상해없음,보행자,여,51세,중상
2019050700100692,2019년 5월 7일 21시,화요일,경상남도 거창군 거창읍,중상사고,0,1,0,0,차대사람 - 차도통행중,안전운전불이행,포장 - 건조,맑음,교차로 - 교차로안,승용,남,51세,상해없음,보행자,남,62세,중상
2019050800100237,2019년 5월 8일 10시,수요일,경상남도 밀양시 무안면,중상사고,0,1,0,0,차대사람 - 횡단중,안전운전불이행,포장 - 건조,맑음,교차로 - 교차로안,화물,여,49세,상해없음,보행자,여,82세,중상
2019050800100406,2019년 5월 8일 15시,수요일,경상남도 김해시 어방동,중상사고,0,1,0,0,차대사람 - 횡단중,보행자보호의무위반,포장 - 건조,맑음,단일로 - 기타,승용,남,25세,상해없음,보행자,여,31세,중상
2019050800100407,2019년 5월 8일 15시,수요일,경상남도 양산시 북부동,경상사고,0,0,1,0,차대사람 - 기타,안전운전불이행,비포장 - 건조,맑음,기타 - 기타,승용,남,63세,상해없음,보행자,남,58세,경상
2019050800100454,2019년 5월 8일 16시,수요일,경상남도 밀양시 상남면,중상사고,0,1,0,0,차대사람 - 횡단중,안전운전불이행,포장 - 건조,맑음,기타 - 기타,승용,여,53세,상해없음,보행자,남,50세,중상
2019050800100455,2019년 5월 8일 16시,수요일,경상남도 창원시 마산회원구 회성동,경상사고,0,0,1,0,차대사람 - 기타,안전운전불이행,포장 - 건조,맑음,단일로 - 지하차도(도로)내,승합,남,59세,상해없음,보행자,남,10세,경상
2019050800100588,2019년 5월 8일 19시,수요일,경상남도 창원시 의창구 사림동,경상사고,0,0,1,0,차대사람 - 횡단중,보행자보호의무위반,포장 - 건조,맑음,교차로 - 교차로안,승용,여,53세,상해없음,보행자,여,68세,경상
2019050800100668,2019년 5월 8일 21시,수요일,경상남도 창원시 성산구 중앙동,중상사고,0,1,0,0,차대사람 - 횡단중,안전운전불이행,포장 - 건조,맑음,교차로 - 교차로안,승용,여,45세,상해없음,보행자,여,64세,중상
2019050900100051,2019년 5월 9일 03시,목요일,경상남도 거제시 고현동,중상사고,0,1,0,0,차대사람 - 기타,안전운전불이행,포장 - 건조,맑음,단일로 - 기타,화물,남,37세,상해없음,보행자,남,39세,중상
2019050900100105,2019년 5월 9일 07시,목요일,경상남도 거제시 고현동,중상사고,0,1,0,0,차대사람 - 기타,안전운전불이행,포장 - 건조,맑음,단일로 - 기타,승용,여,45세,상해없음,보행자,여,17세,중상
2019050900100255,2019년 5월 9일 11시,목요일,경상남도 거제시 고현동,중상사고,0,1,0,0,차대사람 - 횡단중,보행자보호의무위반,포장 - 건조,맑음,교차로 - 교차로횡단보도내,승용,남,61세,상해없음,보행자,여,53세,중상
2019050900100256,2019년 5월 9일 11시,목요일,경상남도 창원시 성산구 반지동,중상사고,0,1,0,0,차대사람 - 횡단중,보행자보호의무위반,포장 - 건조,맑음,교차로 - 교차로횡단보도내,화물,남,60세,상해없음,보행자,남,77세,중상
2019050900100393,2019년 5월 9일 15시,목요일,경상남도 하동군 옥종면,경상사고,0,0,1,0,차대사람 - 기타,안전운전불이행,포장 - 건조,맑음,단일로 - 기타,화물,남,51세,상해없음,보행자,여,83세,경상