사고번호,사고일시,요일,시군구,사고내용,사망자수,중상자수,경상자수,부상신고자수,사고유형,법규위반,노면상태,기상상태,도로형태,가해운전자 차종,가해운전자 성별,가해운전자 연령,가해운전자 상해정도,피해운전자 차종,피해운전자 성별,피해운전자 연령,피해운전자 상해정도
2019052400100308,2019년 5월 24일 12시,금요일,경상남도 창원시 마산회원구 합성동,중상사고,0,1,0,0,차대사람 - 길가장자리구역통행중,안전운전불이행,포장 - 건조,맑음,단일로 - 기타,승용,남,44세,상해없음,보행자,여,58세,중상
2019052400100352,2019년 5월 24일 13시,금요일,경상남도 양산시 덕계동,경상사고,0,0,1,0,차대사람 - 기타,안전운전불이행,포장 - 건조,맑음,교차로 - 교차로안,승합,남,35세,상해없음,보행자,여,62세,경상
2019052400100391,2019년 5월 24일 14시,금요일,경상남도 통영시 미수동,중상사고,0,1,0,0,차대사람 - 횡단중,보행자보호의무위반,포장 - 건조,맑음,단일로 - 기타,승합,남,60세,상해없음,보행자,여,47세,중상
2019052400100498,2019년 5월 24일 16시,금요일,경상남도 창원시 의창구 서상동,중상사고,0,1,0,0,차대사람 - 기타,안전운전불이행,포장 - 건조,맑음,단일로 - 기타,승용,여,30세,상해없음,보행자,남,7세,중상
2019052400100648,2019년 5월 24일 19시,금요일,경상남도 창원시 마산합포구 해운동,경상사고,0,0,1,0,차대사람 - 기타,안전운전불이행,포장 - 건조,맑음,단일로 - 기타,승용,남,49세,상해없음,보행자,남,24세,경상
2019052400100779,2019년 5월 24일 23시,금요일,경상남도 창원시 진해구 용원동,사망사고,1,0,0,0,차대사람 - 차도통행중,안전운전불이행,포장 - 건조,맑음,단일로 - 지하차도(도로)내,이륜,남,24세,상해없음,보행자,여,73세,사망
2019052500100062,2019년 5월 25일 02시,토요일,경상남도 창원시 의창구 북면,경상사고,0,0,1,0,차대사람 - 기타,안전운전불이행,포장 - 건조,맑음,단일로 - 기타,기타불명,기타불명,미분류,기타불명,보행자,남,34세,경상
2019052500100223,2019년 5월 25일 10시,토요일,경상남도 거창군 거창읍,중상사고,0,1,1,0,차대사람 - 횡단중,안전운전불이행,포장 - 건조,맑음,교차로 - 교차로횡단보도내,승용,남,83세,상해없음,보행자,여,60세,중상
2019052500100304,2019년 5월 25일 12시,토요일,경상남도 밀양시 내일동,중상사고,0,1,0,0,차대사람 - 기타,안전운전불이행,포장 - 건조,맑음,단일로 - 기타,승용,남,68세,상해없음,보행자,남,58세,중상
2019052500100600,2019년 5월 25일 20시,토요일,경상남도 통영시 광도면,경상사고,0,0,1,0,차대사람 - 차도통행중,안전운전불이행,포장 - 건조,맑음,단일로 - 기타,승용,여,35세,상해없음,보행자,여,6세,경상
2019052600100137,2019년 5월 26일 09시,일요일,경상남도 양산시 평산동,중상사고,0,1,0,0,차대사람 - 횡단중,보행자보호의무위반,포장 - 건조,맑음,단일로 - 기타,승용,여,55세,상해없음,보행자,여,70세,중상
2019052700100037,2019년 5월 27일 01시,월요일,경상남도 통영시 산양읍,부상신고사고,0,0,0,1,차대사람 - 기타,안전운전불이행,포장 - 건조,맑음,단일로 - 기타,승용,여,19세,상해없음,보행자,남,20세,부상신고
2019052700100192,2019년 5월 27일 09시,월요일,경상남도 남해군 남해읍,중상사고,0,1,0,0,차대사람 - 차도통행중,안전운전불이행,포장 - 젖음/습기,비,교차로 - 교차로안,승용,남,70세,상해없음,보행자,여,85세,중상
2019052700100318,2019년 5월 27일 12시,월요일,경상남도 통영시 광도면,경상사고,0,0,1,0,차대사람 - 기타,안전운전불이행,포장 - 젖음/습기,비,단일로 - 기타,화물,남,31세,상해없음,보행자,여,19세,경상
2019052700100354,2019년 5월 27일 13시,월요일,경상남도 밀양시 가곡동,사망사고,1,0,0,0,차대사람 - 횡단중,안전운전불이행,포장 - 젖음/습기,비,교차로 - 교차로안,화물,남,57세,상해없음,보행자,남,56세,사망
2019052700100528,2019년 5월 27일 18시,월요일,경상남도 거창군 거창읍,경상사고,0,0,1,0,차대사람 - 기타,안전운전불이행,포장 - 젖음/습기,비,주차장 - 주차장,승용,여,52세,상해없음,보행자,여,17세,경상
2019052700100561,2019년 5월 27일 19시,월요일,경상남도 창원시 마산합포구 산호동,중상사고,0,1,0,0,차대사람 - 횡단중,보행자보호의무위반,포장 - 건조,맑음,교차로 - 교차로횡단보도내,승용,여,43세,상해없음,보행자,여,58세,중상
2019052700100583,2019년 5월 27일 20시,월요일,경상남도 김해시 어방동,경상사고,0,0,1,0,차대사람 - 기타,안전운전불이행,포장 - 건조,맑음,단일로 - 기타,기타불명,기타불명,미분류,기타불명,보행자,남,20세,경상
2019052800100114,2019년 5월 28일 07시,화요일,경상남도 진주시 상평동,사망사고,1,0,0,0,차대사람 - 차도통행중,안전운전불이행,포장 - 건조,맑음,단일로 - 기타,승용,여,22세,상해없음,보행자,남,75세,사망
2019052800100149,2019년 5월 28일 08시,화요일,경상남도 양산시 물금읍,중상사고,0,1,0,0,차대사람 - 기타,안전운전불이행,포장 - 건조,맑음,기타 - 기타,화물,남,44세,상해없음,보행자,여,47세,중상
2019052800100231,2019년 5월 28일 10시,화요일,경상남도 진주시 상대동,경상사고,0,0,1,0,차대사람 - 보도통행중,신호위반,포장 - 건조,맑음,단일로 - 기타,승용,여,28세,상해없음,보행자,여,49세,경상
2019052800100232,2019년 5월 28일 10시,화요일,경상남도 밀양시 내이동,중상사고,0,1,0,0,차대사람 - 횡단중,안전운전불이행,포장 - 건조,맑음,교차로 - 교차로안,승용,남,46세,상해없음,보행자,남,72세,중상
2019052800100233,2019년 5월 28일 10시,화요일,경상남도 창원시 의창구 북면,중상사고,0,1,0,0,차대사람 - 기타,불법유턴,포장 - 건조,맑음,단일로 - 기타,화물,남,57세,상해없음,보행자,여,67세,중상
2019052800100328,2019년 5월 28일 13시,화요일,경상남도 창원시 진해구 자은동,경상사고,0,0,1,0,차대사람 - 차도통행중,보행자보호의무위반,포장 - 건조,맑음,교차로 - 교차로안,승합,남,26세,상해없음,보행자,남,90세 이상,경상
2019052800100373,2019년 5월 28일 14시,화요일,경상남도 김해시 삼정동,경상사고,0,0,1,0,차대사람 - 횡단중,보행자보호의무위반,포장 - 건조,맑음,교차로 - 교차로횡단보도내,이륜,남,16세,상해없음,보행자,남,7세,경상
2019052800100709,2019년 5월 28일 21시,화요일,경상남도 진주시 초전동,중상사고,0,1,0,0,차대사람 - 보도통행중,보행자보호의무위반,포장 - 건조,맑음,기타 - 기타,승용,남,33세,상해없음,보행자,여,42세,중상
2019052800100710,2019년 5월 28일 21시,화요일,경상남도 밀양시 내이동,중상사고,0,1,0,0,차대사람 - 기타,신호위반,포장 - 건조,맑음,교차로 - 교차로안,화물,남,36세,상해없음,보행자,남,56세,중상
2019052800100745,2019년 5월 28일 22시,화요일,경상남도 김해시 삼방동,경상사고,0,0,1,0,차대사람 - 기타,안전운전불이행,포장 - 건조,맑음,교차로 - 교차로부근,승용,남,40세,상해없음,보행자,남,37세,경상
2019052900100158,2019년 5월 29일 08시,수요일,경상남도 김해시 진영읍,경상사고,0,0,1,0,차대사람 - 횡단중,안전운전불이행,포장 - 건조,맑음,교차로 - 교차로안,승용,여,54세,상해없음,보행자,여,46세,경상
2019052900100201,2019년 5월 29일 09시,수요일,경상남도 밀양시 교동,중상사고,0,1,0,0,차대사람 - 횡단중,안전운전불이행,포장 - 건조,맑음,단일로 - 기타,자전거,남,26세,상해없음,보행자,여,79세,중상
2019052900100289,2019년 5월 29일 12시,수요일,경상남도 김해시 외동,중상사고,0,1,0,0,차대사람 - 기타,신호위반,포장 - 건조,맑음,교차로 - 교차로횡단보도내,승용,여,34세,상해없음,보행자,남,16세,중상
2019052900100328,2019년 5월 29일 13시,수요일,경상남도 통영시 서호동,중상사고,0,1,0,0,차대사람 - 횡단중,안전운전불이행,포장 - 건조,맑음,단일로 - 기타,이륜,남,69세,상해없음,보행자,여,72세,중상
2019052900100459,2019년 5월 29일 16시,수요일,경상남도 창원시 마산회원구 회원동,경상사고,0,0,1,0,차대사람 - 기타,보행자보호의무위반,포장 - 건조,맑음,교차로 - 교차로횡단보도내,이륜,남,60세,상해없음,보행자,여,9세,경상
2019052900100521,2019년 5월 29일 17시,수요일,경상남도 산청군 산청읍,중상사고,0,1,0,0,차대사람 - 차도통행중,안전운전불이행,포장 - 건조,맑음,단일로 - 기타,승용,여,58세,상해없음,보행자,여,69세,중상
2019053000100238,2019년 5월 30일 10시,목요일,경상남도 창원시 의창구 명서동,중상사고,0,1,0,0,차대사람 - 기타,안전운전불이행,포장 - 건조,맑음,단일로 - 기타,화물,남,75세,상해없음,보행자,여,57세,중상
2019053000100327,2019년 5월 30일 13시,목요일,경상남도 진주시 동성동,경상사고,0,0,1,0,차대사람 - 차도통행중,안전운전불이행,포장 - 건조,맑음,단일로 - 기타,승용,남,39세,상해없음,보행자,남,47세,경상
2019053000100410,2019년 5월 30일 16시,목요일,경상남도 창원시 마산합포구 산호동,중상사고,0,1,0,0,차대사람 - 횡단중,안전운전불이행,포장 - 건조,맑음,단일로 - 기타,승용,남,45세,상해없음,보행자,여,68세,중상
2019053000100530,2019년 5월 30일 19시,목요일,경상남도 양산시 물금읍,중상사고,0,1,0,0,차대사람 - 기타,안전운전불이행,포장 - 건조,맑음,기타 - 기타,이륜,남,39세,상해없음,보행자,여,5세,중상
2019053100100162,2019년 5월 31일 08시,금요일,경상남도 창원시 진해구 성내동,중상사고,0,1,0,0,차대사람 - 차도통행중,안전운전불이행,포장 - 건조,맑음,단일로 - 기타,승용,남,71세,상해없음,보행자,남,16세,중상
2019053100100429,2019년 5월 31일 15시,금요일,경상남도 하동군 진교면,경상사고,0,0,1,0,차대사람 - 보도통행중,보행자보호의무위반,포장 - 건조,맑음,단일로 - 기타,화물,남,74세,상해없음,보행자,여,7세,경상
2019053100100431,2019년 5월 31일 15시,금요일,경상남도 거제시 옥포동,중상사고,0,1,0,0,차대사람 - 기타,안전운전불이행,포장 - 건조,맑음,주차장 - 주차장,승용,여,53세,상해없음,보행자,여,52세,중상
2019053100100677,2019년 5월 31일 20시,금요일,경상남도 의령군 가례면,중상사고,0,1,0,0,차대사람 - 차도통행중,교차로운행방법위반,포장 - 건조,맑음,교차로 - 교차로부근,화물,남,22세,상해없음,보행자,여,78세,중상
2019060100100139,2019년 6월 1일 08시,토요일,경상남도 고성군 고성읍,경상사고,0,0,1,0,차대사람 - 기타,안전운전불이행,포장 - 건조,맑음,교차로 - 교차로부근,승용,남,68세,상해없음,보행자,남,17세,경상
2019060100100236,2019년 6월 1일 11시,토요일,경상남도 고성군 고성읍,중상사고,0,1,0,0,차대사람 - 횡단중,안전운전불이행,포장 - 건조,맑음,단일로 - 기타,승용,여,30세,상해없음,보행자,여,59세,중상
2019060100100349,2019년 6월 1일 14시,토요일,경상남도 김해시 봉황동,경상사고,0,0,1,0,차대사람 - 횡단중,안전운전불이행,포장 - 건조,맑음,교차로 - 교차로안,승용,남,74세,상해없음,보행자,남,79세,경상
2019060100100518,2019년 6월 1일 19시,토요일,경상남도 밀양시 내이동,경상사고,0,0,1,0,차대사람 - 횡단중,안전운전불이행,포장 - 건조,맑음,단일로 - 기타,승용,여,64세,상해없음,보행자,여,53세,경상
2019060100100541,2019년 6월 1일 20시,토요일,경상남도 양산시 북부동,부상신고사고,0,0,0,1,차대사람 - 길가장자리구역통행중,안전운전불이행,포장 - 건조,맑음,교차로 - 교차로부근,승용,여,36세,상해없음,보행자,남,61세,부상신고
2019060100100570,2019년 6월 1일 21시,토요일,경상남도 창원시 마산합포구 상남동,경상사고,0,0,1,0,차대사람 - 길가장자리구역통행중,안전운전불이행,포장 - 건조,맑음,단일로 - 기타,화물,남,53세,기타불명,보행자,남,54세,경상
2019060200100126,2019년 6월 2일 09시,일요일,경상남도 함양군 지곡면,경상사고,0,0,1,0,차대사람 - 기타,안전운전불이행,포장 - 건조,맑음,단일로 - 기타,승합,남,37세,상해없음,보행자,남,43세,경상
2019060200100465,2019년 6월 2일 21시,일요일,경상남도 함양군 서상면,중상사고,0,1,0,0,차대사람 - 차도통행중,안전운전불이행,포장 - 건조,맑음,단일로 - 기타,승용,남,66세,상해없음,보행자,남,58세,중상
2019060200100503,2019년 6월 2일 23시,일요일,경상남도 진주시 대안동,중상사고,0,1,0,0,차대사람 - 횡단중,보행자보호의무위반,포장 - 건조,맑음,교차로 - 교차로횡단보도내,승용,남,56세,상해없음,보행자,남,73세,중상
2019060300100113,2019년 6월 3일 07시,월요일,경상남도 창원시 마산회원구 석전동,중상사고,0,1,0,0,차대사람 - 기타,안전운전불이행,포장 - 건조,맑음,단일로 - 기타,승용,여,68세,상해없음,보행자,여,84세,중상
2019060300100151,2019년 6월 3일 08시,월요일,경상남도 통영시 광도면,중상사고,0,1,0,0,차대사람 - 횡단중,안전운전불이행,포장 - 건조,맑음,단일로 - 기타,승용,남,67세,상해없음,보행자,여,8세,중상
2019060300100230,2019년 6월 3일 10시,월요일,경상남도 창원시 마산합포구 신포동2가,중상사고,0,1,0,0,차대사람 - 기타,기타,포장 - 건조,맑음,단일로 - 기타,화물,남,62세,상해없음,보행자,여,83세,중상
2019060300100294,2019년 6월 3일 12시,월요일,경상남도 김해시 어방동,중상사고,0,1,0,0,차대사람 - 차도통행중,안전운전불이행,포장 - 건조,맑음,교차로 - 교차로부근,승용,여,54세,상해없음,보행자,여,63세,중상
2019060300100322,2019년 6월 3일 13시,월요일,경상남도 거제시 장평동,경상사고,0,0,1,0,차대사람 - 기타,신호위반,포장 - 건조,맑음,교차로 - 교차로안,이륜,남,37세,상해없음,보행자,여,47세,경상
2019060300100398,2019년 6월 3일 15시,월요일,경상남도 밀양시 삼문동,부상신고사고,0,0,0,1,차대사람 - 보도통행중,기타,포장 - 건조,맑음,단일로 - 기타,원동기,남,67세,상해없음,보행자,여,37세,부상신고
2019060300100558,2019년 6월 3일 20시,월요일,경상남도 창원시 마산합포구 진동면,경상사고,0,0,2,0,차대사람 - 기타,안전운전불이행,포장 - 건조,맑음,단일로 - 기타,승용,남,57세,상해없음,보행자,남,34세,경상
2019060300100559,2019년 6월 3일 20시,월요일,경상남도 밀양시 하남읍,경상사고,0,0,2,0,차대사람 - 횡단중,신호위반,포장 - 건조,맑음,교차로 - 교차로안,승용,여,58세,상해없음,보행자,남,14세,경상
2019060400100074,2019년 6월 4일 06시,화요일,경상남도 창원시 의창구 도계동,경상사고,0,0,1,0,차대사람 - 기타,안전운전불이행,포장 - 건조,맑음,단일로 - 기타,승용,남,62세,기타불명,보행자,남,27세,경상
2019060400100388,2019년 6월 4일 15시,화요일,경상남도 통영시 광도면,중상사고,0,1,0,0,차대사람 - 기타,기타,포장 - 건조,맑음,단일로 - 기타,화물,남,59세,상해없음,보행자,여,37세,중상
2019060400100389,2019년 6월 4일 15시,화요일,경상남도 김해시 지내동,중상사고,0,1,0,0,차대사람 - 횡단중,보행자보호의무위반,포장 - 건조,맑음,교차로 - 교차로횡단보도내,화물,남,30세,상해없음,보행자,남,7세,중상
2019060400100390,2019년 6월 4일 15시,화요일,경상남도 창원시 마산회원구 구암동,중상사고,0,1,0,0,차대사람 - 보도통행중,기타,포장 - 건조,맑음,단일로 - 기타,화물,남,55세,상해없음,보행자,여,87세,중상
2019060400100430,2019년 6월 4일 16시,화요일,경상남도 창원시 마산합포구 중앙동3가,중상사고,0,1,0,0,차대사람 - 기타,안전운전불이행,포장 - 건조,맑음,기타 - 기타,승용,남,29세,상해없음,보행자,남,6세,중상
2019060500100052,2019년 6월 5일 01시,수요일,경상남도 양산시 상북면,경상사고,0,0,1,0,차대사람 - 기타,안전운전불이행,포장 - 건조,맑음,단일로 - 기타,승용,남,58세,상해없음,보행자,남,51세,경상
2019060500100101,2019년 6월 5일 07시,수요일,경상남도 창원시 진해구 경화동,중상사고,0,1,0,0,차대사람 - 차도통행중,안전운전불이행,포장 - 건조,맑음,단일로 - 기타,승용,남,76세,상해없음,보행자,여,55세,중상
2019060500100197,2019년 6월 5일 09시,수요일,경상남도 하동군 하동읍,경상사고,0,0,1,0,차대사람 - 길가장자리구역통행중,안전운전불이행,포장 - 건조,맑음,기타 - 기타,승용,남,65세,상해없음,보행자,남,57세,경상
2019060500100249,2019년 6월 5일 11시,수요일,경상남도 통영시 북신동,중상사고,0,1,0,0,차대사람 - 기타,안전운전불이행,포장 - 건조,맑음,교차로 - 교차로안,화물,남,45세,상해없음,보행자,여,75세,중상
2019060500100289,2019년 6월 5일 12시,수요일,경상남도 양산시 소주동,중상사고,0,1,0,0,차대사람 - 기타,안전운전불이행,포장 - 건조,맑음,교차로 - 교차로안,승용,여,63세,상해없음,보행자,여,44세,중상
2019060500100322,2019년 6월 5일 13시,수요일,경상남도 밀양시 삼랑진읍,중상사고,0,1,0,0,차대사람 - 기타,기타,포장 - 건조,맑음,단일로 - 기타,승합,남,59세,상해없음,보행자,여,76세,중상
2019060500100411,2019년 6월 5일 15시,수요일,경상남도 창원시 마산합포구 상남동,중상사고,0,1,0,0,차대사람 - 횡단중,안전운전불이행,포장 - 건조,맑음,단일로 - 기타,이륜,남,60세,상해없음,보행자,여,72세,중상
2019060500100455,2019년 6월 5일 16시,수요일,경상남도 창원시 진해구 덕산동,중상사고,0,1,0,0,차대사람 - 횡단중,안전운전불이행,포장 - 건조,맑음,단일로 - 기타,승용,여,45세,상해없음,보행자,남,8세,중상
2019060500100457,2019년 6월 5일 16시,수요일,경상남도 거창군 거창읍,중상사고,0,1,0,0,차대사람 - 횡단중,안전운전불이행,포장 - 건조,맑음,단일로 - 기타,승용,여,41세,상해없음,보행자,남,8세,중상
2019060500100573,2019년 6월 5일 18시,수요일,경상남도 창원시 마산회원구 양덕동,경상사고,0,0,1,0,차대사람 - 횡단중,보행자보호의무위반,포장 - 건조,맑음,교차로 - 교차로횡단보도내,승용,남,62세,상해없음,보행자,남,67세,경상
2019060500100739,2019년 6월 5일 22시,수요일,경상남도 거제시 아주동,중상사고,0,1,0,0,차대사람 - 횡단중,안전운전불이행,포장 - 건조,맑음,교차로 - 교차로부근,승합,남,45세,상해없음,보행자,남,28세,중상
2019060500100767,2019년 6월 5일 23시,수요일,경상남도 통영시 무전동,중상사고,0,1,0,0,차대사람 - 횡단중,안전운전불이행,포장 - 건조,맑음,교차로 - 교차로안,승용,남,45세,상해없음,보행자,여,15세,중상
2019060500100768,2019년 6월 5일 23시,수요일,경상남도 사천시 사천읍,중상사고,0,1,0,0,차대사람 - 횡단중,안전운전불이행,포장 - 건조,맑음,단일로 - 기타,승용,남,38세,상해없음,보행자,남,56세,중상
2019060600100124,2019년 6월 6일 07시,목요일,경상남도 양산시 동면,중상사고,0,1,0,0,차대사람 - 횡단중,안전운전불이행,포장 - 건조,맑음,교차로 - 교차로안,이륜,남,26세,상해없음,보행자,남,75세,중상
2019060600100144,2019년 6월 6일 08시,목요일,경상남도 하동군 금남면,중상사고,0,1,0,0,차대사람 - 기타,안전운전불이행,포장 - 건조,맑음,단일로 - 기타,승용,여,18세,상해없음,보행자,여,76세,중상
2019060600100157,2019년 6월 6일 09시,목요일,경상남도 밀양시 삼문동,경상사고,0,0,1,0,차대사람 - 기타,안전운전불이행,포장 - 건조,맑음,주차장 - 주차장,승용,남,62세,상해없음,보행자,남,60세,경상
2019060600100200,2019년 6월 6일 11시,목요일,경상남도 창원시 마산합포구 자산동,경상사고,0,0,1,0,차대사람 - 횡단중,보행자보호의무위반,포장 - 건조,맑음,기타 - 기타,승용,남,58세,상해없음,보행자,남,50세,경상
2019060600100370,2019년 6월 6일 16시,목요일,경상남도 고성군 고성읍,경상사고,0,0,1,0,차대사람 - 길가장자리구역통행중,안전운전불이행,포장 - 건조,맑음,교차로 - 교차로안,화물,남,56세,상해없음,보행자,여,78세,경상
2019060600100567,2019년 6월 6일 21시,목요일,경상남도 진주시 신안동,중상사고,0,1,0,0,차대사람 - 횡단중,안전운전불이행,포장 - 젖음/습기,비,교차로 - 교차로안,승용,여,50세,상해없음,보행자,여,60세,중상
2019060600100643,2019년 6월 6일 23시,목요일,경상남도 창원시 마산합포구 중앙동3가,중상사고,0,1,0,0,차대사람 - 횡단중,안전운전불이행,포장 - 젖음/습기,비,교차로 - 교차로횡단보도내,승용,남,29세,상해없음,보행자,남,43세,중상
2019060700100127,2019년 6월 7일 07시,금요일,경상남도 양산시 북부동,경상사고,0,0,1,0,차대사람 - 횡단중,보행자보호의무위반,포장 - 건조,맑음,교차로 - 교차로안,승용,남,61세,상해없음,보행자,남,13세,경상
2019060700100254,2019년 6월 7일 11시,금요일,경상남도 사천시 곤양면,사망사고,1,0,0,0,차대사람 - 기타,안전운전불이행,포장 - 건조,흐림,교차로 - 교차로부근,승용,남,46세,상해없음,보행자,남,66세,사망
2019060700100511,2019년 6월 7일 18시,금요일,경상남도 창원시 진해구 충무동,중상사고,0,1,0,0,차대사람 - 차도통행중,안전운전불이행,포장 - 젖음/습기,비,단일로 - 기타,승용,남,40세,상해없음,보행자,남,59세,중상
2019060700100586,2019년 6월 7일 20시,금요일,경상남도 김해시 진영읍,경상사고,0,0,1,0,차대사람 - 횡단중,보행자보호의무위반,포장 - 젖음/습기,기타,교차로 - 교차로횡단보도내,화물,남,55세,상해없음,보행자,남,67세,경상
2019060700100650,2019년 6월 7일 22시,금요일,경상남도 진주시 상대동,중상사고,0,1,1,0,차대사람 - 기타,안전운전불이행,포장 - 젖음/습기,비,교차로 - 교차로안,이륜,남,17세,경상,보행자,남,65세,중상
2019060700100673,2019년 6월 7일 23시,금요일,경상남도 거제시 고현동,중상사고,0,1,0,0,차대사람 - 기타,안전운전불이행,포장 - 젖음/습기,흐림,교차로 - 교차로횡단보도내,승용,남,61세,상해없음,보행자,남,47세,중상
2019060800100034,2019년 6월 8일 00시,토요일,경상남도 창원시 성산구 상남동,경상사고,0,0,1,0,차대사람 - 차도통행중,안전운전불이행,포장 - 건조,맑음,단일로 - 기타,승용,남,44세,상해없음,보행자,남,26세,경상
2019060800100035,2019년 6월 8일 00시,토요일,경상남도 창원시 성산구 반지동,중상사고,0,1,0,0,차대사람 - 기타,안전운전불이행,포장 - 기타,기타,단일로 - 기타,승용,남,27세,상해없음,보행자,남,48세,중상
2019060800100060,2019년 6월 8일 02시,토요일,경상남도 사천시 사남면,경상사고,0,0,1,0,차대사람 - 기타,안전운전불이행,포장 - 건조,맑음,교차로 - 교차로부근,기타불명,기타불명,미분류,기타불명,보행자,남,34세,경상
2019060800100165,2019년 6월 8일 09시,토요일,경상남도 밀양시 삼문동,중상사고,0,1,0,0,차대사람 - 횡단중,안전운전불이행,포장 - 건조,맑음,단일로 - 기타,자전거,남,56세,상해없음,보행자,여,63세,중상
2019060800100202,2019년 6월 8일 10시,토요일,경상남도 산청군 생초면,경상사고,0,0,1,0,차대사람 - 횡단중,안전운전불이행,포장 - 건조,맑음,단일로 - 기타,승용,남,49세,상해없음,보행자,여,81세,경상
2019060800100231,2019년 6월 8일 11시,토요일,경상남도 밀양시 내이동,경상사고,0,0,1,0,차대사람 - 횡단중,안전운전불이행,포장 - 건조,맑음,단일로 - 기타,승용,남,27세,상해없음,보행자,여,22세,경상
2019060800100329,2019년 6월 8일 13시,토요일,경상남도 하동군 옥종면,경상사고,0,0,2,0,차대사람 - 차도통행중,안전운전불이행,포장 - 건조,맑음,단일로 - 기타,농기계,남,69세,경상,보행자,여,79세,경상
2019060800100442,2019년 6월 8일 16시,토요일,경상남도 하동군 하동읍,경상사고,0,0,1,0,차대사람 - 길가장자리구역통행중,안전운전불이행,포장 - 건조,맑음,단일로 - 기타,화물,남,64세,상해없음,보행자,남,25세,경상
2019060800100505,2019년 6월 8일 18시,토요일,경상남도 거창군 거창읍,경상사고,0,0,1,0,차대사람 - 차도통행중,안전운전불이행,포장 - 건조,맑음,교차로 - 교차로부근,이륜,여,63세,상해없음,보행자,남,48세,경상
2019060800100530,2019년 6월 8일 19시,토요일,경상남도 진주시 주약동,부상신고사고,0,0,0,1,차대사람 - 횡단중,안전운전불이행,포장 - 건조,맑음,교차로 - 교차로횡단보도내,승용,남,26세,상해없음,보행자,여,15세,부상신고
2019060900100125,2019년 6월 9일 08시,일요일,경상남도 창원시 의창구 동읍,중상사고,0,1,0,0,차대사람 - 기타,안전운전불이행,포장 - 건조,맑음,단일로 - 기타,승합,남,60세,상해없음,보행자,여,72세,중상
2019060900100207,2019년 6월 9일 12시,일요일,경상남도 창원시 진해구 남문동,중상사고,0,1,0,0,차대사람 - 횡단중,보행자보호의무위반,포장 - 건조,맑음,교차로 - 교차로부근,승용,여,38세,상해없음,보행자,남,61세,중상
2019060900100229,2019년 6월 9일 13시,일요일,경상남도 진주시 충무공동,경상사고,0,0,1,0,차대사람 - 기타,안전운전불이행,포장 - 건조,맑음,주차장 - 주차장,승용,여,39세,상해없음,보행자,남,6세,경상
2019060900100230,2019년 6월 9일 13시,일요일,경상남도 양산시 중부동,부상신고사고,0,0,0,1,차대사람 - 기타,안전운전불이행,포장 - 건조,맑음,단일로 - 기타,화물,남,44세,상해없음,보행자,남,22세,부상신고
2019060900100291,2019년 6월 9일 15시,일요일,경상남도 양산시 북정동,경상사고,0,0,1,0,차대사람 - 길가장자리구역통행중,안전운전불이행,포장 - 건조,맑음,주차장 - 주차장,승용,남,43세,상해없음,보행자,여,34세,경상
2019060900100348,2019년 6월 9일 17시,일요일,경상남도 창원시 의창구 봉곡동,경상사고,0,0,1,0,차대사람 - 기타,안전운전불이행,포장 - 건조,맑음,단일로 - 기타,기타불명,기타불명,미분류,기타불명,보행자,남,33세,경상
2019061000100077,2019년 6월 10일 05시,월요일,경상남도 밀양시 하남읍,중상사고,0,1,0,0,차대사람 - 기타,안전운전불이행,포장 - 건조,맑음,단일로 - 기타,승용,여,55세,상해없음,보행자,남,74세,중상
2019061000100282,2019년 6월 10일 12시,월요일,경상남도 창원시 진해구 자은동,경상사고,0,0,1,0,차대사람 - 횡단중,안전운전불이행,포장 - 건조,맑음,교차로 - 교차로횡단보도내,승용,여,49세,상해없음,보행자,남,22세,경상
2019061000100283,2019년 6월 10일 12시,월요일,경상남도 사천시 정동면,경상사고,0,0,1,0,차대사람 - 횡단중,보행자보호의무위반,포장 - 건조,맑음,교차로 - 교차로횡단보도내,승용,여,62세,기타불명,보행자,남,36세,경상
2019061000100443,2019년 6월 10일 16시,월요일,경상남도 창원시 성산구 상남동,중상사고,0,1,0,0,차대사람 - 횡단중,안전운전불이행,포장 - 건조,맑음,단일로 - 기타,승용,여,51세,상해없음,보행자,남,36세,중상
2019061000100533,2019년 6월 10일 18시,월요일,경상남도 창원시 마산회원구 내서읍,경상사고,0,0,1,0,차대사람 - 횡단중,안전운전불이행,포장 - 건조,흐림,단일로 - 기타,승용,남,69세,상해없음,보행자,여,28세,경상
2019061100100065,2019년 6월 11일 04시,화요일,경상남도 거제시 고현동,중상사고,0,1,0,0,차대사람 - 기타,안전운전불이행,포장 - 건조,흐림,단일로 - 기타,승용,남,41세,상해없음,보행자,남,58세,중상
2019061100100202,2019년 6월 11일 09시,화요일,경상남도 합천군 쌍백면,중상사고,0,1,0,0,차대사람 - 횡단중,안전운전불이행,포장 - 건조,맑음,단일로 - 기타,승용,남,64세,상해없음,보행자,여,81세,중상
2019061100100222,2019년 6월 11일 10시,화요일,경상남도 김해시 상동면,중상사고,0,1,0,0,차대사람 - 기타,안전운전불이행,포장 - 건조,맑음,단일로 - 기타,승용,남,63세,상해없음,보행자,남,59세,중상
2019061100100223,2019년 6월 11일 10시,화요일,경상남도 김해시 봉황동,경상사고,0,0,2,0,차대사람 - 기타,안전운전불이행,포장 - 건조,맑음,교차로 - 교차로안,승용,남,50세,상해없음,보행자,여,77세,경상