사고번호,사고일시,요일,시군구,사고내용,사망자수,중상자수,경상자수,부상신고자수,사고유형,법규위반,노면상태,기상상태,도로형태,가해운전자 차종,가해운전자 성별,가해운전자 연령,가해운전자 상해정도,피해운전자 차종,피해운전자 성별,피해운전자 연령,피해운전자 상해정도
2019062700100478,2019년 6월 27일 17시,목요일,경상남도 창원시 성산구 성주동,경상사고,0,0,2,0,차대사람 - 기타,안전운전불이행,포장 - 건조,맑음,단일로 - 기타,승합,남,55세,상해없음,보행자,여,60세,경상
2019062700100523,2019년 6월 27일 18시,목요일,경상남도 진주시 신안동,경상사고,0,0,1,0,차대사람 - 기타,안전거리미확보,포장 - 건조,맑음,단일로 - 기타,승용,남,65세,상해없음,보행자,여,51세,경상
2019062800100061,2019년 6월 28일 03시,금요일,경상남도 김해시 어방동,중상사고,0,1,0,0,차대사람 - 횡단중,안전운전불이행,포장 - 건조,맑음,단일로 - 기타,승합,여,53세,상해없음,보행자,남,51세,중상
2019062800100077,2019년 6월 28일 05시,금요일,경상남도 창원시 의창구 팔용동,사망사고,1,0,0,0,차대사람 - 횡단중,안전운전불이행,포장 - 건조,맑음,단일로 - 기타,승용,여,51세,상해없음,보행자,남,78세,사망
2019062800100168,2019년 6월 28일 09시,금요일,경상남도 창원시 마산합포구 구산면,중상사고,0,1,0,0,차대사람 - 횡단중,안전운전불이행,포장 - 젖음/습기,비,교차로 - 교차로안,승용,남,41세,상해없음,보행자,여,79세,중상
2019062800100358,2019년 6월 28일 14시,금요일,경상남도 김해시 구산동,중상사고,0,2,1,0,차대사람 - 기타,안전운전불이행,포장 - 건조,맑음,단일로 - 기타,승용,여,62세,상해없음,보행자,남,44세,중상
2019062800100404,2019년 6월 28일 15시,금요일,경상남도 통영시 무전동,중상사고,0,1,0,0,차대사람 - 횡단중,안전운전불이행,포장 - 건조,맑음,단일로 - 기타,자전거,남,11세,상해없음,보행자,여,36세,중상
2019062800100690,2019년 6월 28일 22시,금요일,경상남도 양산시 평산동,중상사고,0,1,0,0,차대사람 - 횡단중,과속,포장 - 건조,맑음,교차로 - 교차로안,승용,남,57세,상해없음,보행자,남,50세,중상
2019062900100061,2019년 6월 29일 01시,토요일,경상남도 사천시 사남면,중상사고,0,1,0,0,차대사람 - 횡단중,안전운전불이행,포장 - 건조,맑음,단일로 - 기타,승용,남,48세,상해없음,보행자,여,35세,중상
2019062900100063,2019년 6월 29일 01시,토요일,경상남도 창원시 의창구 서상동,중상사고,0,1,0,0,차대사람 - 횡단중,보행자보호의무위반,포장 - 건조,맑음,교차로 - 교차로안,승용,남,60세,상해없음,보행자,남,39세,중상
2019062900100181,2019년 6월 29일 09시,토요일,경상남도 거제시 고현동,중상사고,0,1,0,0,차대사람 - 횡단중,보행자보호의무위반,포장 - 건조,흐림,단일로 - 기타,승용,여,34세,상해없음,보행자,여,74세,중상
2019062900100268,2019년 6월 29일 12시,토요일,경상남도 거창군 거창읍,중상사고,0,1,0,0,차대사람 - 횡단중,안전운전불이행,포장 - 젖음/습기,비,교차로 - 교차로안,화물,남,54세,상해없음,보행자,여,25세,중상
2019062900100541,2019년 6월 29일 19시,토요일,경상남도 창녕군 남지읍,중상사고,0,1,0,0,차대사람 - 기타,안전운전불이행,포장 - 젖음/습기,비,교차로 - 교차로안,승용,남,59세,상해없음,보행자,남,76세,중상
2019063000100045,2019년 6월 30일 01시,일요일,경상남도 김해시 외동,중상사고,0,1,0,0,차대사람 - 횡단중,보행자보호의무위반,포장 - 젖음/습기,흐림,교차로 - 교차로횡단보도내,승용,남,61세,상해없음,보행자,남,17세,중상
2019063000100066,2019년 6월 30일 03시,일요일,경상남도 창원시 성산구 상남동,경상사고,0,0,2,0,차대사람 - 횡단중,보행자보호의무위반,포장 - 건조,맑음,교차로 - 교차로안,승용,남,20세,상해없음,보행자,여,28세,경상
2019063000100305,2019년 6월 30일 16시,일요일,경상남도 창원시 진해구 이동,중상사고,0,1,0,0,차대사람 - 차도통행중,안전운전불이행,포장 - 건조,맑음,단일로 - 기타,이륜,남,41세,상해없음,보행자,여,61세,중상
2019063000100419,2019년 6월 30일 21시,일요일,경상남도 창원시 성산구 남양동,사망사고,1,0,0,0,차대사람 - 차도통행중,과속,포장 - 건조,맑음,단일로 - 기타,승용,남,32세,상해없음,보행자,여,76세,사망
2019070100100156,2019년 7월 1일 08시,월요일,경상남도 김해시 내덕동,경상사고,0,0,1,0,차대사람 - 횡단중,안전운전불이행,포장 - 건조,맑음,교차로 - 교차로안,화물,남,54세,상해없음,보행자,여,38세,경상
2019070100100193,2019년 7월 1일 09시,월요일,경상남도 함양군 함양읍,경상사고,0,0,1,0,차대사람 - 기타,안전운전불이행,포장 - 건조,맑음,단일로 - 기타,승용,여,78세,상해없음,보행자,여,41세,경상
2019070100100194,2019년 7월 1일 09시,월요일,경상남도 거제시 고현동,경상사고,0,0,1,0,차대사람 - 횡단중,신호위반,포장 - 건조,맑음,교차로 - 교차로안,승용,남,63세,상해없음,보행자,여,38세,경상
2019070100100267,2019년 7월 1일 11시,월요일,경상남도 통영시 북신동,경상사고,0,0,1,0,차대사람 - 횡단중,안전운전불이행,포장 - 건조,맑음,단일로 - 기타,화물,남,71세,상해없음,보행자,남,65세,경상
2019070100100270,2019년 7월 1일 11시,월요일,경상남도 고성군 고성읍,경상사고,0,0,1,0,차대사람 - 차도통행중,안전운전불이행,포장 - 건조,맑음,단일로 - 기타,승용,남,66세,상해없음,보행자,여,55세,경상
2019070100100362,2019년 7월 1일 14시,월요일,경상남도 김해시 구산동,경상사고,0,0,1,0,차대사람 - 횡단중,안전운전불이행,포장 - 건조,맑음,교차로 - 교차로횡단보도내,승합,남,43세,상해없음,보행자,여,71세,경상
2019070100100590,2019년 7월 1일 19시,월요일,경상남도 사천시 벌리동,경상사고,0,0,1,0,차대사람 - 기타,안전운전불이행,포장 - 건조,맑음,주차장 - 주차장,승용,여,55세,상해없음,보행자,여,55세,경상
2019070100100591,2019년 7월 1일 19시,월요일,경상남도 거제시 연초면,중상사고,0,1,0,0,차대사람 - 차도통행중,안전운전불이행,포장 - 건조,맑음,단일로 - 기타,승용,여,54세,상해없음,보행자,여,72세,중상
2019070100100661,2019년 7월 1일 22시,월요일,경상남도 창원시 의창구 봉곡동,중상사고,0,1,0,0,차대사람 - 횡단중,안전운전불이행,포장 - 건조,맑음,단일로 - 기타,승용,남,62세,상해없음,보행자,남,47세,중상
2019070100100675,2019년 7월 1일 23시,월요일,경상남도 거제시 옥포동,경상사고,0,0,1,0,차대사람 - 기타,안전운전불이행,포장 - 건조,맑음,단일로 - 기타,원동기,남,44세,상해없음,보행자,남,47세,경상
2019070200100054,2019년 7월 2일 01시,화요일,경상남도 김해시 봉황동,중상사고,0,1,0,0,차대사람 - 횡단중,안전운전불이행,포장 - 건조,맑음,교차로 - 교차로안,승용,남,71세,상해없음,보행자,남,50세,중상
2019070200100110,2019년 7월 2일 07시,화요일,경상남도 양산시 용당동,중상사고,0,1,0,0,차대사람 - 기타,안전운전불이행,포장 - 건조,맑음,단일로 - 기타,승용,남,55세,상해없음,보행자,여,71세,중상
2019070200100379,2019년 7월 2일 15시,화요일,경상남도 거제시 고현동,중상사고,0,1,0,0,차대사람 - 차도통행중,안전운전불이행,포장 - 건조,맑음,단일로 - 기타,승용,여,31세,상해없음,보행자,여,80세,중상
2019070200100415,2019년 7월 2일 16시,화요일,경상남도 진주시 인사동,중상사고,0,1,0,0,차대사람 - 횡단중,안전운전불이행,포장 - 건조,맑음,교차로 - 교차로부근,승용,남,64세,상해없음,보행자,여,59세,중상
2019070200100452,2019년 7월 2일 17시,화요일,경상남도 김해시 외동,경상사고,0,0,1,0,차대사람 - 횡단중,안전운전불이행,포장 - 건조,맑음,교차로 - 교차로안,승용,여,38세,상해없음,보행자,남,37세,경상
2019070200100503,2019년 7월 2일 18시,화요일,경상남도 거창군 거창읍,경상사고,0,0,1,0,차대사람 - 기타,안전운전불이행,포장 - 건조,맑음,단일로 - 기타,승합,남,58세,상해없음,보행자,남,44세,경상
2019070200100590,2019년 7월 2일 21시,화요일,경상남도 김해시 삼계동,경상사고,0,0,2,0,차대사람 - 횡단중,안전운전불이행,포장 - 건조,맑음,교차로 - 교차로안,이륜,남,19세,경상,보행자,남,8세,경상
2019070300100044,2019년 7월 3일 03시,수요일,경상남도 창원시 성산구 중앙동,경상사고,0,0,1,0,차대사람 - 기타,안전운전불이행,포장 - 건조,맑음,단일로 - 기타,승용,남,66세,상해없음,보행자,남,49세,경상
2019070300100283,2019년 7월 3일 13시,수요일,경상남도 김해시 부원동,중상사고,0,1,0,0,차대사람 - 횡단중,보행자보호의무위반,포장 - 건조,맑음,단일로 - 기타,승용,남,34세,상해없음,보행자,여,68세,중상
2019070300100398,2019년 7월 3일 16시,수요일,경상남도 거제시 수월동,경상사고,0,0,1,0,차대사람 - 횡단중,신호위반,포장 - 건조,맑음,교차로 - 교차로횡단보도내,승용,여,36세,상해없음,보행자,여,12세,경상
2019070300100450,2019년 7월 3일 17시,수요일,경상남도 김해시 구산동,중상사고,0,1,0,0,차대사람 - 횡단중,신호위반,포장 - 건조,맑음,교차로 - 교차로횡단보도내,화물,남,23세,상해없음,보행자,여,22세,중상
2019070300100519,2019년 7월 3일 19시,수요일,경상남도 진주시 인사동,경상사고,0,0,1,0,차대사람 - 횡단중,안전운전불이행,포장 - 건조,맑음,교차로 - 교차로안,승용,남,64세,상해없음,보행자,남,8세,경상
2019070400100029,2019년 7월 4일 00시,목요일,경상남도 진주시 인사동,중상사고,0,1,0,0,차대사람 - 기타,안전운전불이행,포장 - 건조,맑음,교차로 - 교차로안,승용,남,63세,상해없음,보행자,남,55세,중상
2019070400100293,2019년 7월 4일 12시,목요일,경상남도 김해시 관동동,경상사고,0,0,1,0,차대사람 - 횡단중,안전운전불이행,포장 - 건조,맑음,교차로 - 교차로횡단보도내,승용,여,25세,상해없음,보행자,남,14세,경상
2019070400100401,2019년 7월 4일 15시,목요일,경상남도 진주시 금산면,중상사고,0,1,0,0,차대사람 - 횡단중,보행자보호의무위반,포장 - 건조,맑음,교차로 - 교차로횡단보도내,화물,남,45세,상해없음,보행자,여,60세,중상
2019070400100488,2019년 7월 4일 17시,목요일,경상남도 양산시 물금읍,경상사고,0,0,1,0,차대사람 - 횡단중,보행자보호의무위반,포장 - 건조,맑음,교차로 - 교차로횡단보도내,승용,남,44세,상해없음,보행자,여,42세,경상
2019070400100589,2019년 7월 4일 20시,목요일,경상남도 창원시 진해구 용원동,경상사고,0,0,1,0,차대사람 - 기타,안전운전불이행,포장 - 건조,맑음,기타 - 기타,자전거,남,61세,상해없음,보행자,남,42세,경상
2019070400100613,2019년 7월 4일 21시,목요일,경상남도 함양군 함양읍,중상사고,0,1,0,0,차대사람 - 차도통행중,기타,포장 - 건조,맑음,단일로 - 기타,승용,남,47세,상해없음,보행자,여,58세,중상
2019070500100495,2019년 7월 5일 17시,금요일,경상남도 통영시 중앙동,중상사고,0,1,0,0,차대사람 - 기타,기타,포장 - 건조,맑음,단일로 - 기타,승용,남,60세,상해없음,보행자,여,70세,중상
2019070500100675,2019년 7월 5일 22시,금요일,경상남도 창원시 마산합포구 월포동,사망사고,1,0,0,0,차대사람 - 횡단중,안전운전불이행,포장 - 건조,맑음,교차로 - 교차로횡단보도내,승용,여,32세,상해없음,보행자,남,67세,사망
2019070600100234,2019년 7월 6일 10시,토요일,경상남도 고성군 고성읍,중상사고,0,1,0,0,차대사람 - 보도통행중,안전운전불이행,포장 - 건조,맑음,단일로 - 기타,승합,남,65세,상해없음,보행자,여,84세,중상
2019070600100368,2019년 7월 6일 13시,토요일,경상남도 창원시 마산합포구 자산동,경상사고,0,0,1,0,차대사람 - 기타,안전운전불이행,포장 - 건조,맑음,단일로 - 기타,승합,남,43세,상해없음,보행자,여,68세,경상
2019070600100697,2019년 7월 6일 22시,토요일,경상남도 진주시 대곡면,중상사고,0,1,0,0,차대사람 - 기타,안전운전불이행,포장 - 건조,맑음,기타 - 기타,승용,여,32세,상해없음,보행자,남,55세,중상
2019070700100201,2019년 7월 7일 12시,일요일,경상남도 양산시 덕계동,경상사고,0,0,1,0,차대사람 - 기타,안전운전불이행,포장 - 건조,맑음,단일로 - 기타,승용,남,66세,상해없음,보행자,여,64세,경상
2019070700100235,2019년 7월 7일 13시,일요일,경상남도 창원시 성산구 중앙동,경상사고,0,0,1,0,차대사람 - 횡단중,신호위반,포장 - 건조,맑음,교차로 - 교차로횡단보도내,승용,여,67세,상해없음,보행자,여,46세,경상
2019070700100302,2019년 7월 7일 15시,일요일,경상남도 창원시 마산회원구 내서읍,중상사고,0,1,0,0,차대사람 - 차도통행중,안전운전불이행,포장 - 건조,맑음,단일로 - 지하차도(도로)내,승합,남,51세,상해없음,보행자,여,72세,중상
2019070700100448,2019년 7월 7일 20시,일요일,경상남도 김해시 삼정동,경상사고,0,0,1,0,차대사람 - 차도통행중,안전운전불이행,포장 - 건조,흐림,교차로 - 교차로부근,승용,남,38세,상해없음,보행자,여,24세,경상
2019070700100510,2019년 7월 7일 23시,일요일,경상남도 창원시 의창구 봉곡동,경상사고,0,0,1,0,차대사람 - 횡단중,안전운전불이행,포장 - 건조,맑음,교차로 - 교차로부근,승용,남,46세,상해없음,보행자,남,37세,경상
2019070800100031,2019년 7월 8일 00시,월요일,경상남도 김해시 진례면,경상사고,0,0,1,0,차대사람 - 차도통행중,안전운전불이행,포장 - 건조,맑음,단일로 - 기타,승용,여,60세,상해없음,보행자,남,50세,경상
2019070800100143,2019년 7월 8일 08시,월요일,경상남도 하동군 하동읍,경상사고,0,0,1,0,차대사람 - 횡단중,보행자보호의무위반,포장 - 건조,맑음,단일로 - 기타,이륜,남,74세,상해없음,보행자,여,19세,경상
2019070800100216,2019년 7월 8일 10시,월요일,경상남도 양산시 물금읍,경상사고,0,0,1,0,차대사람 - 기타,안전운전불이행,포장 - 건조,맑음,단일로 - 기타,승용,남,43세,상해없음,보행자,여,21세,경상
2019070800100217,2019년 7월 8일 10시,월요일,경상남도 창원시 성산구 상남동,중상사고,0,1,0,0,차대사람 - 횡단중,보행자보호의무위반,포장 - 건조,맑음,단일로 - 기타,승용,남,40세,상해없음,보행자,남,81세,중상
2019070800100348,2019년 7월 8일 14시,월요일,경상남도 거제시 고현동,경상사고,0,0,1,0,차대사람 - 횡단중,보행자보호의무위반,포장 - 건조,맑음,교차로 - 교차로횡단보도내,화물,남,67세,상해없음,보행자,남,9세,경상
2019070800100349,2019년 7월 8일 14시,월요일,경상남도 창원시 성산구 상남동,중상사고,0,1,0,0,차대사람 - 횡단중,보행자보호의무위반,포장 - 건조,맑음,교차로 - 교차로횡단보도내,이륜,남,66세,상해없음,보행자,여,19세,중상
2019070800100350,2019년 7월 8일 14시,월요일,경상남도 창원시 의창구 도계동,중상사고,0,1,0,0,차대사람 - 횡단중,안전운전불이행,포장 - 건조,맑음,기타 - 기타,화물,남,49세,상해없음,보행자,남,51세,중상
2019070800100557,2019년 7월 8일 20시,월요일,경상남도 양산시 평산동,경상사고,0,0,1,0,차대사람 - 횡단중,보행자보호의무위반,포장 - 건조,맑음,교차로 - 교차로횡단보도내,승용,남,74세,상해없음,보행자,남,71세,경상
2019070800100576,2019년 7월 8일 21시,월요일,경상남도 거제시 장평동,중상사고,0,1,0,0,차대사람 - 횡단중,보행자보호의무위반,포장 - 건조,맑음,교차로 - 교차로횡단보도내,승용,여,60세,상해없음,보행자,남,41세,중상
2019070900100505,2019년 7월 9일 18시,화요일,경상남도 김해시 대동면,중상사고,0,1,0,0,차대사람 - 기타,안전운전불이행,포장 - 건조,맑음,단일로 - 기타,자전거,남,61세,상해없음,보행자,여,59세,중상
2019070900100603,2019년 7월 9일 21시,화요일,경상남도 함안군 칠원읍,중상사고,0,1,1,0,차대사람 - 기타,안전운전불이행,포장 - 건조,맑음,단일로 - 기타,자전거,남,54세,중상,보행자,여,73세,경상
2019071000100053,2019년 7월 10일 03시,수요일,경상남도 진주시 봉곡동,경상사고,0,0,1,0,차대사람 - 차도통행중,안전운전불이행,포장 - 건조,맑음,교차로 - 교차로안,승용,남,39세,상해없음,보행자,남,61세,경상
2019071000100087,2019년 7월 10일 07시,수요일,경상남도 거제시 고현동,중상사고,0,1,0,0,차대사람 - 기타,보행자보호의무위반,포장 - 건조,맑음,단일로 - 기타,화물,남,23세,상해없음,보행자,여,58세,중상
2019071000100121,2019년 7월 10일 08시,수요일,경상남도 창원시 성산구 중앙동,경상사고,0,0,1,0,차대사람 - 횡단중,보행자보호의무위반,포장 - 건조,맑음,단일로 - 기타,승용,남,41세,상해없음,보행자,여,13세,경상
2019071000100122,2019년 7월 10일 08시,수요일,경상남도 창원시 성산구 남산동,경상사고,0,0,1,0,차대사람 - 기타,안전운전불이행,포장 - 건조,맑음,단일로 - 기타,승용,여,34세,상해없음,보행자,여,24세,경상
2019071000100189,2019년 7월 10일 10시,수요일,경상남도 창원시 마산합포구 진북면,중상사고,0,1,0,0,차대사람 - 기타,기타,포장 - 건조,맑음,단일로 - 기타,화물,남,59세,상해없음,보행자,남,58세,중상
2019071000100191,2019년 7월 10일 10시,수요일,경상남도 창녕군 창녕읍,경상사고,0,0,1,0,차대사람 - 기타,안전운전불이행,포장 - 건조,맑음,교차로 - 교차로안,승용,남,21세,상해없음,보행자,여,82세,경상
2019071000100192,2019년 7월 10일 10시,수요일,경상남도 창원시 마산회원구 회원동,사망사고,1,0,0,0,차대사람 - 차도통행중,안전운전불이행,포장 - 건조,맑음,교차로 - 교차로안,건설기계,남,23세,상해없음,보행자,여,87세,사망
2019071000100525,2019년 7월 10일 19시,수요일,경상남도 창원시 마산합포구 월포동,부상신고사고,0,0,0,1,차대사람 - 기타,안전운전불이행,포장 - 젖음/습기,비,교차로 - 교차로안,승용,남,68세,상해없음,보행자,남,57세,부상신고
2019071000100527,2019년 7월 10일 19시,수요일,경상남도 거제시 고현동,경상사고,0,0,2,0,차대사람 - 기타,안전운전불이행,포장 - 젖음/습기,비,교차로 - 교차로부근,이륜,남,47세,상해없음,보행자,남,59세,경상
2019071000100567,2019년 7월 10일 20시,수요일,경상남도 창원시 마산회원구 양덕동,경상사고,0,0,1,0,차대사람 - 횡단중,보행자보호의무위반,포장 - 젖음/습기,비,교차로 - 교차로횡단보도내,승용,남,28세,상해없음,보행자,남,16세,경상
2019071000100634,2019년 7월 10일 21시,수요일,경상남도 통영시 북신동,경상사고,0,0,1,0,차대사람 - 보도통행중,보행자보호의무위반,포장 - 젖음/습기,비,교차로 - 교차로횡단보도내,승용,여,31세,상해없음,보행자,남,59세,경상
2019071000100635,2019년 7월 10일 21시,수요일,경상남도 밀양시 가곡동,중상사고,0,1,0,0,차대사람 - 횡단중,보행자보호의무위반,포장 - 젖음/습기,비,교차로 - 교차로횡단보도내,승용,남,58세,상해없음,보행자,여,74세,중상
2019071000100682,2019년 7월 10일 22시,수요일,경상남도 김해시 삼정동,중상사고,0,2,0,0,차대사람 - 횡단중,안전운전불이행,포장 - 젖음/습기,비,교차로 - 교차로안,승용,남,53세,상해없음,보행자,남,53세,중상
2019071100100062,2019년 7월 11일 02시,목요일,경상남도 김해시 동상동,경상사고,0,0,1,0,차대사람 - 기타,안전운전불이행,포장 - 젖음/습기,비,교차로 - 교차로안,승용,여,37세,상해없음,보행자,여,32세,경상
2019071100100075,2019년 7월 11일 04시,목요일,경상남도 창원시 성산구 대방동,중상사고,0,1,0,0,차대사람 - 횡단중,안전운전불이행,포장 - 젖음/습기,비,단일로 - 기타,승용,남,21세,상해없음,보행자,여,75세,중상
2019071100100458,2019년 7월 11일 17시,목요일,경상남도 사천시 정동면,경상사고,0,0,1,0,차대사람 - 횡단중,보행자보호의무위반,포장 - 건조,맑음,교차로 - 교차로횡단보도내,승용,남,56세,상해없음,보행자,남,7세,경상
2019071100100494,2019년 7월 11일 18시,목요일,경상남도 창원시 진해구 여좌동,경상사고,0,0,1,0,차대사람 - 기타,중앙선침범,포장 - 건조,맑음,단일로 - 기타,승용,남,76세,상해없음,보행자,여,10세,경상
2019071200100236,2019년 7월 12일 10시,금요일,경상남도 김해시 외동,중상사고,0,1,0,0,차대사람 - 기타,안전운전불이행,포장 - 건조,맑음,단일로 - 기타,승용,여,45세,상해없음,보행자,여,59세,중상
2019071200100413,2019년 7월 12일 15시,금요일,경상남도 거제시 연초면,중상사고,0,1,0,0,차대사람 - 차도통행중,안전운전불이행,포장 - 건조,맑음,교차로 - 교차로부근,화물,여,67세,상해없음,보행자,여,73세,중상
2019071200100698,2019년 7월 12일 22시,금요일,경상남도 하동군 진교면,경상사고,0,0,1,0,차대사람 - 차도통행중,안전운전불이행,포장 - 건조,맑음,주차장 - 주차장,화물,남,65세,상해없음,보행자,여,64세,경상
2019071300100109,2019년 7월 13일 07시,토요일,경상남도 진주시 중안동,경상사고,0,0,1,0,차대사람 - 차도통행중,안전운전불이행,포장 - 건조,맑음,단일로 - 기타,승용,남,49세,상해없음,보행자,남,23세,경상
2019071300100206,2019년 7월 13일 11시,토요일,경상남도 김해시 어방동,중상사고,0,1,0,0,차대사람 - 횡단중,안전운전불이행,포장 - 건조,맑음,교차로 - 교차로안,승용,여,48세,상해없음,보행자,여,83세,중상
2019071300100253,2019년 7월 13일 12시,토요일,경상남도 진주시 가좌동,중상사고,0,1,0,0,차대사람 - 횡단중,보행자보호의무위반,포장 - 건조,맑음,교차로 - 교차로부근,이륜,남,24세,상해없음,보행자,여,16세,중상
2019071300100254,2019년 7월 13일 12시,토요일,경상남도 통영시 산양읍,경상사고,0,0,1,0,차대사람 - 기타,안전운전불이행,포장 - 건조,흐림,주차장 - 주차장,승용,남,51세,상해없음,보행자,남,59세,경상
2019071300100255,2019년 7월 13일 12시,토요일,경상남도 김해시 삼정동,경상사고,0,0,1,0,차대사람 - 길가장자리구역통행중,안전운전불이행,포장 - 건조,맑음,단일로 - 기타,승합,남,67세,상해없음,보행자,남,83세,경상
2019071300100326,2019년 7월 13일 14시,토요일,경상남도 양산시 삼호동,중상사고,0,1,0,0,차대사람 - 기타,안전운전불이행,포장 - 기타,흐림,교차로 - 교차로부근,승용,남,35세,상해없음,보행자,남,52세,중상
2019071300100529,2019년 7월 13일 20시,토요일,경상남도 김해시 구산동,중상사고,0,1,0,0,차대사람 - 차도통행중,안전운전불이행,포장 - 건조,맑음,단일로 - 기타,승용,남,32세,상해없음,보행자,남,56세,중상
2019071400100441,2019년 7월 14일 20시,일요일,경상남도 김해시 구산동,경상사고,0,0,1,0,차대사람 - 차도통행중,안전운전불이행,포장 - 건조,맑음,단일로 - 기타,승용,남,70세,상해없음,보행자,남,19세,경상
2019071500100158,2019년 7월 15일 09시,월요일,경상남도 창원시 성산구 사파동,사망사고,1,0,0,0,차대사람 - 차도통행중,안전운전불이행,포장 - 건조,맑음,단일로 - 기타,화물,남,28세,상해없음,보행자,남,69세,사망
2019071500100231,2019년 7월 15일 12시,월요일,경상남도 김해시 삼방동,중상사고,0,1,1,0,차대사람 - 횡단중,안전운전불이행,포장 - 건조,맑음,단일로 - 기타,화물,남,42세,상해없음,보행자,여,19세,중상
2019071500100310,2019년 7월 15일 14시,월요일,경상남도 거제시 장목면,중상사고,0,1,0,0,차대사람 - 횡단중,안전운전불이행,포장 - 건조,맑음,단일로 - 기타,승용,남,64세,상해없음,보행자,여,7세,중상
2019071500100359,2019년 7월 15일 15시,월요일,경상남도 사천시 서포면,중상사고,0,1,0,0,차대사람 - 기타,안전운전불이행,포장 - 건조,맑음,단일로 - 기타,승용,여,30세,상해없음,보행자,남,54세,중상
2019071500100504,2019년 7월 15일 18시,월요일,경상남도 김해시 외동,경상사고,0,0,1,1,차대사람 - 보도통행중,기타,포장 - 건조,맑음,기타 - 기타,자전거,남,11세,부상신고,보행자,여,17세,경상
2019071500100508,2019년 7월 15일 18시,월요일,경상남도 창원시 의창구 팔용동,경상사고,0,0,1,0,차대사람 - 기타,신호위반,포장 - 건조,맑음,교차로 - 교차로부근,승용,여,55세,상해없음,보행자,남,21세,경상
2019071500100600,2019년 7월 15일 21시,월요일,경상남도 김해시 진영읍,중상사고,0,1,0,0,차대사람 - 차도통행중,안전운전불이행,포장 - 건조,맑음,교차로 - 교차로부근,승용,남,29세,상해없음,보행자,여,81세,중상
2019071600100055,2019년 7월 16일 05시,화요일,경상남도 밀양시 산외면,중상사고,0,1,0,0,차대사람 - 횡단중,안전운전불이행,포장 - 건조,흐림,단일로 - 기타,승용,남,29세,상해없음,보행자,여,78세,중상
2019071600100115,2019년 7월 16일 08시,화요일,경상남도 사천시 동금동,중상사고,0,1,0,0,차대사람 - 기타,기타,포장 - 건조,맑음,단일로 - 기타,화물,남,56세,상해없음,보행자,여,70세,중상
2019071600100180,2019년 7월 16일 10시,화요일,경상남도 창원시 마산합포구 자산동,중상사고,0,1,0,0,차대사람 - 차도통행중,안전운전불이행,포장 - 건조,맑음,단일로 - 기타,승용,여,63세,상해없음,보행자,남,62세,중상
2019071600100346,2019년 7월 16일 15시,화요일,경상남도 진주시 칠암동,경상사고,0,0,1,0,차대사람 - 기타,신호위반,포장 - 건조,맑음,교차로 - 교차로안,승용,남,58세,상해없음,보행자,남,77세,경상
2019071600100494,2019년 7월 16일 18시,화요일,경상남도 통영시 정량동,경상사고,0,0,1,0,차대사람 - 기타,안전운전불이행,포장 - 건조,맑음,단일로 - 기타,승용,여,40세,상해없음,보행자,여,24세,경상
2019071600100592,2019년 7월 16일 21시,화요일,경상남도 창원시 마산합포구 상남동,중상사고,0,1,0,0,차대사람 - 차도통행중,안전운전불이행,포장 - 건조,맑음,교차로 - 교차로부근,승용,여,45세,상해없음,보행자,여,43세,중상
2019071600100621,2019년 7월 16일 23시,화요일,경상남도 고성군 동해면,중상사고,0,1,0,0,차대사람 - 횡단중,안전운전불이행,포장 - 건조,맑음,단일로 - 기타,승용,여,36세,상해없음,보행자,남,57세,중상
2019071700100061,2019년 7월 17일 02시,수요일,경상남도 진주시 상평동,경상사고,0,0,1,0,차대사람 - 횡단중,안전운전불이행,포장 - 건조,맑음,단일로 - 기타,승용,남,65세,상해없음,보행자,남,56세,경상
2019071700100071,2019년 7월 17일 03시,수요일,경상남도 창원시 마산합포구 오동동,중상사고,0,1,0,0,차대사람 - 차도통행중,안전운전불이행,포장 - 건조,맑음,교차로 - 교차로안,승용,남,60세,상해없음,보행자,여,63세,중상
2019071700100170,2019년 7월 17일 09시,수요일,경상남도 거제시 사등면,중상사고,0,1,0,0,차대사람 - 기타,안전운전불이행,포장 - 건조,맑음,단일로 - 기타,승용,여,63세,상해없음,보행자,여,62세,중상
2019071700100506,2019년 7월 17일 18시,수요일,경상남도 밀양시 내이동,경상사고,0,0,1,0,차대사람 - 차도통행중,안전운전불이행,포장 - 건조,맑음,교차로 - 교차로안,화물,남,70세,상해없음,보행자,여,58세,경상
2019071700100509,2019년 7월 17일 18시,수요일,경상남도 창원시 성산구 반지동,경상사고,0,0,1,0,차대사람 - 횡단중,안전운전불이행,포장 - 건조,맑음,단일로 - 교량,승용,여,50세,상해없음,보행자,여,37세,경상
2019071700100566,2019년 7월 17일 20시,수요일,경상남도 사천시 곤명면,중상사고,0,1,0,0,차대사람 - 횡단중,보행자보호의무위반,포장 - 젖음/습기,비,교차로 - 교차로횡단보도내,승용,남,28세,상해없음,보행자,여,75세,중상
2019071700100568,2019년 7월 17일 20시,수요일,경상남도 창원시 마산회원구 석전동,경상사고,0,0,1,0,차대사람 - 차도통행중,안전운전불이행,포장 - 건조,흐림,교차로 - 교차로안,승용,남,38세,기타불명,보행자,여,30세,경상