사고번호,사고일시,요일,시군구,사고내용,사망자수,중상자수,경상자수,부상신고자수,사고유형,법규위반,노면상태,기상상태,도로형태,가해운전자 차종,가해운전자 성별,가해운전자 연령,가해운전자 상해정도,피해운전자 차종,피해운전자 성별,피해운전자 연령,피해운전자 상해정도
2019071700100599,2019년 7월 17일 21시,수요일,경상남도 거제시 옥포동,중상사고,0,1,0,0,차대사람 - 길가장자리구역통행중,안전운전불이행,포장 - 건조,맑음,단일로 - 기타,승용,여,46세,상해없음,보행자,남,35세,중상
2019071700100632,2019년 7월 17일 22시,수요일,경상남도 창원시 의창구 봉곡동,경상사고,0,0,1,0,차대사람 - 길가장자리구역통행중,안전운전불이행,포장 - 건조,맑음,교차로 - 교차로부근,승용,남,53세,상해없음,보행자,남,52세,경상
2019071800100038,2019년 7월 18일 02시,목요일,경상남도 창원시 마산합포구 동성동,중상사고,0,1,0,0,차대사람 - 횡단중,안전운전불이행,포장 - 젖음/습기,비,교차로 - 교차로횡단보도내,승용,남,25세,상해없음,보행자,남,50세,중상
2019071800100049,2019년 7월 18일 04시,목요일,경상남도 김해시 외동,경상사고,0,0,1,0,차대사람 - 횡단중,안전운전불이행,포장 - 젖음/습기,비,교차로 - 교차로부근,화물,남,68세,상해없음,보행자,남,27세,경상
2019071800100311,2019년 7월 18일 14시,목요일,경상남도 창녕군 창녕읍,중상사고,0,1,0,0,차대사람 - 기타,안전운전불이행,포장 - 건조,맑음,교차로 - 교차로안,사륜오토바이(ATV),남,81세,상해없음,보행자,여,68세,중상
2019071800100620,2019년 7월 18일 23시,목요일,경상남도 밀양시 내이동,중상사고,0,1,0,0,차대사람 - 횡단중,안전운전불이행,포장 - 건조,맑음,단일로 - 기타,이륜,남,37세,상해없음,보행자,남,25세,중상
2019071900100204,2019년 7월 19일 09시,금요일,경상남도 김해시 부원동,경상사고,0,0,1,0,차대사람 - 횡단중,안전운전불이행,포장 - 젖음/습기,비,교차로 - 교차로안,승용,남,59세,상해없음,보행자,여,59세,경상
2019071900100205,2019년 7월 19일 09시,금요일,경상남도 김해시 부원동,중상사고,0,1,0,0,차대사람 - 차도통행중,안전운전불이행,포장 - 건조,맑음,단일로 - 기타,승용,남,65세,상해없음,보행자,여,78세,중상
2019071900100247,2019년 7월 19일 10시,금요일,경상남도 창원시 마산회원구 양덕동,중상사고,0,1,0,0,차대사람 - 기타,안전운전불이행,포장 - 젖음/습기,비,단일로 - 기타,승합,남,55세,상해없음,보행자,여,55세,중상
2019071900100277,2019년 7월 19일 11시,금요일,경상남도 김해시 대성동,중상사고,0,1,0,0,차대사람 - 차도통행중,안전운전불이행,포장 - 젖음/습기,흐림,교차로 - 교차로부근,승용,남,52세,상해없음,보행자,여,70세,중상
2019071900100278,2019년 7월 19일 11시,금요일,경상남도 창원시 마산합포구 산호동,중상사고,0,1,0,0,차대사람 - 차도통행중,안전운전불이행,포장 - 젖음/습기,비,교차로 - 교차로안,승용,남,62세,상해없음,보행자,여,58세,중상
2019071900100324,2019년 7월 19일 12시,금요일,경상남도 남해군 상주면,경상사고,0,0,1,0,차대사람 - 기타,안전운전불이행,포장 - 젖음/습기,비,단일로 - 기타,화물,남,54세,기타불명,보행자,여,36세,경상
2019071900100560,2019년 7월 19일 18시,금요일,경상남도 김해시 관동동,경상사고,0,0,1,0,차대사람 - 기타,안전운전불이행,포장 - 젖음/습기,비,단일로 - 기타,승용,남,55세,상해없음,보행자,여,67세,경상
2019071900100603,2019년 7월 19일 19시,금요일,경상남도 김해시 부곡동,중상사고,0,1,0,0,차대사람 - 횡단중,안전운전불이행,포장 - 젖음/습기,비,단일로 - 기타,화물,남,65세,상해없음,보행자,여,41세,중상
2019072000100037,2019년 7월 20일 00시,토요일,경상남도 창원시 마산합포구 서성동,중상사고,0,1,0,0,차대사람 - 차도통행중,안전운전불이행,포장 - 젖음/습기,비,교차로 - 교차로안,승용,남,55세,상해없음,보행자,남,72세,중상
2019072000100093,2019년 7월 20일 03시,토요일,경상남도 통영시 중앙동,중상사고,0,1,0,0,차대사람 - 횡단중,보행자보호의무위반,포장 - 젖음/습기,비,교차로 - 교차로횡단보도내,승용,남,51세,상해없음,보행자,남,28세,중상
2019072000100518,2019년 7월 20일 20시,토요일,경상남도 창원시 의창구 신월동,중상사고,0,1,0,0,차대사람 - 횡단중,보행자보호의무위반,포장 - 젖음/습기,비,단일로 - 기타,승용,여,53세,상해없음,보행자,여,25세,중상
2019072000100560,2019년 7월 20일 21시,토요일,경상남도 창원시 진해구 자은동,경상사고,0,0,1,0,차대사람 - 기타,안전운전불이행,포장 - 젖음/습기,비,교차로 - 교차로부근,승용,남,27세,상해없음,보행자,여,59세,경상
2019072100100052,2019년 7월 21일 01시,일요일,경상남도 김해시 외동,경상사고,0,0,1,0,차대사람 - 횡단중,안전운전불이행,포장 - 젖음/습기,비,교차로 - 교차로안,승용,남,53세,상해없음,보행자,남,45세,경상
2019072100100085,2019년 7월 21일 03시,일요일,경상남도 통영시 북신동,경상사고,0,0,1,0,차대사람 - 횡단중,안전운전불이행,포장 - 젖음/습기,비,단일로 - 기타,승용,남,37세,상해없음,보행자,남,32세,경상
2019072100100193,2019년 7월 21일 11시,일요일,경상남도 김해시 동상동,경상사고,0,0,1,0,차대사람 - 기타,안전운전불이행,포장 - 건조,맑음,단일로 - 기타,승용,여,48세,상해없음,보행자,남,50세,경상
2019072100100242,2019년 7월 21일 13시,일요일,경상남도 김해시 동상동,중상사고,0,1,0,0,차대사람 - 기타,안전운전불이행,포장 - 건조,맑음,교차로 - 교차로부근,승용,남,29세,상해없음,보행자,남,48세,상해없음
2019072200100048,2019년 7월 22일 01시,월요일,경상남도 양산시 상북면,중상사고,0,1,0,0,차대사람 - 횡단중,안전운전불이행,포장 - 건조,맑음,교차로 - 교차로안,승용,남,51세,상해없음,보행자,남,22세,중상
2019072200100063,2019년 7월 22일 04시,월요일,경상남도 남해군 미조면,중상사고,0,1,2,0,차대사람 - 기타,안전운전불이행,비포장 - 건조,맑음,단일로 - 기타,화물,남,52세,상해없음,보행자,여,38세,중상
2019072200100140,2019년 7월 22일 08시,월요일,경상남도 김해시 삼방동,경상사고,0,0,1,0,차대사람 - 보도통행중,기타,포장 - 건조,맑음,단일로 - 기타,원동기,남,30세,상해없음,보행자,여,5세,경상
2019072200100216,2019년 7월 22일 10시,월요일,경상남도 김해시 율하동,중상사고,0,1,1,0,차대사람 - 횡단중,신호위반,포장 - 건조,맑음,교차로 - 교차로안,승용,남,58세,상해없음,보행자,여,16세,중상
2019072200100252,2019년 7월 22일 11시,월요일,경상남도 양산시 북부동,경상사고,0,0,1,0,차대사람 - 기타,안전운전불이행,포장 - 건조,맑음,단일로 - 기타,승용,여,61세,상해없음,보행자,여,54세,경상
2019072200100341,2019년 7월 22일 13시,월요일,경상남도 창원시 성산구 반림동,중상사고,0,1,0,0,차대사람 - 횡단중,안전운전불이행,포장 - 건조,맑음,교차로 - 교차로횡단보도내,승합,남,61세,상해없음,보행자,여,54세,중상
2019072200100513,2019년 7월 22일 17시,월요일,경상남도 통영시 중앙동,경상사고,0,0,1,0,차대사람 - 차도통행중,안전운전불이행,포장 - 건조,맑음,단일로 - 기타,승용,남,46세,상해없음,보행자,여,76세,경상
2019072200100651,2019년 7월 22일 20시,월요일,경상남도 김해시 어방동,경상사고,0,0,1,0,차대사람 - 기타,안전운전불이행,포장 - 건조,맑음,단일로 - 기타,승용,남,65세,상해없음,보행자,여,53세,경상
2019072300100075,2019년 7월 23일 04시,화요일,경상남도 김해시 진영읍,중상사고,0,1,0,0,차대사람 - 기타,안전운전불이행,포장 - 건조,맑음,단일로 - 기타,승용,여,45세,상해없음,보행자,남,43세,중상
2019072300100136,2019년 7월 23일 08시,화요일,경상남도 창원시 마산합포구 상남동,경상사고,0,0,1,0,차대사람 - 횡단중,안전운전불이행,포장 - 건조,맑음,단일로 - 기타,승용,남,34세,기타불명,보행자,여,65세,경상
2019072300100234,2019년 7월 23일 11시,화요일,경상남도 창녕군 남지읍,경상사고,0,0,1,0,차대사람 - 기타,중앙선침범,포장 - 건조,맑음,교차로 - 교차로횡단보도내,이륜,남,58세,상해없음,보행자,남,62세,경상
2019072300100433,2019년 7월 23일 16시,화요일,경상남도 함양군 함양읍,부상신고사고,0,0,0,1,차대사람 - 보도통행중,기타,포장 - 건조,맑음,단일로 - 기타,기타불명,기타불명,미분류,기타불명,보행자,여,10세,부상신고
2019072300100487,2019년 7월 23일 17시,화요일,경상남도 고성군 영오면,경상사고,0,0,1,0,차대사람 - 길가장자리구역통행중,안전운전불이행,포장 - 건조,맑음,단일로 - 기타,화물,남,46세,상해없음,보행자,남,22세,경상
2019072300100488,2019년 7월 23일 17시,화요일,경상남도 창원시 의창구 용동,경상사고,0,0,1,0,차대사람 - 횡단중,보행자보호의무위반,포장 - 건조,맑음,교차로 - 교차로횡단보도내,승용,여,43세,상해없음,보행자,남,58세,경상
2019072300100607,2019년 7월 23일 20시,화요일,경상남도 창원시 마산합포구 중성동,중상사고,0,1,0,0,차대사람 - 횡단중,보행자보호의무위반,포장 - 건조,맑음,교차로 - 교차로부근,승용,남,53세,상해없음,보행자,여,75세,중상
2019072300100608,2019년 7월 23일 20시,화요일,경상남도 사천시 정동면,중상사고,0,1,0,0,차대사람 - 횡단중,보행자보호의무위반,포장 - 건조,맑음,교차로 - 교차로횡단보도내,화물,남,54세,상해없음,보행자,여,67세,중상
2019072400100098,2019년 7월 24일 07시,수요일,경상남도 김해시 부원동,경상사고,0,0,1,0,차대사람 - 길가장자리구역통행중,안전운전불이행,포장 - 건조,맑음,단일로 - 기타,화물,남,25세,상해없음,보행자,여,69세,경상
2019072400100235,2019년 7월 24일 11시,수요일,경상남도 사천시 동금동,중상사고,0,1,0,0,차대사람 - 횡단중,안전운전불이행,포장 - 건조,맑음,단일로 - 기타,화물,남,48세,상해없음,보행자,여,72세,중상
2019072400100237,2019년 7월 24일 11시,수요일,경상남도 양산시 삼호동,중상사고,0,1,0,0,차대사람 - 기타,안전운전불이행,포장 - 건조,맑음,단일로 - 기타,승용,여,49세,상해없음,보행자,여,56세,중상
2019072400100275,2019년 7월 24일 12시,수요일,경상남도 창원시 의창구 소답동,중상사고,0,1,0,0,차대사람 - 기타,안전운전불이행,포장 - 건조,맑음,기타 - 기타,승용,남,34세,상해없음,보행자,여,70세,중상
2019072400100345,2019년 7월 24일 14시,수요일,경상남도 양산시 평산동,중상사고,0,1,0,0,차대사람 - 기타,보행자보호의무위반,포장 - 건조,맑음,교차로 - 교차로횡단보도내,승용,남,46세,상해없음,보행자,남,80세,중상
2019072400100541,2019년 7월 24일 18시,수요일,경상남도 통영시 정량동,중상사고,0,1,1,0,차대사람 - 보도통행중,안전운전불이행,포장 - 건조,맑음,단일로 - 기타,화물,남,64세,상해없음,보행자,여,72세,중상
2019072400100610,2019년 7월 24일 20시,수요일,경상남도 김해시 구산동,중상사고,0,1,0,0,차대사람 - 횡단중,안전운전불이행,포장 - 건조,맑음,단일로 - 기타,승용,여,51세,상해없음,보행자,여,54세,중상
2019072400100612,2019년 7월 24일 20시,수요일,경상남도 김해시 한림면,중상사고,0,1,0,0,차대사람 - 차도통행중,안전운전불이행,포장 - 건조,기타,단일로 - 기타,화물,남,40세,상해없음,보행자,남,49세,중상
2019072500100051,2019년 7월 25일 02시,목요일,경상남도 통영시 광도면,경상사고,0,0,2,0,차대사람 - 횡단중,안전운전불이행,포장 - 젖음/습기,비,교차로 - 교차로부근,승용,남,52세,상해없음,보행자,여,41세,경상
2019072500100141,2019년 7월 25일 08시,목요일,경상남도 양산시 동면,중상사고,0,1,0,0,차대사람 - 기타,기타,포장 - 건조,맑음,단일로 - 기타,승합,남,43세,상해없음,보행자,여,59세,중상
2019072500100142,2019년 7월 25일 08시,목요일,경상남도 창원시 마산회원구 회성동,중상사고,0,1,0,0,차대사람 - 차도통행중,신호위반,포장 - 건조,흐림,단일로 - 기타,화물,남,59세,상해없음,보행자,여,67세,중상
2019072500100438,2019년 7월 25일 17시,목요일,경상남도 김해시 동상동,부상신고사고,0,0,0,1,차대사람 - 기타,안전운전불이행,포장 - 건조,맑음,교차로 - 교차로부근,자전거,기타불명,미분류,기타불명,보행자,여,77세,부상신고
2019072500100439,2019년 7월 25일 17시,목요일,경상남도 양산시 남부동,중상사고,0,1,0,0,차대사람 - 횡단중,보행자보호의무위반,포장 - 건조,맑음,교차로 - 교차로횡단보도내,승용,여,33세,상해없음,보행자,남,7세,중상
2019072500100579,2019년 7월 25일 21시,목요일,경상남도 김해시 내동,중상사고,0,1,0,0,차대사람 - 횡단중,보행자보호의무위반,포장 - 건조,맑음,교차로 - 교차로횡단보도내,이륜,남,41세,상해없음,보행자,여,21세,중상
2019072600100035,2019년 7월 26일 00시,금요일,경상남도 사천시 선구동,중상사고,0,1,0,0,차대사람 - 기타,안전운전불이행,포장 - 젖음/습기,안개,단일로 - 기타,승용,남,69세,상해없음,보행자,남,53세,중상
2019072600100131,2019년 7월 26일 08시,금요일,경상남도 사천시 동금동,중상사고,0,1,0,0,차대사람 - 횡단중,보행자보호의무위반,포장 - 건조,맑음,교차로 - 교차로안,화물,남,55세,상해없음,보행자,여,76세,중상
2019072600100132,2019년 7월 26일 08시,금요일,경상남도 창원시 의창구 봉곡동,중상사고,0,1,0,0,차대사람 - 기타,안전운전불이행,포장 - 건조,흐림,단일로 - 기타,이륜,남,21세,상해없음,보행자,여,58세,중상
2019072600100188,2019년 7월 26일 10시,금요일,경상남도 창원시 진해구 화천동,중상사고,0,1,0,0,차대사람 - 기타,보행자보호의무위반,포장 - 건조,맑음,교차로 - 교차로횡단보도내,승합,남,38세,상해없음,보행자,남,45세,중상
2019072600100280,2019년 7월 26일 13시,금요일,경상남도 함양군 함양읍,중상사고,0,1,0,0,차대사람 - 횡단중,안전운전불이행,포장 - 건조,맑음,단일로 - 기타,승용,여,74세,상해없음,보행자,여,85세,중상
2019072600100549,2019년 7월 26일 20시,금요일,경상남도 거제시 문동동,경상사고,0,0,1,0,차대사람 - 차도통행중,안전운전불이행,포장 - 건조,맑음,단일로 - 기타,승합,남,67세,상해없음,보행자,남,12세,경상
2019072600100550,2019년 7월 26일 20시,금요일,경상남도 창원시 성산구 중앙동,중상사고,0,1,0,0,차대사람 - 보도통행중,기타,포장 - 건조,맑음,단일로 - 기타,승용,남,29세,상해없음,보행자,남,59세,중상
2019072600100619,2019년 7월 26일 22시,금요일,경상남도 창원시 마산회원구 양덕동,중상사고,0,1,0,0,차대사람 - 횡단중,보행자보호의무위반,포장 - 건조,맑음,교차로 - 교차로부근,승용,남,51세,상해없음,보행자,남,57세,중상
2019072700100041,2019년 7월 27일 00시,토요일,경상남도 창원시 성산구 대방동,경상사고,0,0,1,0,차대사람 - 횡단중,신호위반,포장 - 건조,맑음,교차로 - 교차로횡단보도내,승용,남,59세,상해없음,보행자,남,55세,경상
2019072700100201,2019년 7월 27일 09시,토요일,경상남도 하동군 화개면,경상사고,0,0,1,0,차대사람 - 기타,안전운전불이행,포장 - 젖음/습기,비,단일로 - 기타,건설기계,남,65세,상해없음,보행자,남,71세,경상
2019072700100234,2019년 7월 27일 10시,토요일,경상남도 창원시 의창구 팔용동,중상사고,0,1,0,0,차대사람 - 기타,안전운전불이행,포장 - 건조,흐림,단일로 - 기타,승용,여,67세,상해없음,보행자,여,66세,중상
2019072700100468,2019년 7월 27일 17시,토요일,경상남도 진주시 상대동,중상사고,0,1,0,0,차대사람 - 보도통행중,보행자보호의무위반,포장 - 건조,맑음,교차로 - 교차로횡단보도내,화물,남,44세,상해없음,보행자,여,64세,중상
2019072700100536,2019년 7월 27일 19시,토요일,경상남도 김해시 대성동,중상사고,0,1,0,0,차대사람 - 횡단중,안전운전불이행,포장 - 젖음/습기,비,교차로 - 교차로안,승용,남,39세,상해없음,보행자,남,63세,중상
2019072800100028,2019년 7월 28일 00시,일요일,경상남도 창원시 성산구 상남동,경상사고,0,0,1,0,차대사람 - 기타,안전운전불이행,포장 - 건조,맑음,단일로 - 기타,승용,여,53세,상해없음,보행자,남,23세,경상
2019072800100379,2019년 7월 28일 20시,일요일,경상남도 통영시 무전동,경상사고,0,0,1,0,차대사람 - 기타,안전운전불이행,포장 - 건조,맑음,단일로 - 기타,승용,남,59세,상해없음,보행자,여,22세,경상
2019072900100229,2019년 7월 29일 11시,월요일,경상남도 양산시 덕계동,부상신고사고,0,0,0,1,차대사람 - 횡단중,안전운전불이행,포장 - 건조,맑음,단일로 - 기타,승용,남,39세,상해없음,보행자,남,2세,부상신고
2019073000100057,2019년 7월 30일 02시,화요일,경상남도 창원시 의창구 봉곡동,경상사고,0,0,1,0,차대사람 - 기타,안전운전불이행,포장 - 건조,맑음,교차로 - 교차로안,승용,남,50세,상해없음,보행자,남,44세,경상
2019073000100168,2019년 7월 30일 09시,화요일,경상남도 통영시 서호동,경상사고,0,0,1,0,차대사람 - 기타,안전운전불이행,포장 - 건조,맑음,단일로 - 기타,승용,여,66세,상해없음,보행자,여,24세,경상
2019073000100193,2019년 7월 30일 10시,화요일,경상남도 진주시 내동면,중상사고,0,1,0,0,차대사람 - 횡단중,안전운전불이행,포장 - 건조,맑음,단일로 - 기타,승용,여,31세,상해없음,보행자,여,70세,중상
2019073000100227,2019년 7월 30일 11시,화요일,경상남도 밀양시 내이동,중상사고,0,1,0,0,차대사람 - 횡단중,보행자보호의무위반,포장 - 건조,맑음,교차로 - 교차로횡단보도내,승용,여,73세,상해없음,보행자,여,85세,중상
2019073000100540,2019년 7월 30일 18시,화요일,경상남도 통영시 항남동,경상사고,0,0,1,0,차대사람 - 차도통행중,안전운전불이행,포장 - 건조,맑음,교차로 - 교차로부근,승용,남,42세,상해없음,보행자,남,13세,경상
2019073000100541,2019년 7월 30일 18시,화요일,경상남도 창원시 마산회원구 구암동,경상사고,0,0,1,0,차대사람 - 기타,안전운전불이행,포장 - 건조,맑음,단일로 - 기타,승합,남,47세,상해없음,보행자,남,19세,경상
2019073000100599,2019년 7월 30일 20시,화요일,경상남도 김해시 삼정동,중상사고,0,1,0,0,차대사람 - 횡단중,안전운전불이행,포장 - 건조,맑음,교차로 - 교차로안,승용,남,41세,상해없음,보행자,남,71세,중상
2019073100100107,2019년 7월 31일 07시,수요일,경상남도 거제시 장평동,중상사고,0,1,0,0,차대사람 - 기타,안전운전불이행,포장 - 건조,맑음,단일로 - 기타,이륜,남,34세,상해없음,보행자,남,51세,중상
2019073100100284,2019년 7월 31일 12시,수요일,경상남도 사천시 대포동,중상사고,0,1,0,0,차대사람 - 횡단중,안전운전불이행,포장 - 건조,맑음,단일로 - 기타,승용,여,61세,상해없음,보행자,여,53세,중상
2019073100100343,2019년 7월 31일 14시,수요일,경상남도 사천시 동금동,경상사고,0,0,1,0,차대사람 - 횡단중,안전운전불이행,포장 - 건조,맑음,교차로 - 교차로부근,화물,남,34세,상해없음,보행자,여,73세,경상
2019073100100412,2019년 7월 31일 16시,수요일,경상남도 창원시 성산구 상남동,중상사고,0,1,0,0,차대사람 - 차도통행중,안전운전불이행,포장 - 건조,맑음,교차로 - 교차로부근,승용,여,52세,상해없음,보행자,남,5세,중상
2019073100100413,2019년 7월 31일 16시,수요일,경상남도 창원시 마산회원구 양덕동,중상사고,0,1,0,0,차대사람 - 기타,기타,포장 - 건조,맑음,단일로 - 지하차도(도로)내,승합,남,46세,상해없음,보행자,여,72세,중상
2019073100100458,2019년 7월 31일 17시,수요일,경상남도 창원시 성산구 중앙동,경상사고,0,0,1,0,차대사람 - 보도통행중,기타,포장 - 건조,맑음,단일로 - 기타,자전거,남,21세,상해없음,보행자,남,56세,경상
2019073100100502,2019년 7월 31일 18시,수요일,경상남도 김해시 외동,중상사고,0,1,0,0,차대사람 - 횡단중,보행자보호의무위반,포장 - 건조,맑음,교차로 - 교차로횡단보도내,승용,여,43세,상해없음,보행자,여,68세,중상
2019073100100544,2019년 7월 31일 19시,수요일,경상남도 창원시 마산합포구 오동동,경상사고,0,0,2,0,차대사람 - 횡단중,안전운전불이행,포장 - 건조,맑음,단일로 - 기타,이륜,남,63세,경상,보행자,남,57세,경상
2019073100100576,2019년 7월 31일 20시,수요일,경상남도 김해시 부원동,중상사고,0,1,0,0,차대사람 - 횡단중,안전운전불이행,포장 - 건조,맑음,단일로 - 기타,원동기,남,57세,상해없음,보행자,여,81세,중상
2019073100100577,2019년 7월 31일 20시,수요일,경상남도 창녕군 창녕읍,중상사고,0,1,0,0,차대사람 - 기타,안전운전불이행,포장 - 건조,맑음,기타 - 기타,승용,여,56세,상해없음,보행자,여,83세,중상
2019073100100619,2019년 7월 31일 21시,수요일,경상남도 김해시 진영읍,경상사고,0,0,1,0,차대사람 - 횡단중,안전운전불이행,포장 - 건조,맑음,교차로 - 교차로안,승용,남,75세,상해없음,보행자,남,64세,경상
2019080100100180,2019년 8월 1일 09시,목요일,경상남도 합천군 대양면,중상사고,0,1,0,0,차대사람 - 차도통행중,안전운전불이행,포장 - 건조,맑음,교차로 - 교차로안,승용,남,29세,상해없음,보행자,여,80세,중상
2019080100100215,2019년 8월 1일 10시,목요일,경상남도 함안군 칠원읍,중상사고,0,1,0,0,차대사람 - 횡단중,보행자보호의무위반,포장 - 건조,맑음,교차로 - 교차로횡단보도내,승용,남,57세,상해없음,보행자,여,48세,중상
2019080100100290,2019년 8월 1일 12시,목요일,경상남도 통영시 한산면,중상사고,0,1,0,0,차대사람 - 기타,안전운전불이행,포장 - 건조,맑음,단일로 - 기타,승용,남,69세,상해없음,보행자,여,74세,중상
2019080100100480,2019년 8월 1일 17시,목요일,경상남도 거제시 장평동,중상사고,0,1,0,0,차대사람 - 횡단중,보행자보호의무위반,포장 - 건조,맑음,교차로 - 교차로횡단보도내,승용,남,31세,상해없음,보행자,여,27세,중상
2019080100100482,2019년 8월 1일 17시,목요일,경상남도 창원시 마산회원구 합성동,중상사고,0,1,0,0,차대사람 - 횡단중,보행자보호의무위반,포장 - 건조,맑음,교차로 - 교차로횡단보도내,승용,남,63세,상해없음,보행자,남,51세,중상
2019080100100533,2019년 8월 1일 18시,목요일,경상남도 거제시 고현동,중상사고,0,1,0,0,차대사람 - 횡단중,보행자보호의무위반,포장 - 건조,맑음,단일로 - 기타,승용,여,33세,상해없음,보행자,남,12세,중상
2019080100100605,2019년 8월 1일 20시,목요일,경상남도 통영시 봉평동,중상사고,0,1,0,0,차대사람 - 횡단중,안전운전불이행,포장 - 건조,맑음,단일로 - 기타,승용,남,30세,상해없음,보행자,여,66세,중상
2019080100100606,2019년 8월 1일 20시,목요일,경상남도 창녕군 창녕읍,중상사고,0,1,0,0,차대사람 - 횡단중,안전운전불이행,포장 - 건조,맑음,단일로 - 기타,승용,여,31세,기타불명,보행자,남,51세,중상
2019080200100035,2019년 8월 2일 00시,금요일,경상남도 창원시 진해구 태평동,경상사고,0,0,1,0,차대사람 - 차도통행중,안전운전불이행,포장 - 젖음/습기,비,교차로 - 교차로안,승용,남,63세,상해없음,보행자,여,50세,경상
2019080200100126,2019년 8월 2일 08시,금요일,경상남도 밀양시 남포동,사망사고,1,0,0,0,차대사람 - 차도통행중,안전운전불이행,포장 - 건조,맑음,단일로 - 기타,승용,남,42세,상해없음,보행자,남,90세 이상,사망
2019080200100181,2019년 8월 2일 10시,금요일,경상남도 사천시 사천읍,중상사고,0,1,0,0,차대사람 - 차도통행중,안전운전불이행,포장 - 건조,맑음,단일로 - 기타,승용,남,54세,상해없음,보행자,남,70세,중상
2019080200100182,2019년 8월 2일 10시,금요일,경상남도 밀양시 가곡동,중상사고,0,1,0,0,차대사람 - 횡단중,보행자보호의무위반,포장 - 건조,맑음,단일로 - 기타,승용,여,34세,상해없음,보행자,남,89세,중상
2019080200100231,2019년 8월 2일 11시,금요일,경상남도 김해시 대성동,경상사고,0,0,1,0,차대사람 - 횡단중,안전운전불이행,포장 - 건조,맑음,단일로 - 기타,화물,남,50세,상해없음,보행자,여,64세,경상
2019080200100302,2019년 8월 2일 13시,금요일,경상남도 통영시 항남동,경상사고,0,0,1,0,차대사람 - 기타,안전운전불이행,포장 - 건조,맑음,단일로 - 기타,승용,여,54세,상해없음,보행자,여,15세,경상
2019080200100481,2019년 8월 2일 17시,금요일,경상남도 진주시 하대동,경상사고,0,0,1,0,차대사람 - 횡단중,보행자보호의무위반,포장 - 건조,맑음,교차로 - 교차로횡단보도내,화물,남,61세,상해없음,보행자,여,67세,경상
2019080200100576,2019년 8월 2일 19시,금요일,경상남도 진주시 중안동,경상사고,0,0,1,0,차대사람 - 차도통행중,안전운전불이행,포장 - 건조,맑음,교차로 - 교차로안,승용,남,69세,상해없음,보행자,여,26세,경상
2019080200100616,2019년 8월 2일 20시,금요일,경상남도 산청군 단성면,중상사고,0,1,0,0,차대사람 - 횡단중,보행자보호의무위반,포장 - 건조,맑음,단일로 - 기타,승용,남,69세,상해없음,보행자,여,82세,중상
2019080300100064,2019년 8월 3일 03시,토요일,경상남도 사천시 동금동,경상사고,0,0,1,0,차대사람 - 차도통행중,안전운전불이행,포장 - 건조,맑음,주차장 - 주차장,승용,남,57세,상해없음,보행자,남,45세,경상
2019080300100070,2019년 8월 3일 04시,토요일,경상남도 밀양시 상남면,사망사고,1,0,0,0,차대사람 - 기타,안전운전불이행,포장 - 건조,흐림,단일로 - 기타,화물,남,52세,상해없음,보행자,여,52세,사망
2019080300100243,2019년 8월 3일 12시,토요일,경상남도 고성군 고성읍,경상사고,0,0,1,0,차대사람 - 차도통행중,안전운전불이행,포장 - 건조,맑음,기타 - 기타,승용,남,64세,상해없음,보행자,남,36세,경상
2019080300100373,2019년 8월 3일 16시,토요일,경상남도 하동군 하동읍,경상사고,0,0,1,0,차대사람 - 기타,안전운전불이행,포장 - 건조,맑음,교차로 - 교차로부근,승용,남,44세,상해없음,보행자,여,76세,경상
2019080300100403,2019년 8월 3일 17시,토요일,경상남도 김해시 삼정동,사망사고,1,0,0,0,차대사람 - 기타,신호위반,포장 - 건조,맑음,교차로 - 교차로횡단보도내,승용,여,39세,상해없음,보행자,남,81세,사망
2019080300100437,2019년 8월 3일 18시,토요일,경상남도 창원시 마산합포구 남성동,중상사고,0,1,0,0,차대사람 - 횡단중,안전운전불이행,포장 - 건조,맑음,단일로 - 기타,승합,남,47세,상해없음,보행자,여,82세,중상
2019080300100457,2019년 8월 3일 19시,토요일,경상남도 김해시 동상동,중상사고,0,1,0,0,차대사람 - 기타,안전운전불이행,포장 - 건조,맑음,단일로 - 기타,승용,남,39세,상해없음,보행자,여,84세,중상
2019080400100218,2019년 8월 4일 12시,일요일,경상남도 양산시 덕계동,경상사고,0,0,1,0,차대사람 - 횡단중,안전운전불이행,포장 - 건조,맑음,교차로 - 교차로안,승용,남,65세,상해없음,보행자,여,68세,경상
2019080400100310,2019년 8월 4일 15시,일요일,경상남도 양산시 중부동,중상사고,0,1,0,0,차대사람 - 횡단중,안전운전불이행,포장 - 건조,맑음,교차로 - 교차로횡단보도내,이륜,남,18세,상해없음,보행자,여,5세,중상
2019080500100091,2019년 8월 5일 07시,월요일,경상남도 창원시 진해구 태평동,중상사고,0,1,0,0,차대사람 - 횡단중,보행자보호의무위반,포장 - 건조,맑음,교차로 - 교차로횡단보도내,승용,남,60세,상해없음,보행자,여,76세,중상
2019080500100126,2019년 8월 5일 08시,월요일,경상남도 통영시 정량동,경상사고,0,0,1,0,차대사람 - 기타,기타,포장 - 건조,맑음,단일로 - 기타,승용,남,52세,상해없음,보행자,남,12세,경상