사고번호,사고일시,요일,시군구,사고내용,사망자수,중상자수,경상자수,부상신고자수,사고유형,법규위반,노면상태,기상상태,도로형태,가해운전자 차종,가해운전자 성별,가해운전자 연령,가해운전자 상해정도,피해운전자 차종,피해운전자 성별,피해운전자 연령,피해운전자 상해정도
2019090500100457,2019년 9월 5일 16시,목요일,경상남도 창원시 마산회원구 합성동,경상사고,0,0,1,0,차대사람 - 횡단중,안전운전불이행,포장 - 건조,맑음,단일로 - 기타,승용,남,63세,상해없음,보행자,남,12세,경상
2019090500100493,2019년 9월 5일 17시,목요일,경상남도 밀양시 내일동,경상사고,0,0,1,0,차대사람 - 보도통행중,보행자보호의무위반,포장 - 건조,맑음,교차로 - 교차로횡단보도내,승용,여,66세,상해없음,보행자,여,68세,경상
2019090500100543,2019년 9월 5일 18시,목요일,경상남도 진주시 호탄동,중상사고,0,2,0,0,차대사람 - 보도통행중,신호위반,포장 - 건조,맑음,교차로 - 교차로횡단보도내,이륜,남,65세,중상,보행자,남,69세,중상
2019090500100545,2019년 9월 5일 18시,목요일,경상남도 창원시 성산구 가음동,중상사고,0,1,0,0,차대사람 - 횡단중,보행자보호의무위반,포장 - 건조,맑음,교차로 - 교차로횡단보도내,승용,남,49세,상해없음,보행자,남,3세,중상
2019090600100032,2019년 9월 6일 00시,금요일,경상남도 고성군 고성읍,사망사고,1,0,0,0,차대사람 - 차도통행중,안전운전불이행,포장 - 건조,맑음,단일로 - 기타,승용,남,47세,상해없음,보행자,남,23세,사망
2019090600100124,2019년 9월 6일 08시,금요일,경상남도 통영시 도천동,중상사고,0,1,0,0,차대사람 - 기타,안전운전불이행,포장 - 건조,맑음,단일로 - 기타,승용,여,54세,상해없음,보행자,남,71세,중상
2019090600100213,2019년 9월 6일 11시,금요일,경상남도 창원시 성산구 성산동,경상사고,0,0,1,0,차대사람 - 차도통행중,안전운전불이행,포장 - 건조,맑음,단일로 - 기타,특수,남,36세,상해없음,보행자,남,44세,경상
2019090600100312,2019년 9월 6일 14시,금요일,경상남도 창원시 마산합포구 신포동2가,경상사고,0,0,1,0,차대사람 - 횡단중,보행자보호의무위반,포장 - 건조,맑음,교차로 - 교차로안,승용,남,19세,상해없음,보행자,여,62세,경상
2019090600100502,2019년 9월 6일 18시,금요일,경상남도 함양군 함양읍,경상사고,0,0,1,0,차대사람 - 횡단중,보행자보호의무위반,포장 - 젖음/습기,비,교차로 - 교차로횡단보도내,승용,남,47세,기타불명,보행자,여,15세,경상
2019090600100503,2019년 9월 6일 18시,금요일,경상남도 창원시 성산구 상남동,중상사고,0,1,0,0,차대사람 - 기타,기타,포장 - 건조,맑음,기타 - 기타,자전거,여,27세,상해없음,보행자,여,60세,중상
2019090700100066,2019년 9월 7일 01시,토요일,경상남도 창원시 마산합포구 창동,경상사고,0,0,1,0,차대사람 - 횡단중,안전운전불이행,포장 - 젖음/습기,비,교차로 - 교차로횡단보도내,승용,남,47세,상해없음,보행자,여,61세,경상
2019090700100080,2019년 9월 7일 02시,토요일,경상남도 거제시 옥포동,경상사고,0,0,1,0,차대사람 - 기타,안전운전불이행,포장 - 젖음/습기,비,단일로 - 기타,승용,남,33세,상해없음,보행자,남,56세,경상
2019090700100082,2019년 9월 7일 02시,토요일,경상남도 창원시 마산회원구 양덕동,중상사고,0,1,0,0,차대사람 - 횡단중,보행자보호의무위반,포장 - 젖음/습기,비,단일로 - 지하차도(도로)내,승합,남,22세,상해없음,보행자,남,49세,중상
2019090700100110,2019년 9월 7일 04시,토요일,경상남도 창원시 성산구 중앙동,경상사고,0,0,1,0,차대사람 - 차도통행중,안전운전불이행,포장 - 건조,맑음,교차로 - 교차로부근,승용,남,56세,상해없음,보행자,남,36세,경상
2019090700100343,2019년 9월 7일 16시,토요일,경상남도 창원시 성산구 반지동,경상사고,0,0,1,0,차대사람 - 차도통행중,안전운전불이행,포장 - 건조,맑음,단일로 - 기타,승용,여,57세,상해없음,보행자,여,38세,경상
2019090700100426,2019년 9월 7일 19시,토요일,경상남도 김해시 구산동,중상사고,0,2,0,0,차대사람 - 횡단중,보행자보호의무위반,포장 - 건조,맑음,교차로 - 교차로횡단보도내,이륜,남,27세,상해없음,보행자,여,31세,중상
2019090700100472,2019년 9월 7일 21시,토요일,경상남도 진주시 가좌동,경상사고,0,0,2,0,차대사람 - 횡단중,보행자보호의무위반,포장 - 건조,흐림,단일로 - 기타,승용,남,58세,상해없음,보행자,여,17세,경상
2019090700100473,2019년 9월 7일 21시,토요일,경상남도 창원시 성산구 상남동,경상사고,0,0,1,0,차대사람 - 차도통행중,안전운전불이행,포장 - 건조,맑음,단일로 - 기타,승합,남,70세,상해없음,보행자,남,29세,경상
2019090800100058,2019년 9월 8일 04시,일요일,경상남도 양산시 북정동,사망사고,1,1,0,0,차대사람 - 기타,안전운전불이행,포장 - 건조,맑음,단일로 - 기타,특수,남,51세,상해없음,보행자,여,59세,사망
2019090800100425,2019년 9월 8일 19시,일요일,경상남도 고성군 영오면,중상사고,0,1,0,0,차대사람 - 횡단중,안전운전불이행,포장 - 건조,흐림,단일로 - 기타,화물,여,59세,상해없음,보행자,여,83세,중상
2019090800100426,2019년 9월 8일 19시,일요일,경상남도 김해시 무계동,중상사고,0,1,0,0,차대사람 - 횡단중,안전운전불이행,포장 - 건조,맑음,단일로 - 기타,기타불명,기타불명,미분류,기타불명,보행자,여,12세,중상
2019090800100461,2019년 9월 8일 20시,일요일,경상남도 김해시 삼정동,중상사고,0,1,0,0,차대사람 - 횡단중,안전운전불이행,포장 - 건조,맑음,교차로 - 교차로안,승용,남,39세,상해없음,보행자,여,62세,중상
2019090800100486,2019년 9월 8일 21시,일요일,경상남도 양산시 명동,중상사고,0,1,0,0,차대사람 - 횡단중,기타,포장 - 건조,맑음,단일로 - 기타,이륜,남,19세,상해없음,보행자,여,4세,중상
2019090900100110,2019년 9월 9일 07시,월요일,경상남도 사천시 정동면,중상사고,0,1,0,0,차대사람 - 횡단중,안전운전불이행,포장 - 건조,맑음,교차로 - 교차로부근,화물,남,24세,상해없음,보행자,여,58세,중상
2019090900100444,2019년 9월 9일 15시,월요일,경상남도 합천군 합천읍,중상사고,0,1,0,0,차대사람 - 길가장자리구역통행중,안전운전불이행,포장 - 건조,흐림,단일로 - 기타,화물,남,40세,상해없음,보행자,여,83세,중상
2019090900100447,2019년 9월 9일 15시,월요일,경상남도 의령군 부림면,중상사고,0,1,0,0,차대사람 - 기타,기타,포장 - 건조,맑음,주차장 - 주차장,승용,남,62세,상해없음,보행자,여,81세,중상
2019090900100496,2019년 9월 9일 16시,월요일,경상남도 통영시 산양읍,중상사고,0,1,0,0,차대사람 - 기타,안전운전불이행,포장 - 젖음/습기,비,단일로 - 기타,승용,남,46세,상해없음,보행자,여,85세,중상
2019090900100498,2019년 9월 9일 16시,월요일,경상남도 밀양시 가곡동,중상사고,0,1,0,0,차대사람 - 보도통행중,안전운전불이행,포장 - 건조,맑음,단일로 - 기타,승용,여,48세,상해없음,보행자,남,71세,중상
2019090900100532,2019년 9월 9일 17시,월요일,경상남도 거제시 상동동,중상사고,0,1,0,0,차대사람 - 기타,안전운전불이행,포장 - 건조,맑음,단일로 - 기타,승용,여,53세,상해없음,보행자,여,81세,중상
2019090900100533,2019년 9월 9일 17시,월요일,경상남도 거제시 옥포동,중상사고,0,1,1,0,차대사람 - 기타,안전운전불이행,포장 - 건조,맑음,기타 - 기타,이륜,남,17세,중상,보행자,남,13세,경상
2019090900100534,2019년 9월 9일 17시,월요일,경상남도 창원시 의창구 용호동,경상사고,0,0,1,0,차대사람 - 기타,신호위반,포장 - 건조,맑음,교차로 - 교차로횡단보도내,승용,남,43세,상해없음,보행자,여,11세,경상
2019090900100584,2019년 9월 9일 18시,월요일,경상남도 창원시 진해구 경화동,중상사고,0,1,0,0,차대사람 - 차도통행중,안전운전불이행,포장 - 건조,맑음,교차로 - 교차로안,화물,남,50세,상해없음,보행자,남,78세,중상
2019090900100589,2019년 9월 9일 18시,월요일,경상남도 김해시 대청동,중상사고,0,1,0,0,차대사람 - 차도통행중,안전운전불이행,포장 - 건조,맑음,단일로 - 기타,승용,여,59세,상해없음,보행자,여,84세,중상
2019090900100646,2019년 9월 9일 19시,월요일,경상남도 통영시 도천동,경상사고,0,0,1,0,차대사람 - 횡단중,신호위반,포장 - 건조,맑음,교차로 - 교차로횡단보도내,승용,남,45세,상해없음,보행자,남,31세,경상
2019090900100647,2019년 9월 9일 19시,월요일,경상남도 양산시 소주동,경상사고,0,0,1,0,차대사람 - 횡단중,보행자보호의무위반,포장 - 건조,맑음,기타 - 기타,화물,남,62세,상해없음,보행자,남,15세,경상
2019090900100695,2019년 9월 9일 20시,월요일,경상남도 김해시 삼정동,부상신고사고,0,0,0,1,차대사람 - 횡단중,안전운전불이행,포장 - 젖음/습기,흐림,단일로 - 기타,승용,여,31세,상해없음,보행자,남,58세,부상신고
2019090900100725,2019년 9월 9일 21시,월요일,경상남도 통영시 무전동,중상사고,0,1,0,0,차대사람 - 횡단중,보행자보호의무위반,포장 - 건조,맑음,단일로 - 기타,승용,남,21세,상해없음,보행자,여,53세,중상
2019091000100109,2019년 9월 10일 06시,화요일,경상남도 양산시 삼호동,경상사고,0,0,1,0,차대사람 - 횡단중,보행자보호의무위반,포장 - 건조,맑음,단일로 - 기타,승용,남,30세,상해없음,보행자,여,77세,경상
2019091000100180,2019년 9월 10일 08시,화요일,경상남도 양산시 덕계동,경상사고,0,0,1,0,차대사람 - 횡단중,안전운전불이행,포장 - 건조,맑음,교차로 - 교차로안,승용,여,43세,상해없음,보행자,남,6세,경상
2019091000100237,2019년 9월 10일 09시,화요일,경상남도 창원시 진해구 마천동,중상사고,0,1,0,0,차대사람 - 횡단중,보행자보호의무위반,포장 - 건조,맑음,교차로 - 교차로안,화물,남,51세,상해없음,보행자,남,88세,중상
2019091000100239,2019년 9월 10일 09시,화요일,경상남도 하동군 하동읍,경상사고,0,0,1,0,차대사람 - 차도통행중,안전운전불이행,포장 - 건조,맑음,단일로 - 기타,승용,남,56세,상해없음,보행자,여,84세,경상
2019091000100285,2019년 9월 10일 10시,화요일,경상남도 창원시 마산합포구 남성동,중상사고,0,1,0,0,차대사람 - 기타,보행자보호의무위반,포장 - 건조,맑음,교차로 - 교차로횡단보도내,승용,여,66세,상해없음,보행자,여,74세,중상
2019091000100286,2019년 9월 10일 10시,화요일,경상남도 거제시 거제면,경상사고,0,0,1,0,차대사람 - 차도통행중,안전운전불이행,포장 - 건조,맑음,교차로 - 교차로부근,승용,남,50세,상해없음,보행자,남,47세,경상
2019091000100360,2019년 9월 10일 12시,화요일,경상남도 김해시 서상동,경상사고,0,0,1,0,차대사람 - 기타,안전운전불이행,포장 - 건조,맑음,단일로 - 기타,승용,여,57세,상해없음,보행자,남,45세,경상
2019091000100445,2019년 9월 10일 14시,화요일,경상남도 거창군 거창읍,중상사고,0,1,0,0,차대사람 - 횡단중,보행자보호의무위반,포장 - 건조,맑음,교차로 - 교차로횡단보도내,승용,여,37세,상해없음,보행자,남,8세,중상
2019091000100487,2019년 9월 10일 15시,화요일,경상남도 통영시 광도면,중상사고,0,1,0,0,차대사람 - 횡단중,안전운전불이행,포장 - 건조,맑음,교차로 - 교차로부근,화물,남,60세,상해없음,보행자,여,55세,중상
2019091000100527,2019년 9월 10일 16시,화요일,경상남도 창원시 마산회원구 봉암동,경상사고,0,0,1,0,차대사람 - 차도통행중,안전운전불이행,포장 - 건조,맑음,단일로 - 기타,승용,남,63세,상해없음,보행자,여,16세,경상
2019091000100772,2019년 9월 10일 21시,화요일,경상남도 진주시 장대동,중상사고,0,1,0,0,차대사람 - 횡단중,보행자보호의무위반,포장 - 건조,맑음,교차로 - 교차로횡단보도내,승용,여,58세,상해없음,보행자,여,71세,중상
2019091100100114,2019년 9월 11일 05시,수요일,경상남도 창원시 의창구 봉곡동,중상사고,0,1,0,0,차대사람 - 기타,안전운전불이행,포장 - 젖음/습기,맑음,교차로 - 교차로안,화물,남,56세,상해없음,보행자,여,40세,중상
2019091100100150,2019년 9월 11일 07시,수요일,경상남도 함안군 칠서면,중상사고,0,1,0,0,차대사람 - 기타,안전운전불이행,포장 - 건조,맑음,교차로 - 교차로안,승용,남,44세,상해없음,보행자,여,69세,중상
2019091100100227,2019년 9월 11일 09시,수요일,경상남도 양산시 중부동,경상사고,0,0,1,0,차대사람 - 횡단중,보행자보호의무위반,포장 - 건조,맑음,교차로 - 교차로횡단보도내,이륜,남,52세,상해없음,보행자,여,58세,경상
2019091100100258,2019년 9월 11일 10시,수요일,경상남도 진주시 동성동,중상사고,0,1,0,0,차대사람 - 횡단중,신호위반,포장 - 건조,맑음,교차로 - 교차로안,승용,남,54세,상해없음,보행자,남,60세,중상
2019091100100259,2019년 9월 11일 10시,수요일,경상남도 통영시 광도면,중상사고,0,1,0,0,차대사람 - 횡단중,보행자보호의무위반,포장 - 건조,맑음,교차로 - 교차로횡단보도내,화물,남,32세,상해없음,보행자,여,68세,중상
2019091100100385,2019년 9월 11일 13시,수요일,경상남도 창원시 성산구 상남동,중상사고,0,1,0,0,차대사람 - 횡단중,과속,포장 - 건조,맑음,교차로 - 교차로부근,이륜,남,29세,상해없음,보행자,여,24세,중상
2019091100100436,2019년 9월 11일 14시,수요일,경상남도 사천시 사천읍,중상사고,0,1,0,0,차대사람 - 차도통행중,안전운전불이행,포장 - 건조,맑음,단일로 - 기타,승용,여,51세,상해없음,보행자,여,88세,중상
2019091100100438,2019년 9월 11일 14시,수요일,경상남도 양산시 삼호동,경상사고,0,0,1,0,차대사람 - 횡단중,보행자보호의무위반,포장 - 건조,맑음,교차로 - 교차로횡단보도내,승용,여,40세,상해없음,보행자,남,51세,경상
2019091100100497,2019년 9월 11일 15시,수요일,경상남도 사천시 대방동,경상사고,0,0,1,0,차대사람 - 차도통행중,안전운전불이행,포장 - 건조,맑음,단일로 - 기타,승용,남,38세,상해없음,보행자,여,74세,경상
2019091100100501,2019년 9월 11일 15시,수요일,경상남도 남해군 고현면,중상사고,0,2,0,0,차대사람 - 보도통행중,신호위반,포장 - 건조,맑음,교차로 - 교차로안,승용,여,54세,상해없음,보행자,여,51세,중상
2019091100100671,2019년 9월 11일 18시,수요일,경상남도 통영시 무전동,경상사고,0,0,1,0,차대사람 - 길가장자리구역통행중,안전운전불이행,포장 - 건조,맑음,단일로 - 기타,이륜,남,15세,상해없음,보행자,여,62세,경상
2019091100100773,2019년 9월 11일 20시,수요일,경상남도 양산시 물금읍,경상사고,0,0,1,0,차대사람 - 기타,안전운전불이행,포장 - 건조,맑음,기타 - 기타,승용,여,23세,상해없음,보행자,남,29세,경상
2019091100100828,2019년 9월 11일 22시,수요일,경상남도 창원시 마산합포구 오동동,부상신고사고,0,0,0,1,차대사람 - 차도통행중,안전운전불이행,포장 - 건조,맑음,단일로 - 기타,승용,남,71세,상해없음,보행자,남,51세,부상신고
2019091100100829,2019년 9월 11일 22시,수요일,경상남도 진주시 대안동,경상사고,0,0,1,0,차대사람 - 횡단중,안전운전불이행,포장 - 건조,맑음,단일로 - 기타,승용,남,29세,상해없음,보행자,여,17세,경상
2019091100100830,2019년 9월 11일 22시,수요일,경상남도 창원시 진해구 용원동,경상사고,0,0,1,0,차대사람 - 횡단중,보행자보호의무위반,포장 - 건조,맑음,교차로 - 교차로횡단보도내,자전거,기타불명,미분류,기타불명,보행자,여,17세,경상
2019091100100831,2019년 9월 11일 22시,수요일,경상남도 거제시 고현동,중상사고,0,1,0,0,차대사람 - 기타,안전운전불이행,포장 - 젖음/습기,비,기타 - 기타,승용,남,47세,상해없음,보행자,남,60세,중상
2019091100100860,2019년 9월 11일 23시,수요일,경상남도 창원시 의창구 용동,부상신고사고,0,0,0,1,차대사람 - 횡단중,안전운전불이행,포장 - 건조,맑음,단일로 - 기타,승용,남,68세,상해없음,보행자,남,21세,부상신고
2019091200100026,2019년 9월 12일 00시,목요일,경상남도 창원시 성산구 상남동,부상신고사고,0,0,0,1,차대사람 - 길가장자리구역통행중,안전운전불이행,포장 - 건조,맑음,단일로 - 기타,승용,여,18세,상해없음,보행자,남,55세,부상신고
2019091200100229,2019년 9월 12일 12시,목요일,경상남도 창원시 마산합포구 신포동2가,중상사고,0,1,0,0,차대사람 - 기타,안전운전불이행,포장 - 건조,맑음,단일로 - 기타,승용,남,32세,상해없음,보행자,여,55세,중상
2019091200100297,2019년 9월 12일 14시,목요일,경상남도 창원시 진해구 태평동,중상사고,0,1,0,0,차대사람 - 차도통행중,안전운전불이행,포장 - 건조,맑음,단일로 - 기타,승용,여,56세,상해없음,보행자,여,80세,중상
2019091200100327,2019년 9월 12일 15시,목요일,경상남도 창녕군 남지읍,중상사고,0,1,0,0,차대사람 - 기타,안전운전불이행,포장 - 건조,맑음,교차로 - 교차로안,화물,남,68세,상해없음,보행자,여,85세,중상
2019091200100402,2019년 9월 12일 18시,목요일,경상남도 김해시 동상동,부상신고사고,0,0,0,1,차대사람 - 기타,안전운전불이행,포장 - 건조,맑음,단일로 - 기타,승용,여,60세,상해없음,보행자,남,33세,부상신고
2019091300100149,2019년 9월 13일 11시,금요일,경상남도 양산시 상북면,중상사고,0,1,0,0,차대사람 - 기타,안전운전불이행,포장 - 건조,맑음,단일로 - 기타,화물,남,48세,상해없음,보행자,남,58세,중상
2019091300100150,2019년 9월 13일 11시,금요일,경상남도 고성군 고성읍,부상신고사고,0,0,0,1,차대사람 - 횡단중,안전운전불이행,비포장 - 건조,맑음,단일로 - 기타,승합,남,66세,상해없음,보행자,남,26세,부상신고
2019091300100259,2019년 9월 13일 14시,금요일,경상남도 의령군 유곡면,중상사고,0,1,0,0,차대사람 - 횡단중,안전운전불이행,포장 - 건조,맑음,단일로 - 기타,승용,여,30세,상해없음,보행자,여,75세,중상
2019091300100423,2019년 9월 13일 21시,금요일,경상남도 김해시 대동면,중상사고,0,1,0,0,차대사람 - 기타,보행자보호의무위반,포장 - 건조,맑음,교차로 - 교차로안,화물,남,71세,상해없음,보행자,여,7세,중상
2019091300100446,2019년 9월 13일 23시,금요일,경상남도 창원시 마산합포구 산호동,경상사고,0,0,1,0,차대사람 - 차도통행중,안전운전불이행,포장 - 건조,맑음,단일로 - 기타,승용,여,50세,상해없음,보행자,남,46세,경상
2019091400100019,2019년 9월 14일 00시,토요일,경상남도 통영시 미수동,중상사고,0,1,0,0,차대사람 - 기타,안전운전불이행,포장 - 건조,맑음,단일로 - 기타,승용,남,21세,상해없음,보행자,여,47세,중상
2019091400100064,2019년 9월 14일 05시,토요일,경상남도 밀양시 삼문동,중상사고,0,1,0,0,차대사람 - 기타,안전운전불이행,포장 - 건조,맑음,단일로 - 기타,원동기,남,23세,상해없음,보행자,여,79세,중상
2019091400100065,2019년 9월 14일 05시,토요일,경상남도 창원시 성산구 상남동,경상사고,0,0,1,0,차대사람 - 기타,안전운전불이행,포장 - 건조,맑음,단일로 - 기타,승용,남,46세,상해없음,보행자,남,29세,경상
2019091400100177,2019년 9월 14일 13시,토요일,경상남도 창원시 진해구 경화동,중상사고,0,1,0,0,차대사람 - 횡단중,안전운전불이행,포장 - 건조,맑음,단일로 - 기타,승용,여,28세,상해없음,보행자,여,14세,중상
2019091400100319,2019년 9월 14일 18시,토요일,경상남도 창원시 성산구 반지동,경상사고,0,0,1,0,차대사람 - 차도통행중,안전운전불이행,포장 - 건조,맑음,교차로 - 교차로부근,승용,남,71세,상해없음,보행자,여,73세,경상
2019091400100347,2019년 9월 14일 19시,토요일,경상남도 사천시 좌룡동,경상사고,0,0,1,0,차대사람 - 길가장자리구역통행중,안전운전불이행,포장 - 건조,맑음,교차로 - 교차로부근,승용,여,64세,상해없음,보행자,남,15세,경상
2019091400100348,2019년 9월 14일 19시,토요일,경상남도 밀양시 가곡동,부상신고사고,0,0,0,1,차대사람 - 횡단중,안전운전불이행,포장 - 건조,맑음,단일로 - 기타,승용,남,24세,상해없음,보행자,여,12세,부상신고
2019091400100413,2019년 9월 14일 22시,토요일,경상남도 창원시 진해구 용원동,경상사고,0,0,1,0,차대사람 - 기타,안전운전불이행,포장 - 건조,맑음,교차로 - 교차로부근,승용,남,15세,상해없음,보행자,남,16세,경상
2019091400100428,2019년 9월 14일 23시,토요일,경상남도 진주시 상대동,중상사고,0,1,0,0,차대사람 - 기타,안전운전불이행,포장 - 건조,맑음,단일로 - 기타,승용,남,30세,상해없음,보행자,여,25세,중상
2019091600100150,2019년 9월 16일 08시,월요일,경상남도 진주시 동성동,경상사고,0,0,1,0,차대사람 - 횡단중,안전운전불이행,포장 - 건조,맑음,교차로 - 교차로안,화물,남,66세,상해없음,보행자,남,54세,경상
2019091600100151,2019년 9월 16일 08시,월요일,경상남도 사천시 벌리동,중상사고,0,1,0,0,차대사람 - 횡단중,보행자보호의무위반,포장 - 건조,맑음,교차로 - 교차로안,이륜,남,73세,상해없음,보행자,여,21세,중상
2019091600100236,2019년 9월 16일 10시,월요일,경상남도 거제시 옥포동,중상사고,0,1,0,0,차대사람 - 차도통행중,안전운전불이행,포장 - 건조,맑음,교차로 - 교차로부근,승용,여,53세,상해없음,보행자,여,83세,중상
2019091600100288,2019년 9월 16일 12시,월요일,경상남도 양산시 평산동,경상사고,0,0,1,0,차대사람 - 보도통행중,보행자보호의무위반,포장 - 건조,맑음,교차로 - 교차로횡단보도내,승용,남,53세,상해없음,보행자,여,47세,경상
2019091600100403,2019년 9월 16일 15시,월요일,경상남도 창원시 진해구 용원동,중상사고,0,1,0,0,차대사람 - 횡단중,안전운전불이행,포장 - 건조,맑음,단일로 - 기타,승용,남,20세,상해없음,보행자,남,7세,중상
2019091600100405,2019년 9월 16일 15시,월요일,경상남도 창녕군 창녕읍,중상사고,0,1,0,0,차대사람 - 기타,안전운전불이행,포장 - 건조,맑음,단일로 - 기타,화물,남,53세,상해없음,보행자,여,79세,중상
2019091600100491,2019년 9월 16일 17시,월요일,경상남도 진주시 금산면,중상사고,0,1,0,0,차대사람 - 횡단중,안전운전불이행,포장 - 건조,맑음,교차로 - 교차로안,승용,여,45세,상해없음,보행자,여,72세,중상
2019091600100494,2019년 9월 16일 17시,월요일,경상남도 함양군 함양읍,중상사고,0,1,0,0,차대사람 - 차도통행중,안전운전불이행,포장 - 건조,맑음,교차로 - 교차로안,승용,여,37세,상해없음,보행자,남,82세,중상
2019091600100495,2019년 9월 16일 17시,월요일,경상남도 창원시 의창구 봉곡동,중상사고,0,1,0,0,차대사람 - 차도통행중,안전운전불이행,포장 - 건조,맑음,단일로 - 기타,기타불명,기타불명,미분류,기타불명,보행자,여,64세,중상
2019091600100637,2019년 9월 16일 21시,월요일,경상남도 창원시 진해구 용원동,사망사고,1,0,0,0,차대사람 - 기타,안전운전불이행,포장 - 건조,맑음,단일로 - 기타,승용,남,39세,상해없음,보행자,남,41세,사망
2019091600100638,2019년 9월 16일 21시,월요일,경상남도 김해시 진영읍,경상사고,0,0,1,0,차대사람 - 기타,안전운전불이행,포장 - 건조,맑음,단일로 - 기타,승용,남,43세,상해없음,보행자,남,55세,경상
2019091700100048,2019년 9월 17일 02시,화요일,경상남도 진주시 봉곡동,중상사고,0,1,0,0,차대사람 - 횡단중,보행자보호의무위반,포장 - 건조,맑음,교차로 - 교차로횡단보도내,승용,남,30세,상해없음,보행자,남,53세,중상
2019091700100151,2019년 9월 17일 08시,화요일,경상남도 진주시 평거동,경상사고,0,0,1,0,차대사람 - 횡단중,신호위반,포장 - 건조,맑음,교차로 - 교차로횡단보도내,승용,여,42세,상해없음,보행자,여,7세,경상
2019091700100211,2019년 9월 17일 09시,화요일,경상남도 거제시 옥포동,경상사고,0,0,1,0,차대사람 - 기타,안전운전불이행,포장 - 건조,맑음,단일로 - 기타,기타불명,기타불명,미분류,기타불명,보행자,남,39세,경상
2019091700100246,2019년 9월 17일 10시,화요일,경상남도 통영시 도천동,부상신고사고,0,0,0,1,차대사람 - 횡단중,안전운전불이행,포장 - 건조,맑음,단일로 - 기타,원동기,남,55세,상해없음,보행자,남,66세,부상신고
2019091700100278,2019년 9월 17일 11시,화요일,경상남도 진주시 호탄동,중상사고,0,1,0,0,차대사람 - 기타,안전운전불이행,포장 - 건조,맑음,단일로 - 기타,자전거,남,52세,상해없음,보행자,여,75세,중상
2019091700100455,2019년 9월 17일 16시,화요일,경상남도 통영시 북신동,경상사고,0,0,1,0,차대사람 - 횡단중,보행자보호의무위반,포장 - 건조,맑음,교차로 - 교차로횡단보도내,승용,여,51세,상해없음,보행자,남,12세,경상
2019091700100458,2019년 9월 17일 16시,화요일,경상남도 창원시 성산구 성주동,경상사고,0,0,1,0,차대사람 - 횡단중,보행자보호의무위반,포장 - 건조,맑음,교차로 - 교차로횡단보도내,승용,남,49세,상해없음,보행자,여,13세,경상
2019091700100549,2019년 9월 17일 18시,화요일,경상남도 양산시 물금읍,중상사고,0,1,0,0,차대사람 - 횡단중,보행자보호의무위반,포장 - 건조,맑음,단일로 - 기타,승합,여,40세,상해없음,보행자,여,11세,중상
2019091700100604,2019년 9월 17일 19시,화요일,경상남도 김해시 외동,경상사고,0,0,1,0,차대사람 - 차도통행중,안전운전불이행,포장 - 건조,맑음,단일로 - 기타,승용,여,48세,상해없음,보행자,여,9세,경상
2019091800100052,2019년 9월 18일 02시,수요일,경상남도 창원시 성산구 상남동,중상사고,0,1,0,0,차대사람 - 횡단중,신호위반,포장 - 건조,맑음,교차로 - 교차로횡단보도내,승용,남,62세,상해없음,보행자,남,64세,중상
2019091800100176,2019년 9월 18일 09시,수요일,경상남도 함양군 함양읍,부상신고사고,0,0,0,1,차대사람 - 보도통행중,안전운전불이행,포장 - 건조,맑음,단일로 - 기타,승합,남,54세,상해없음,보행자,남,60세,부상신고
2019091800100424,2019년 9월 18일 16시,수요일,경상남도 창원시 진해구 경화동,중상사고,0,1,0,0,차대사람 - 보도통행중,교차로운행방법위반,포장 - 건조,맑음,교차로 - 교차로안,승용,남,54세,상해없음,보행자,남,49세,중상
2019091800100482,2019년 9월 18일 17시,수요일,경상남도 합천군 쌍백면,중상사고,0,1,0,0,차대사람 - 길가장자리구역통행중,안전운전불이행,포장 - 건조,맑음,단일로 - 기타,승용,남,64세,상해없음,보행자,여,64세,중상
2019091800100608,2019년 9월 18일 19시,수요일,경상남도 거제시 상동동,중상사고,0,1,0,0,차대사람 - 차도통행중,안전운전불이행,포장 - 건조,맑음,주차장 - 주차장,화물,남,36세,상해없음,보행자,여,62세,중상
2019091800100696,2019년 9월 18일 22시,수요일,경상남도 양산시 물금읍,경상사고,0,0,1,0,차대사람 - 기타,안전운전불이행,포장 - 건조,맑음,교차로 - 교차로안,승용,남,30세,상해없음,보행자,여,4세,경상
2019091900100092,2019년 9월 19일 06시,목요일,경상남도 김해시 외동,중상사고,0,1,0,0,차대사람 - 기타,안전운전불이행,포장 - 건조,맑음,교차로 - 교차로안,승용,남,51세,상해없음,보행자,여,71세,중상
2019091900100364,2019년 9월 19일 14시,목요일,경상남도 사천시 벌리동,중상사고,0,1,0,0,차대사람 - 보도통행중,안전운전불이행,포장 - 건조,맑음,교차로 - 교차로안,승용,남,35세,상해없음,보행자,여,59세,중상
2019091900100402,2019년 9월 19일 15시,목요일,경상남도 창원시 마산회원구 내서읍,경상사고,0,0,1,0,차대사람 - 횡단중,보행자보호의무위반,포장 - 건조,맑음,교차로 - 교차로횡단보도내,승용,여,54세,상해없음,보행자,여,20세,경상
2019091900100451,2019년 9월 19일 16시,목요일,경상남도 창원시 성산구 상남동,중상사고,0,1,0,0,차대사람 - 횡단중,안전운전불이행,포장 - 건조,맑음,단일로 - 기타,승용,여,50세,상해없음,보행자,남,9세,중상