사고번호,사고일시,요일,시군구,사고내용,사망자수,중상자수,경상자수,부상신고자수,사고유형,법규위반,노면상태,기상상태,도로형태,가해운전자 차종,가해운전자 성별,가해운전자 연령,가해운전자 상해정도,피해운전자 차종,피해운전자 성별,피해운전자 연령,피해운전자 상해정도
2020030300100269,2020년 3월 3일 17시,화요일,경상남도 양산시 남부동,중상사고,0,1,0,0,차대사람 - 횡단중,안전운전불이행,포장 - 건조,맑음,교차로 - 교차로안,승용,남,71세,상해없음,보행자,여,74세,중상
2020030300100323,2020년 3월 3일 19시,화요일,경상남도 진주시 상대동,경상사고,0,0,1,0,차대사람 - 기타,안전운전불이행,포장 - 건조,맑음,기타 - 기타,승용,남,41세,상해없음,보행자,남,30세,경상
2020030400100012,2020년 3월 4일 00시,수요일,경상남도 거제시 아주동,중상사고,0,1,0,0,차대사람 - 기타,안전운전불이행,포장 - 건조,맑음,교차로 - 교차로안,승용,남,33세,상해없음,보행자,남,34세,중상
2020030400100072,2020년 3월 4일 08시,수요일,경상남도 밀양시 내이동,경상사고,0,0,1,0,차대사람 - 차도통행중,안전운전불이행,포장 - 건조,맑음,교차로 - 교차로안,승용,여,67세,상해없음,보행자,남,46세,경상
2020030400100101,2020년 3월 4일 10시,수요일,경상남도 창원시 마산합포구 진동면,중상사고,0,1,0,0,차대사람 - 차도통행중,안전운전불이행,포장 - 건조,맑음,단일로 - 기타,화물,남,61세,상해없음,보행자,남,64세,중상
2020030400100204,2020년 3월 4일 14시,수요일,경상남도 통영시 북신동,경상사고,0,0,1,0,차대사람 - 길가장자리구역통행중,안전운전불이행,포장 - 건조,맑음,교차로 - 교차로부근,승용,여,23세,상해없음,보행자,남,76세,경상
2020030400100221,2020년 3월 4일 15시,수요일,경상남도 창원시 의창구 봉곡동,경상사고,0,0,1,0,차대사람 - 차도통행중,안전운전불이행,포장 - 건조,맑음,기타 - 기타,화물,남,56세,상해없음,보행자,남,57세,경상
2020030400100282,2020년 3월 4일 17시,수요일,경상남도 밀양시 상남면,중상사고,0,1,0,0,차대사람 - 횡단중,신호위반,포장 - 건조,맑음,교차로 - 교차로안,승용,남,31세,상해없음,보행자,여,70세,중상
2020030400100310,2020년 3월 4일 18시,수요일,경상남도 양산시 평산동,경상사고,0,0,1,0,차대사람 - 기타,안전운전불이행,포장 - 건조,맑음,단일로 - 기타,이륜,남,33세,상해없음,보행자,남,52세,경상
2020030400100343,2020년 3월 4일 19시,수요일,경상남도 창원시 성산구 성주동,중상사고,0,1,0,0,차대사람 - 횡단중,보행자보호의무위반,포장 - 건조,맑음,교차로 - 교차로횡단보도내,승용,남,31세,상해없음,보행자,남,30세,중상
2020030400100344,2020년 3월 4일 19시,수요일,경상남도 창원시 마산회원구 석전동,중상사고,0,1,0,0,차대사람 - 횡단중,안전운전불이행,포장 - 건조,맑음,교차로 - 교차로횡단보도내,이륜,남,38세,상해없음,보행자,여,63세,중상
2020030500100008,2020년 3월 5일 00시,목요일,경상남도 김해시 대청동,경상사고,0,0,1,0,차대사람 - 기타,안전운전불이행,포장 - 건조,맑음,교차로 - 교차로안,화물,남,38세,상해없음,보행자,남,58세,경상
2020030500100405,2020년 3월 5일 19시,목요일,경상남도 양산시 삼호동,중상사고,0,1,0,0,차대사람 - 기타,안전운전불이행,포장 - 건조,맑음,단일로 - 기타,승용,남,22세,상해없음,보행자,남,49세,중상
2020030500100453,2020년 3월 5일 21시,목요일,경상남도 진주시 하대동,중상사고,0,1,0,0,차대사람 - 기타,안전운전불이행,포장 - 건조,맑음,단일로 - 기타,승용,남,51세,상해없음,보행자,여,49세,중상
2020030600100032,2020년 3월 6일 03시,금요일,경상남도 양산시 동면,경상사고,0,0,1,0,차대사람 - 기타,안전운전불이행,포장 - 건조,맑음,교차로 - 교차로부근,승용,남,31세,상해없음,보행자,남,48세,경상
2020030600100050,2020년 3월 6일 05시,금요일,경상남도 진주시 가좌동,중상사고,0,1,0,0,차대사람 - 횡단중,안전운전불이행,포장 - 건조,맑음,단일로 - 기타,승합,남,49세,상해없음,보행자,여,62세,중상
2020030600100142,2020년 3월 6일 09시,금요일,경상남도 김해시 내동,경상사고,0,0,1,0,차대사람 - 횡단중,보행자보호의무위반,포장 - 건조,맑음,교차로 - 교차로횡단보도내,화물,남,54세,상해없음,보행자,남,46세,경상
2020030600100243,2020년 3월 6일 13시,금요일,경상남도 창원시 진해구 석동,사망사고,1,0,0,0,차대사람 - 횡단중,보행자보호의무위반,포장 - 건조,맑음,교차로 - 교차로횡단보도내,승용,여,55세,상해없음,보행자,여,58세,사망
2020030600100244,2020년 3월 6일 13시,금요일,경상남도 밀양시 하남읍,경상사고,0,0,1,0,차대사람 - 횡단중,보행자보호의무위반,포장 - 건조,맑음,교차로 - 교차로횡단보도내,승용,남,21세,상해없음,보행자,남,56세,경상
2020030600100401,2020년 3월 6일 17시,금요일,경상남도 양산시 덕계동,경상사고,0,0,1,0,차대사람 - 횡단중,안전운전불이행,포장 - 건조,맑음,단일로 - 기타,승용,여,59세,상해없음,보행자,남,69세,경상
2020030700100319,2020년 3월 7일 18시,토요일,경상남도 사천시 동금동,중상사고,0,1,0,0,차대사람 - 횡단중,보행자보호의무위반,포장 - 젖음/습기,비,교차로 - 교차로안,승용,남,42세,상해없음,보행자,남,68세,중상
2020030700100352,2020년 3월 7일 19시,토요일,경상남도 진주시 하대동,경상사고,0,0,1,0,차대사람 - 횡단중,신호위반,포장 - 젖음/습기,비,교차로 - 교차로횡단보도내,승용,남,65세,상해없음,보행자,여,48세,경상
2020030700100353,2020년 3월 7일 19시,토요일,경상남도 양산시 물금읍,중상사고,0,1,0,0,차대사람 - 횡단중,안전운전불이행,포장 - 젖음/습기,비,교차로 - 교차로부근,승용,여,48세,상해없음,보행자,남,48세,중상
2020030800100052,2020년 3월 8일 05시,일요일,경상남도 사천시 향촌동,중상사고,0,1,0,0,차대사람 - 횡단중,안전운전불이행,포장 - 건조,맑음,단일로 - 기타,승용,남,40세,상해없음,보행자,여,83세,중상
2020030800100230,2020년 3월 8일 16시,일요일,경상남도 김해시 주촌면,경상사고,0,0,1,0,차대사람 - 횡단중,안전운전불이행,포장 - 건조,맑음,교차로 - 교차로안,승용,남,26세,상해없음,보행자,남,54세,경상
2020030800100264,2020년 3월 8일 17시,일요일,경상남도 창원시 의창구 서상동,중상사고,0,1,0,0,차대사람 - 보도통행중,신호위반,포장 - 건조,맑음,단일로 - 기타,사륜오토바이(ATV),남,35세,상해없음,보행자,여,20세,중상
2020030800100308,2020년 3월 8일 19시,일요일,경상남도 창녕군 창녕읍,중상사고,0,1,0,0,차대사람 - 기타,안전운전불이행,포장 - 건조,맑음,교차로 - 교차로안,승용,남,18세,상해없음,보행자,남,58세,중상
2020030900100321,2020년 3월 9일 16시,월요일,경상남도 창원시 의창구 소답동,경상사고,0,0,1,0,차대사람 - 횡단중,안전운전불이행,포장 - 건조,맑음,교차로 - 교차로안,승용,남,38세,상해없음,보행자,남,59세,경상
2020030900100536,2020년 3월 9일 23시,월요일,경상남도 사천시 벌리동,중상사고,0,1,0,0,차대사람 - 횡단중,보행자보호의무위반,포장 - 젖음/습기,비,교차로 - 교차로부근,승용,남,69세,상해없음,보행자,남,52세,중상
2020030900100537,2020년 3월 9일 23시,월요일,경상남도 양산시 상북면,중상사고,0,1,0,0,차대사람 - 기타,안전운전불이행,포장 - 젖음/습기,비,단일로 - 기타,승용,남,27세,상해없음,보행자,남,30세,중상
2020031000100015,2020년 3월 10일 00시,화요일,경상남도 거제시 아주동,경상사고,0,0,1,0,차대사람 - 차도통행중,안전운전불이행,포장 - 젖음/습기,비,단일로 - 기타,승용,남,41세,상해없음,보행자,남,24세,경상
2020031000100223,2020년 3월 10일 13시,화요일,경상남도 창원시 의창구 대원동,중상사고,0,1,0,0,차대사람 - 횡단중,보행자보호의무위반,포장 - 젖음/습기,비,교차로 - 교차로횡단보도내,화물,남,57세,상해없음,보행자,여,80세,중상
2020031000100384,2020년 3월 10일 19시,화요일,경상남도 창원시 마산합포구 상남동,경상사고,0,0,1,0,차대사람 - 횡단중,보행자보호의무위반,포장 - 건조,맑음,교차로 - 교차로횡단보도내,화물,남,49세,상해없음,보행자,남,68세,경상
2020031000100385,2020년 3월 10일 19시,화요일,경상남도 창원시 마산합포구 부림동,사망사고,1,0,0,0,차대사람 - 횡단중,안전운전불이행,포장 - 건조,맑음,단일로 - 기타,승용,여,54세,상해없음,보행자,남,53세,사망
2020031000100438,2020년 3월 10일 21시,화요일,경상남도 양산시 물금읍,경상사고,0,0,1,0,차대사람 - 보도통행중,기타,포장 - 건조,맑음,기타 - 기타,이륜,남,31세,상해없음,보행자,여,22세,경상
2020031000100439,2020년 3월 10일 21시,화요일,경상남도 거제시 아주동,중상사고,0,1,0,0,차대사람 - 차도통행중,안전운전불이행,포장 - 건조,맑음,단일로 - 기타,이륜,남,28세,상해없음,보행자,남,49세,중상
2020031000100440,2020년 3월 10일 21시,화요일,경상남도 창원시 의창구 동읍,경상사고,0,0,1,0,차대사람 - 횡단중,안전운전불이행,포장 - 건조,맑음,단일로 - 기타,화물,남,62세,상해없음,보행자,남,23세,경상
2020031000100465,2020년 3월 10일 22시,화요일,경상남도 창원시 의창구 팔용동,경상사고,0,0,1,0,차대사람 - 기타,안전운전불이행,포장 - 건조,맑음,단일로 - 기타,승용,남,53세,상해없음,보행자,남,24세,경상
2020031100100069,2020년 3월 11일 07시,수요일,경상남도 진주시 정촌면,중상사고,0,1,0,0,차대사람 - 기타,안전운전불이행,포장 - 건조,맑음,단일로 - 기타,승용,남,40세,상해없음,보행자,남,32세,중상
2020031100100220,2020년 3월 11일 13시,수요일,경상남도 진주시 봉곡동,중상사고,0,1,0,0,차대사람 - 횡단중,보행자보호의무위반,포장 - 건조,맑음,교차로 - 교차로횡단보도내,승용,남,79세,상해없음,보행자,남,82세,중상
2020031100100250,2020년 3월 11일 14시,수요일,경상남도 함안군 군북면,중상사고,0,1,0,0,차대사람 - 길가장자리구역통행중,안전운전불이행,포장 - 건조,맑음,단일로 - 기타,승용,남,63세,상해없음,보행자,남,78세,중상
2020031100100295,2020년 3월 11일 15시,수요일,경상남도 통영시 산양읍,경상사고,0,0,1,0,차대사람 - 기타,안전운전불이행,포장 - 건조,맑음,단일로 - 기타,승용,남,33세,상해없음,보행자,남,64세,경상
2020031100100406,2020년 3월 11일 18시,수요일,경상남도 김해시 외동,경상사고,0,0,1,0,차대사람 - 횡단중,보행자보호의무위반,포장 - 건조,맑음,교차로 - 교차로횡단보도내,이륜,남,28세,상해없음,보행자,남,57세,경상
2020031100100444,2020년 3월 11일 19시,수요일,경상남도 거제시 능포동,중상사고,0,1,0,1,차대사람 - 횡단중,안전운전불이행,포장 - 건조,맑음,교차로 - 교차로부근,이륜,남,36세,부상신고,보행자,남,67세,중상
2020031200100083,2020년 3월 12일 07시,목요일,경상남도 창원시 의창구 팔용동,경상사고,0,0,1,0,차대사람 - 기타,안전운전불이행,포장 - 건조,맑음,단일로 - 기타,원동기,남,30세,상해없음,보행자,여,27세,경상
2020031200100104,2020년 3월 12일 08시,목요일,경상남도 창원시 의창구 팔용동,경상사고,0,0,1,0,차대사람 - 횡단중,안전운전불이행,포장 - 건조,맑음,교차로 - 교차로안,승용,남,47세,상해없음,보행자,남,25세,경상
2020031200100261,2020년 3월 12일 13시,목요일,경상남도 통영시 광도면,중상사고,0,1,0,0,차대사람 - 길가장자리구역통행중,안전운전불이행,포장 - 건조,맑음,교차로 - 교차로부근,승용,남,63세,상해없음,보행자,남,61세,중상
2020031200100496,2020년 3월 12일 20시,목요일,경상남도 김해시 안동,경상사고,0,0,1,0,차대사람 - 횡단중,안전운전불이행,포장 - 건조,맑음,교차로 - 교차로안,승용,남,60세,상해없음,보행자,남,60세,경상
2020031300100305,2020년 3월 13일 16시,금요일,경상남도 통영시 광도면,경상사고,0,0,1,0,차대사람 - 횡단중,보행자보호의무위반,포장 - 건조,맑음,교차로 - 교차로횡단보도내,승용,여,42세,상해없음,보행자,남,11세,경상
2020031300100442,2020년 3월 13일 20시,금요일,경상남도 창원시 의창구 동정동,중상사고,0,1,0,0,차대사람 - 횡단중,안전운전불이행,포장 - 건조,맑음,교차로 - 교차로부근,화물,남,35세,상해없음,보행자,남,80세,중상
2020031400100163,2020년 3월 14일 10시,토요일,경상남도 거제시 고현동,경상사고,0,0,1,0,차대사람 - 횡단중,안전운전불이행,포장 - 건조,맑음,단일로 - 기타,승용,여,57세,상해없음,보행자,여,54세,경상
2020031400100187,2020년 3월 14일 11시,토요일,경상남도 창원시 마산합포구 월영동,경상사고,0,0,1,0,차대사람 - 보도통행중,신호위반,포장 - 건조,맑음,교차로 - 교차로횡단보도내,이륜,남,37세,상해없음,보행자,여,58세,경상
2020031400100246,2020년 3월 14일 13시,토요일,경상남도 사천시 동금동,경상사고,0,0,1,0,차대사람 - 차도통행중,안전운전불이행,포장 - 건조,맑음,단일로 - 기타,승용,남,58세,상해없음,보행자,남,68세,경상
2020031400100282,2020년 3월 14일 14시,토요일,경상남도 김해시 구산동,경상사고,0,0,1,0,차대사람 - 횡단중,보행자보호의무위반,포장 - 건조,맑음,교차로 - 교차로횡단보도내,승용,남,38세,상해없음,보행자,여,54세,경상
2020031400100440,2020년 3월 14일 19시,토요일,경상남도 사천시 곤양면,경상사고,0,0,1,0,차대사람 - 기타,안전운전불이행,포장 - 건조,맑음,단일로 - 기타,화물,남,78세,상해없음,보행자,여,65세,경상
2020031500100028,2020년 3월 15일 01시,일요일,경상남도 진주시 하대동,중상사고,0,1,0,0,차대사람 - 기타,안전운전불이행,포장 - 건조,맑음,교차로 - 교차로부근,승용,남,50세,상해없음,보행자,여,47세,중상
2020031500100035,2020년 3월 15일 02시,일요일,경상남도 창원시 마산합포구 오동동,경상사고,0,0,1,0,차대사람 - 차도통행중,불법유턴,포장 - 건조,맑음,교차로 - 교차로안,승용,남,64세,상해없음,보행자,여,51세,경상
2020031600100025,2020년 3월 16일 05시,월요일,경상남도 통영시 서호동,사망사고,1,0,0,0,차대사람 - 기타,안전운전불이행,포장 - 건조,맑음,교차로 - 교차로부근,승합,남,79세,상해없음,보행자,여,81세,사망
2020031600100041,2020년 3월 16일 06시,월요일,경상남도 창원시 마산회원구 봉암동,중상사고,0,1,0,0,차대사람 - 차도통행중,안전운전불이행,포장 - 건조,맑음,단일로 - 기타,화물,남,61세,상해없음,보행자,남,64세,중상
2020031600100371,2020년 3월 16일 17시,월요일,경상남도 양산시 물금읍,중상사고,0,1,0,0,차대사람 - 기타,안전운전불이행,포장 - 건조,맑음,단일로 - 기타,승용,남,63세,상해없음,보행자,여,69세,중상
2020031600100530,2020년 3월 16일 22시,월요일,경상남도 양산시 동면,경상사고,0,0,1,0,차대사람 - 기타,안전운전불이행,포장 - 건조,맑음,교차로 - 교차로안,승용,남,33세,상해없음,보행자,남,65세,경상
2020031600100543,2020년 3월 16일 23시,월요일,경상남도 진주시 충무공동,중상사고,0,1,0,0,차대사람 - 횡단중,보행자보호의무위반,포장 - 건조,맑음,교차로 - 교차로횡단보도내,승용,남,70세,상해없음,보행자,남,45세,중상
2020031700100038,2020년 3월 17일 05시,화요일,경상남도 김해시 동상동,중상사고,0,1,0,0,차대사람 - 횡단중,신호위반,포장 - 건조,맑음,교차로 - 교차로횡단보도내,승합,남,75세,상해없음,보행자,여,75세,중상
2020031700100039,2020년 3월 17일 05시,화요일,경상남도 창원시 성산구 상남동,부상신고사고,0,0,0,1,차대사람 - 기타,안전운전불이행,포장 - 건조,맑음,단일로 - 기타,승용,남,64세,상해없음,보행자,남,23세,부상신고
2020031700100172,2020년 3월 17일 12시,화요일,경상남도 진주시 평거동,경상사고,0,0,1,0,차대사람 - 기타,안전운전불이행,포장 - 건조,맑음,단일로 - 기타,화물,남,50세,상해없음,보행자,여,66세,경상
2020031700100284,2020년 3월 17일 16시,화요일,경상남도 창원시 진해구 청안동,중상사고,0,1,0,0,차대사람 - 기타,안전운전불이행,포장 - 건조,맑음,단일로 - 기타,승용,남,48세,상해없음,보행자,여,74세,중상
2020031800100097,2020년 3월 18일 08시,수요일,경상남도 진주시 상대동,중상사고,0,1,1,0,차대사람 - 기타,보행자보호의무위반,포장 - 건조,맑음,교차로 - 교차로횡단보도내,승용,남,81세,상해없음,보행자,여,62세,중상
2020031800100170,2020년 3월 18일 11시,수요일,경상남도 김해시 진영읍,중상사고,0,1,0,0,차대사람 - 횡단중,보행자보호의무위반,포장 - 건조,맑음,교차로 - 교차로횡단보도내,이륜,남,39세,상해없음,보행자,여,63세,중상
2020031800100201,2020년 3월 18일 12시,수요일,경상남도 창원시 마산합포구 동성동,중상사고,0,1,0,0,차대사람 - 기타,보행자보호의무위반,포장 - 건조,맑음,교차로 - 교차로횡단보도내,승합,남,70세,상해없음,보행자,여,65세,중상
2020031800100256,2020년 3월 18일 14시,수요일,경상남도 밀양시 내이동,중상사고,0,1,0,0,차대사람 - 차도통행중,안전운전불이행,포장 - 건조,맑음,단일로 - 기타,승용,남,61세,상해없음,보행자,여,46세,중상
2020031800100286,2020년 3월 18일 15시,수요일,경상남도 창녕군 창녕읍,중상사고,0,1,0,0,차대사람 - 기타,불법유턴,포장 - 건조,맑음,교차로 - 교차로안,화물,남,51세,상해없음,보행자,여,86세,중상
2020031800100396,2020년 3월 18일 18시,수요일,경상남도 함양군 함양읍,부상신고사고,0,0,0,1,차대사람 - 보도통행중,안전운전불이행,포장 - 건조,맑음,단일로 - 지하차도(도로)내,화물,남,57세,상해없음,보행자,남,50세,부상신고
2020031800100425,2020년 3월 18일 19시,수요일,경상남도 창원시 마산합포구 신포동2가,중상사고,0,2,0,0,차대사람 - 횡단중,안전운전불이행,포장 - 건조,기타,단일로 - 기타,승용,남,44세,상해없음,보행자,남,60세,중상
2020031800100471,2020년 3월 18일 21시,수요일,경상남도 통영시 정량동,경상사고,0,0,1,0,차대사람 - 기타,안전운전불이행,포장 - 건조,맑음,교차로 - 교차로부근,승용,남,40세,상해없음,보행자,남,78세,경상
2020031900100390,2020년 3월 19일 19시,목요일,경상남도 창원시 의창구 도계동,경상사고,0,0,1,0,차대사람 - 기타,안전운전불이행,포장 - 건조,맑음,교차로 - 교차로부근,승용,남,34세,상해없음,보행자,남,56세,경상
2020032000100045,2020년 3월 20일 04시,금요일,경상남도 창원시 의창구 소계동,경상사고,0,0,1,0,차대사람 - 기타,안전운전불이행,포장 - 건조,맑음,단일로 - 기타,승용,남,49세,상해없음,보행자,남,54세,경상
2020032000100055,2020년 3월 20일 05시,금요일,경상남도 사천시 곤명면,사망사고,1,0,0,0,차대사람 - 차도통행중,안전운전불이행,포장 - 건조,맑음,단일로 - 기타,승용,남,63세,상해없음,보행자,여,80세,사망
2020032000100115,2020년 3월 20일 08시,금요일,경상남도 사천시 동동,중상사고,0,1,0,0,차대사람 - 횡단중,보행자보호의무위반,포장 - 건조,맑음,교차로 - 교차로안,승용,남,82세,상해없음,보행자,여,83세,중상
2020032000100145,2020년 3월 20일 09시,금요일,경상남도 창녕군 도천면,중상사고,0,1,0,0,차대사람 - 기타,신호위반,포장 - 건조,맑음,교차로 - 교차로안,화물,남,65세,상해없음,보행자,여,85세,중상
2020032000100169,2020년 3월 20일 10시,금요일,경상남도 창녕군 영산면,경상사고,0,0,1,0,차대사람 - 기타,안전운전불이행,포장 - 건조,맑음,교차로 - 교차로안,자전거,여,31세,상해없음,보행자,여,90세,경상
2020032000100383,2020년 3월 20일 16시,금요일,경상남도 창녕군 남지읍,중상사고,0,1,0,0,차대사람 - 기타,안전운전불이행,포장 - 건조,맑음,교차로 - 교차로안,승용,남,54세,상해없음,보행자,남,52세,중상
2020032000100423,2020년 3월 20일 17시,금요일,경상남도 거제시 고현동,경상사고,0,0,1,0,차대사람 - 횡단중,안전운전불이행,포장 - 건조,맑음,교차로 - 교차로안,승용,남,57세,상해없음,보행자,여,27세,경상
2020032000100580,2020년 3월 20일 22시,금요일,경상남도 창원시 마산회원구 양덕동,중상사고,0,1,0,0,차대사람 - 횡단중,안전운전불이행,포장 - 건조,맑음,교차로 - 교차로횡단보도내,승용,남,21세,상해없음,보행자,남,36세,중상
2020032100100013,2020년 3월 21일 00시,토요일,경상남도 통영시 산양읍,중상사고,0,1,0,0,차대사람 - 차도통행중,안전운전불이행,포장 - 건조,맑음,주차장 - 주차장,화물,남,43세,상해없음,보행자,남,42세,중상
2020032100100095,2020년 3월 21일 07시,토요일,경상남도 창원시 마산합포구 남성동,경상사고,0,0,1,0,차대사람 - 횡단중,안전운전불이행,포장 - 건조,맑음,교차로 - 교차로안,승용,남,65세,상해없음,보행자,여,64세,경상
2020032100100124,2020년 3월 21일 09시,토요일,경상남도 통영시 정량동,중상사고,0,1,0,0,차대사람 - 기타,안전운전불이행,포장 - 건조,맑음,단일로 - 기타,승용,남,72세,상해없음,보행자,남,77세,중상
2020032100100194,2020년 3월 21일 11시,토요일,경상남도 김해시 부원동,중상사고,0,1,0,0,차대사람 - 보도통행중,기타,포장 - 건조,맑음,기타 - 기타,승용,남,66세,상해없음,보행자,여,70세,중상
2020032100100336,2020년 3월 21일 15시,토요일,경상남도 창원시 성산구 남산동,중상사고,0,1,0,0,차대사람 - 기타,안전운전불이행,포장 - 건조,맑음,단일로 - 고가도로위,이륜,남,35세,상해없음,보행자,남,45세,중상
2020032100100458,2020년 3월 21일 19시,토요일,경상남도 창원시 마산회원구 양덕동,경상사고,0,0,1,0,차대사람 - 기타,안전운전불이행,포장 - 건조,맑음,교차로 - 교차로부근,이륜,남,56세,상해없음,보행자,여,4세,경상
2020032100100459,2020년 3월 21일 19시,토요일,경상남도 창원시 의창구 동읍,중상사고,0,1,0,0,차대사람 - 차도통행중,안전운전불이행,포장 - 건조,맑음,교차로 - 교차로안,승용,여,61세,상해없음,보행자,여,62세,중상
2020032200100061,2020년 3월 22일 04시,일요일,경상남도 창원시 마산회원구 두척동,사망사고,1,0,0,0,차대사람 - 횡단중,과속,포장 - 건조,맑음,단일로 - 기타,승용,남,22세,상해없음,보행자,남,59세,사망
2020032200100110,2020년 3월 22일 10시,일요일,경상남도 밀양시 내이동,경상사고,0,0,1,0,차대사람 - 기타,안전운전불이행,포장 - 건조,맑음,단일로 - 기타,승용,남,71세,상해없음,보행자,남,56세,경상
2020032200100207,2020년 3월 22일 14시,일요일,경상남도 창원시 의창구 봉곡동,중상사고,0,1,0,0,차대사람 - 횡단중,안전운전불이행,포장 - 건조,맑음,교차로 - 교차로안,승용,남,53세,상해없음,보행자,남,63세,중상
2020032200100311,2020년 3월 22일 18시,일요일,경상남도 김해시 구산동,중상사고,0,1,1,0,차대사람 - 횡단중,보행자보호의무위반,포장 - 건조,맑음,단일로 - 기타,원동기,남,19세,상해없음,보행자,여,52세,중상
2020032200100388,2020년 3월 22일 22시,일요일,경상남도 거제시 장승포동,경상사고,0,0,1,0,차대사람 - 기타,신호위반,포장 - 건조,맑음,교차로 - 교차로안,화물,남,32세,상해없음,보행자,남,51세,경상
2020032300100098,2020년 3월 23일 08시,월요일,경상남도 진주시 상대동,중상사고,0,1,0,0,차대사람 - 기타,안전운전불이행,포장 - 건조,맑음,단일로 - 기타,승합,남,59세,상해없음,보행자,여,79세,중상
2020032300100169,2020년 3월 23일 10시,월요일,경상남도 함양군 함양읍,중상사고,0,1,0,0,차대사람 - 횡단중,안전운전불이행,포장 - 건조,맑음,교차로 - 교차로부근,승용,여,62세,상해없음,보행자,여,85세,중상
2020032300100296,2020년 3월 23일 14시,월요일,경상남도 함안군 가야읍,경상사고,0,0,1,0,차대사람 - 횡단중,보행자보호의무위반,포장 - 건조,맑음,교차로 - 교차로횡단보도내,승용,여,62세,상해없음,보행자,여,77세,경상
2020032300100458,2020년 3월 23일 19시,월요일,경상남도 창원시 진해구 안골동,중상사고,0,1,0,0,차대사람 - 횡단중,보행자보호의무위반,포장 - 건조,맑음,단일로 - 기타,승용,남,52세,상해없음,보행자,여,66세,중상
2020032400100068,2020년 3월 24일 07시,화요일,경상남도 창원시 의창구 소계동,중상사고,0,1,0,0,차대사람 - 기타,안전운전불이행,포장 - 건조,맑음,교차로 - 교차로부근,화물,남,63세,상해없음,보행자,남,76세,중상
2020032400100221,2020년 3월 24일 12시,화요일,경상남도 함양군 수동면,경상사고,0,0,1,0,차대사람 - 횡단중,보행자보호의무위반,포장 - 건조,맑음,단일로 - 기타,화물,여,54세,상해없음,보행자,남,4세,경상
2020032400100355,2020년 3월 24일 16시,화요일,경상남도 사천시 벌리동,경상사고,0,0,1,0,차대사람 - 횡단중,보행자보호의무위반,포장 - 건조,맑음,교차로 - 교차로횡단보도내,승용,여,61세,상해없음,보행자,여,81세,경상
2020032500100148,2020년 3월 25일 10시,수요일,경상남도 창원시 마산합포구 장군동4가,경상사고,0,0,1,0,차대사람 - 기타,안전운전불이행,포장 - 건조,맑음,주차장 - 주차장,승용,남,28세,상해없음,보행자,남,27세,경상
2020032500100149,2020년 3월 25일 10시,수요일,경상남도 통영시 북신동,중상사고,0,1,0,0,차대사람 - 기타,안전운전불이행,포장 - 건조,맑음,단일로 - 기타,승용,여,49세,상해없음,보행자,여,57세,중상
2020032500100151,2020년 3월 25일 10시,수요일,경상남도 김해시 구산동,경상사고,0,0,1,0,차대사람 - 횡단중,보행자보호의무위반,포장 - 건조,맑음,단일로 - 기타,건설기계,남,56세,상해없음,보행자,여,44세,경상
2020032500100223,2020년 3월 25일 12시,수요일,경상남도 진주시 남성동,중상사고,0,1,0,0,차대사람 - 횡단중,보행자보호의무위반,포장 - 건조,맑음,교차로 - 교차로안,승용,남,26세,상해없음,보행자,여,31세,중상
2020032500100254,2020년 3월 25일 13시,수요일,경상남도 밀양시 삼문동,경상사고,0,0,1,0,차대사람 - 횡단중,안전운전불이행,포장 - 건조,맑음,단일로 - 기타,승용,여,70세,상해없음,보행자,남,10세,경상
2020032500100556,2020년 3월 25일 22시,수요일,경상남도 창원시 마산합포구 진동면,경상사고,0,0,1,0,차대사람 - 보도통행중,안전운전불이행,포장 - 건조,맑음,교차로 - 교차로부근,화물,남,45세,상해없음,보행자,남,38세,경상
2020032600100040,2020년 3월 26일 03시,목요일,경상남도 창원시 진해구 풍호동,중상사고,0,1,0,0,차대사람 - 차도통행중,안전운전불이행,포장 - 건조,맑음,단일로 - 기타,승용,남,78세,상해없음,보행자,남,45세,중상
2020032600100115,2020년 3월 26일 09시,목요일,경상남도 김해시 진영읍,경상사고,0,0,1,0,차대사람 - 기타,안전운전불이행,포장 - 건조,맑음,교차로 - 교차로안,기타불명,기타불명,미분류,기타불명,보행자,여,43세,경상
2020032600100145,2020년 3월 26일 10시,목요일,경상남도 창원시 의창구 신월동,경상사고,0,0,1,0,차대사람 - 횡단중,보행자보호의무위반,포장 - 젖음/습기,흐림,단일로 - 기타,승용,남,78세,상해없음,보행자,남,31세,경상
2020032600100268,2020년 3월 26일 15시,목요일,경상남도 사천시 동금동,중상사고,0,1,0,0,차대사람 - 차도통행중,안전운전불이행,포장 - 젖음/습기,비,교차로 - 교차로부근,승용,남,46세,상해없음,보행자,여,66세,중상
2020032600100296,2020년 3월 26일 16시,목요일,경상남도 창원시 성산구 상남동,중상사고,0,1,0,0,차대사람 - 기타,안전운전불이행,포장 - 건조,맑음,교차로 - 교차로안,승용,여,37세,상해없음,보행자,여,59세,중상
2020032600100366,2020년 3월 26일 18시,목요일,경상남도 창원시 의창구 북면,중상사고,0,1,0,0,차대사람 - 길가장자리구역통행중,안전운전불이행,포장 - 건조,맑음,단일로 - 기타,승용,남,52세,상해없음,보행자,남,77세,중상