사고번호,사고일시,요일,시군구,사고내용,사망자수,중상자수,경상자수,부상신고자수,사고유형,법규위반,노면상태,기상상태,도로형태,가해운전자 차종,가해운전자 성별,가해운전자 연령,가해운전자 상해정도,피해운전자 차종,피해운전자 성별,피해운전자 연령,피해운전자 상해정도
2020032600100402,2020년 3월 26일 19시,목요일,경상남도 창원시 성산구 가음동,경상사고,0,0,1,0,차대사람 - 횡단중,보행자보호의무위반,포장 - 젖음/습기,비,교차로 - 교차로안,승용,남,27세,상해없음,보행자,남,34세,경상
2020032600100450,2020년 3월 26일 20시,목요일,경상남도 합천군 야로면,사망사고,1,0,0,0,차대사람 - 차도통행중,안전운전불이행,포장 - 젖음/습기,비,기타 - 기타,화물,남,59세,상해없음,보행자,남,69세,사망
2020032600100488,2020년 3월 26일 21시,목요일,경상남도 하동군 진교면,경상사고,0,0,1,0,차대사람 - 기타,안전운전불이행,포장 - 젖음/습기,비,주차장 - 주차장,화물,남,60세,상해없음,보행자,여,60세,경상
2020032700100110,2020년 3월 27일 08시,금요일,경상남도 창원시 마산회원구 석전동,경상사고,0,0,1,0,차대사람 - 기타,안전운전불이행,포장 - 건조,맑음,단일로 - 기타,승용,남,70세,상해없음,보행자,남,50세,경상
2020032700100179,2020년 3월 27일 11시,금요일,경상남도 창원시 마산회원구 합성동,중상사고,0,1,0,0,차대사람 - 길가장자리구역통행중,안전운전불이행,포장 - 건조,맑음,단일로 - 기타,승용,여,54세,상해없음,보행자,남,59세,중상
2020032700100235,2020년 3월 27일 13시,금요일,경상남도 통영시 한산면,중상사고,0,1,0,0,차대사람 - 횡단중,안전운전불이행,포장 - 건조,맑음,교차로 - 교차로부근,승용,여,51세,상해없음,보행자,여,84세,중상
2020032700100337,2020년 3월 27일 16시,금요일,경상남도 밀양시 가곡동,경상사고,0,0,1,0,차대사람 - 횡단중,안전운전불이행,포장 - 건조,맑음,단일로 - 기타,승용,여,54세,상해없음,보행자,여,22세,경상
2020032700100379,2020년 3월 27일 17시,금요일,경상남도 김해시 서상동,경상사고,0,0,1,0,차대사람 - 기타,안전운전불이행,포장 - 건조,맑음,단일로 - 기타,승용,남,73세,상해없음,보행자,남,49세,경상
2020032700100422,2020년 3월 27일 18시,금요일,경상남도 진주시 하대동,경상사고,0,0,1,0,차대사람 - 기타,안전운전불이행,포장 - 건조,맑음,단일로 - 기타,승용,여,38세,상해없음,보행자,여,81세,경상
2020032700100570,2020년 3월 27일 22시,금요일,경상남도 창원시 성산구 가음동,부상신고사고,0,0,0,1,차대사람 - 기타,안전운전불이행,포장 - 건조,맑음,기타 - 기타,기타불명,기타불명,미분류,기타불명,보행자,남,37세,부상신고
2020032800100150,2020년 3월 28일 10시,토요일,경상남도 양산시 동면,중상사고,0,1,0,0,차대사람 - 기타,안전운전불이행,포장 - 건조,맑음,단일로 - 기타,승용,남,37세,상해없음,보행자,남,49세,중상
2020032800100261,2020년 3월 28일 14시,토요일,경상남도 창녕군 창녕읍,중상사고,0,1,0,0,차대사람 - 횡단중,안전운전불이행,포장 - 건조,맑음,교차로 - 교차로안,승용,남,42세,상해없음,보행자,여,78세,중상
2020032800100414,2020년 3월 28일 19시,토요일,경상남도 사천시 사천읍,부상신고사고,0,0,0,1,차대사람 - 기타,안전운전불이행,포장 - 건조,맑음,단일로 - 기타,승용,여,23세,상해없음,보행자,남,58세,부상신고
2020032900100075,2020년 3월 29일 07시,일요일,경상남도 사천시 서동,경상사고,0,0,1,0,차대사람 - 기타,안전운전불이행,포장 - 건조,맑음,단일로 - 기타,승용,남,48세,상해없음,보행자,여,62세,경상
2020032900100095,2020년 3월 29일 09시,일요일,경상남도 창원시 진해구 경화동,경상사고,0,0,1,0,차대사람 - 차도통행중,안전운전불이행,포장 - 건조,맑음,단일로 - 기타,승합,남,72세,상해없음,보행자,남,71세,경상
2020032900100248,2020년 3월 29일 16시,일요일,경상남도 함양군 함양읍,중상사고,0,1,0,0,차대사람 - 횡단중,과속,포장 - 건조,맑음,단일로 - 기타,승용,남,34세,상해없음,보행자,여,80세,중상
2020033000100026,2020년 3월 30일 04시,월요일,경상남도 창원시 진해구 석동,중상사고,0,1,0,0,차대사람 - 기타,안전운전불이행,포장 - 건조,맑음,단일로 - 기타,화물,남,51세,상해없음,보행자,남,24세,중상
2020033000100384,2020년 3월 30일 17시,월요일,경상남도 진주시 주약동,중상사고,0,1,0,0,차대사람 - 횡단중,신호위반,포장 - 건조,맑음,교차로 - 교차로안,이륜,남,23세,상해없음,보행자,남,67세,중상
2020033000100463,2020년 3월 30일 19시,월요일,경상남도 함안군 대산면,중상사고,0,1,0,0,차대사람 - 횡단중,안전운전불이행,포장 - 건조,맑음,단일로 - 기타,특수,남,45세,상해없음,보행자,남,70세,중상
2020033000100490,2020년 3월 30일 20시,월요일,경상남도 김해시 구산동,중상사고,0,1,0,0,차대사람 - 길가장자리구역통행중,안전운전불이행,포장 - 건조,맑음,단일로 - 기타,이륜,남,40세,상해없음,보행자,여,33세,중상
2020033000100491,2020년 3월 30일 20시,월요일,경상남도 거제시 장평동,중상사고,0,1,0,0,차대사람 - 횡단중,안전운전불이행,포장 - 건조,맑음,단일로 - 기타,자전거,남,29세,상해없음,보행자,여,57세,중상
2020033000100508,2020년 3월 30일 21시,월요일,경상남도 양산시 덕계동,중상사고,0,1,0,0,차대사람 - 기타,안전운전불이행,포장 - 건조,맑음,교차로 - 교차로부근,승용,남,54세,상해없음,보행자,여,43세,중상
2020033000100535,2020년 3월 30일 23시,월요일,경상남도 함안군 가야읍,경상사고,0,0,1,0,차대사람 - 차도통행중,안전운전불이행,포장 - 건조,맑음,교차로 - 교차로부근,승용,남,55세,상해없음,보행자,남,63세,경상
2020033100100091,2020년 3월 31일 08시,화요일,경상남도 양산시 동면,중상사고,0,1,0,0,차대사람 - 기타,안전운전불이행,포장 - 건조,맑음,교차로 - 교차로안,승용,여,44세,상해없음,보행자,여,57세,중상
2020033100100189,2020년 3월 31일 11시,화요일,경상남도 합천군 삼가면,중상사고,0,1,0,0,차대사람 - 차도통행중,안전운전불이행,포장 - 건조,맑음,단일로 - 기타,승용,여,51세,상해없음,보행자,여,78세,중상
2020033100100444,2020년 3월 31일 19시,화요일,경상남도 김해시 어방동,경상사고,0,0,1,0,차대사람 - 길가장자리구역통행중,안전운전불이행,포장 - 건조,맑음,교차로 - 교차로부근,승용,여,48세,상해없음,보행자,여,53세,경상
2020033100100535,2020년 3월 31일 23시,화요일,경상남도 창원시 성산구 남산동,사망사고,1,0,0,0,차대사람 - 횡단중,과속,포장 - 건조,맑음,단일로 - 기타,승용,남,53세,상해없음,보행자,남,35세,사망
2020040100100006,2020년 4월 1일 00시,수요일,경상남도 창원시 마산합포구 중성동,중상사고,0,1,0,0,차대사람 - 횡단중,과속,포장 - 건조,맑음,교차로 - 교차로부근,승용,남,50세,상해없음,보행자,여,52세,중상
2020040100100060,2020년 4월 1일 06시,수요일,경상남도 창원시 진해구 여좌동,중상사고,0,2,0,0,차대사람 - 횡단중,보행자보호의무위반,포장 - 젖음/습기,비,교차로 - 교차로횡단보도내,화물,남,66세,상해없음,보행자,남,70세,중상
2020040100100294,2020년 4월 1일 15시,수요일,경상남도 밀양시 삼랑진읍,중상사고,0,1,0,0,차대사람 - 기타,안전운전불이행,포장 - 건조,맑음,교차로 - 교차로부근,승용,여,63세,상해없음,보행자,여,84세,중상
2020040100100323,2020년 4월 1일 16시,수요일,경상남도 진주시 평거동,경상사고,0,0,2,0,차대사람 - 횡단중,신호위반,포장 - 건조,맑음,교차로 - 교차로안,이륜,남,21세,경상,보행자,여,60세,경상
2020040100100356,2020년 4월 1일 17시,수요일,경상남도 창원시 진해구 용원동,경상사고,0,0,2,0,차대사람 - 기타,안전운전불이행,포장 - 건조,맑음,교차로 - 교차로안,승용,여,44세,상해없음,보행자,남,41세,경상
2020040100100357,2020년 4월 1일 17시,수요일,경상남도 양산시 교동,중상사고,0,1,0,0,차대사람 - 횡단중,안전운전불이행,포장 - 건조,맑음,교차로 - 교차로횡단보도내,승용,남,33세,상해없음,보행자,여,27세,중상
2020040100100391,2020년 4월 1일 18시,수요일,경상남도 김해시 내덕동,중상사고,0,1,0,0,차대사람 - 횡단중,안전운전불이행,포장 - 건조,맑음,교차로 - 교차로안,승용,여,38세,상해없음,보행자,여,54세,중상
2020040200100136,2020년 4월 2일 09시,목요일,경상남도 함안군 가야읍,중상사고,0,1,0,0,차대사람 - 횡단중,안전운전불이행,포장 - 건조,맑음,교차로 - 교차로안,화물,남,25세,상해없음,보행자,여,61세,중상
2020040200100137,2020년 4월 2일 09시,목요일,경상남도 창원시 성산구 안민동,경상사고,0,0,1,0,차대사람 - 횡단중,안전운전불이행,포장 - 건조,맑음,교차로 - 교차로부근,승용,남,70세,상해없음,보행자,남,65세,경상
2020040200100255,2020년 4월 2일 13시,목요일,경상남도 김해시 부곡동,경상사고,0,0,1,0,차대사람 - 횡단중,안전운전불이행,포장 - 건조,맑음,단일로 - 기타,승용,여,27세,상해없음,보행자,여,37세,경상
2020040200100449,2020년 4월 2일 18시,목요일,경상남도 함양군 함양읍,중상사고,0,1,0,0,차대사람 - 횡단중,안전운전불이행,포장 - 건조,맑음,교차로 - 교차로안,승용,남,57세,상해없음,보행자,남,36세,중상
2020040200100515,2020년 4월 2일 20시,목요일,경상남도 사천시 서동,중상사고,0,1,0,0,차대사람 - 횡단중,안전운전불이행,포장 - 건조,맑음,교차로 - 교차로안,승용,여,43세,상해없음,보행자,남,49세,중상
2020040200100540,2020년 4월 2일 21시,목요일,경상남도 양산시 동면,사망사고,1,0,0,0,차대사람 - 횡단중,안전운전불이행,포장 - 건조,맑음,단일로 - 기타,승용,남,28세,상해없음,보행자,남,61세,사망
2020040300100004,2020년 4월 3일 00시,금요일,경상남도 김해시 안동,중상사고,0,1,0,0,차대사람 - 횡단중,안전운전불이행,포장 - 건조,맑음,단일로 - 기타,승용,남,57세,기타불명,보행자,남,53세,중상
2020040300100029,2020년 4월 3일 04시,금요일,경상남도 창원시 성산구 상남동,중상사고,0,1,0,0,차대사람 - 횡단중,안전운전불이행,포장 - 건조,맑음,단일로 - 기타,승용,남,58세,상해없음,보행자,남,53세,중상
2020040300100042,2020년 4월 3일 06시,금요일,경상남도 통영시 서호동,중상사고,0,1,0,0,차대사람 - 차도통행중,중앙선침범,포장 - 건조,맑음,단일로 - 기타,승용,여,58세,상해없음,보행자,여,62세,중상
2020040300100427,2020년 4월 3일 18시,금요일,경상남도 거제시 고현동,경상사고,0,0,1,0,차대사람 - 기타,보행자보호의무위반,포장 - 건조,맑음,교차로 - 교차로안,승용,여,54세,상해없음,보행자,남,39세,경상
2020040300100474,2020년 4월 3일 19시,금요일,경상남도 창녕군 도천면,경상사고,0,0,1,0,차대사람 - 길가장자리구역통행중,안전운전불이행,포장 - 건조,맑음,단일로 - 기타,승합,남,56세,상해없음,보행자,남,62세,경상
2020040300100475,2020년 4월 3일 19시,금요일,경상남도 양산시 물금읍,중상사고,0,1,0,0,차대사람 - 횡단중,신호위반,포장 - 건조,맑음,교차로 - 교차로횡단보도내,원동기,남,29세,상해없음,보행자,여,59세,중상
2020040400100044,2020년 4월 4일 03시,토요일,경상남도 김해시 서상동,사망사고,1,0,0,0,차대사람 - 횡단중,안전운전불이행,포장 - 건조,맑음,단일로 - 기타,승용,남,51세,상해없음,보행자,남,55세,사망
2020040400100152,2020년 4월 4일 10시,토요일,경상남도 창원시 성산구 중앙동,중상사고,0,1,0,0,차대사람 - 길가장자리구역통행중,안전운전불이행,포장 - 건조,맑음,단일로 - 기타,승용,여,45세,상해없음,보행자,남,56세,중상
2020040400100223,2020년 4월 4일 12시,토요일,경상남도 양산시 삼호동,중상사고,0,1,0,0,차대사람 - 횡단중,보행자보호의무위반,포장 - 건조,맑음,교차로 - 교차로횡단보도내,승용,남,46세,상해없음,보행자,남,60세,중상
2020040400100293,2020년 4월 4일 14시,토요일,경상남도 창원시 의창구 사림동,경상사고,0,0,1,0,차대사람 - 기타,안전운전불이행,포장 - 건조,맑음,단일로 - 기타,승용,남,25세,상해없음,보행자,여,51세,경상
2020040400100460,2020년 4월 4일 18시,토요일,경상남도 남해군 삼동면,중상사고,0,1,0,0,차대사람 - 횡단중,안전운전불이행,포장 - 건조,맑음,단일로 - 기타,승용,남,52세,상해없음,보행자,여,78세,중상
2020040400100494,2020년 4월 4일 19시,토요일,경상남도 함양군 함양읍,중상사고,0,1,0,0,차대사람 - 횡단중,안전운전불이행,포장 - 건조,맑음,단일로 - 기타,이륜,남,21세,상해없음,보행자,여,62세,중상
2020040500100143,2020년 4월 5일 11시,일요일,경상남도 창원시 의창구 봉곡동,중상사고,0,1,0,0,차대사람 - 차도통행중,안전운전불이행,포장 - 건조,맑음,교차로 - 교차로부근,승용,남,54세,상해없음,보행자,여,65세,중상
2020040500100195,2020년 4월 5일 13시,일요일,경상남도 창녕군 영산면,경상사고,0,0,1,0,차대사람 - 기타,안전운전불이행,포장 - 건조,맑음,단일로 - 기타,승용,남,65세,상해없음,보행자,남,61세,경상
2020040600100073,2020년 4월 6일 07시,월요일,경상남도 양산시 중부동,중상사고,0,1,0,0,차대사람 - 기타,안전운전불이행,포장 - 건조,맑음,단일로 - 기타,승합,남,44세,상해없음,보행자,여,75세,중상
2020040600100378,2020년 4월 6일 16시,월요일,경상남도 고성군 고성읍,경상사고,0,0,1,0,차대사람 - 횡단중,보행자보호의무위반,포장 - 건조,맑음,교차로 - 교차로횡단보도내,승합,여,58세,상해없음,보행자,여,77세,경상
2020040600100414,2020년 4월 6일 17시,월요일,경상남도 창녕군 부곡면,경상사고,0,0,1,0,차대사람 - 기타,안전운전불이행,포장 - 건조,맑음,교차로 - 교차로안,승용,남,27세,상해없음,보행자,여,69세,경상
2020040600100445,2020년 4월 6일 18시,월요일,경상남도 양산시 삼호동,부상신고사고,0,0,0,1,차대사람 - 기타,안전운전불이행,포장 - 건조,맑음,기타 - 기타,기타불명,기타불명,미분류,기타불명,보행자,남,48세,부상신고
2020040600100492,2020년 4월 6일 20시,월요일,경상남도 진주시 신안동,경상사고,0,0,1,0,차대사람 - 횡단중,보행자보호의무위반,포장 - 건조,맑음,교차로 - 교차로안,승용,남,57세,상해없음,보행자,여,49세,경상
2020040700100180,2020년 4월 7일 11시,화요일,경상남도 창원시 진해구 용원동,경상사고,0,0,1,0,차대사람 - 기타,안전운전불이행,포장 - 건조,맑음,단일로 - 기타,원동기,남,60세,기타불명,보행자,남,20세,경상
2020040700100363,2020년 4월 7일 17시,화요일,경상남도 함안군 칠원읍,경상사고,0,0,1,0,차대사람 - 횡단중,안전운전불이행,포장 - 건조,맑음,교차로 - 교차로부근,승용,여,38세,상해없음,보행자,여,51세,경상
2020040700100486,2020년 4월 7일 20시,화요일,경상남도 창원시 마산회원구 석전동,중상사고,0,1,0,0,차대사람 - 횡단중,신호위반,포장 - 건조,맑음,교차로 - 교차로횡단보도내,이륜,남,21세,상해없음,보행자,여,57세,중상
2020040700100510,2020년 4월 7일 21시,화요일,경상남도 창원시 마산회원구 합성동,중상사고,0,1,0,0,차대사람 - 보도통행중,보행자보호의무위반,포장 - 건조,맑음,교차로 - 교차로횡단보도내,승용,남,49세,상해없음,보행자,여,46세,중상
2020040800100061,2020년 4월 8일 06시,수요일,경상남도 창원시 의창구 명서동,중상사고,0,1,0,0,차대사람 - 횡단중,안전운전불이행,포장 - 건조,맑음,단일로 - 기타,승용,여,51세,상해없음,보행자,남,58세,중상
2020040800100174,2020년 4월 8일 10시,수요일,경상남도 밀양시 내이동,중상사고,0,1,0,0,차대사람 - 기타,기타,포장 - 건조,맑음,기타 - 기타,화물,남,55세,상해없음,보행자,남,24세,중상
2020040800100327,2020년 4월 8일 15시,수요일,경상남도 하동군 옥종면,경상사고,0,0,1,0,차대사람 - 기타,안전운전불이행,포장 - 건조,맑음,단일로 - 기타,화물,남,81세,상해없음,보행자,남,44세,경상
2020040800100402,2020년 4월 8일 17시,수요일,경상남도 양산시 물금읍,경상사고,0,0,1,0,차대사람 - 기타,안전운전불이행,포장 - 건조,맑음,주차장 - 주차장,승용,여,45세,상해없음,보행자,여,35세,경상
2020040800100439,2020년 4월 8일 18시,수요일,경상남도 김해시 무계동,중상사고,0,1,0,0,차대사람 - 보도통행중,보행자보호의무위반,포장 - 건조,맑음,교차로 - 교차로횡단보도내,화물,남,60세,상해없음,보행자,여,79세,중상
2020040800100498,2020년 4월 8일 20시,수요일,경상남도 합천군 삼가면,부상신고사고,0,0,0,1,차대사람 - 차도통행중,안전운전불이행,포장 - 건조,맑음,교차로 - 교차로안,승용,여,48세,상해없음,보행자,남,52세,부상신고
2020040800100541,2020년 4월 8일 22시,수요일,경상남도 양산시 평산동,중상사고,0,1,0,0,차대사람 - 횡단중,안전운전불이행,포장 - 건조,맑음,단일로 - 기타,승용,남,23세,상해없음,보행자,남,47세,중상
2020040800100557,2020년 4월 8일 23시,수요일,경상남도 창원시 의창구 팔용동,중상사고,0,1,0,0,차대사람 - 횡단중,안전운전불이행,포장 - 건조,기타,단일로 - 기타,승용,남,66세,기타불명,보행자,남,37세,중상
2020040900100105,2020년 4월 9일 08시,목요일,경상남도 김해시 안동,경상사고,0,0,1,0,차대사람 - 차도통행중,안전운전불이행,포장 - 건조,맑음,교차로 - 교차로안,승용,여,57세,상해없음,보행자,남,81세,경상
2020040900100291,2020년 4월 9일 14시,목요일,경상남도 거제시 고현동,경상사고,0,0,1,0,차대사람 - 기타,안전운전불이행,포장 - 건조,맑음,주차장 - 주차장,승용,남,51세,상해없음,보행자,남,36세,경상
2020040900100458,2020년 4월 9일 18시,목요일,경상남도 통영시 무전동,경상사고,0,0,1,0,차대사람 - 차도통행중,안전운전불이행,포장 - 건조,맑음,주차장 - 주차장,승용,여,21세,상해없음,보행자,남,67세,경상
2020040900100524,2020년 4월 9일 20시,목요일,경상남도 김해시 외동,경상사고,0,0,1,0,차대사람 - 길가장자리구역통행중,안전운전불이행,포장 - 건조,맑음,단일로 - 기타,기타불명,기타불명,미분류,기타불명,보행자,남,30세,경상
2020041000100009,2020년 4월 10일 00시,금요일,경상남도 진주시 상대동,경상사고,0,0,1,0,차대사람 - 기타,안전운전불이행,포장 - 건조,맑음,교차로 - 교차로안,자전거,남,23세,경상,보행자,남,59세,상해없음
2020041000100374,2020년 4월 10일 16시,금요일,경상남도 창원시 마산회원구 구암동,중상사고,0,1,0,0,차대사람 - 횡단중,안전운전불이행,포장 - 건조,흐림,교차로 - 교차로안,승용,남,36세,상해없음,보행자,여,75세,중상
2020041000100398,2020년 4월 10일 17시,금요일,경상남도 통영시 북신동,경상사고,0,0,1,1,차대사람 - 보도통행중,기타,포장 - 건조,맑음,기타 - 기타,승용,여,54세,부상신고,보행자,여,44세,경상
2020041000100399,2020년 4월 10일 17시,금요일,경상남도 거제시 거제면,경상사고,0,0,1,0,차대사람 - 기타,안전운전불이행,포장 - 건조,맑음,교차로 - 교차로안,승용,여,57세,상해없음,보행자,남,71세,경상
2020041100100147,2020년 4월 11일 10시,토요일,경상남도 진주시 봉곡동,경상사고,0,0,1,0,차대사람 - 횡단중,보행자보호의무위반,포장 - 건조,흐림,단일로 - 기타,승용,남,58세,상해없음,보행자,남,56세,경상
2020041100100177,2020년 4월 11일 11시,토요일,경상남도 통영시 도천동,경상사고,0,0,1,0,차대사람 - 기타,안전운전불이행,포장 - 건조,맑음,단일로 - 기타,화물,남,29세,상해없음,보행자,남,68세,경상
2020041100100244,2020년 4월 11일 13시,토요일,경상남도 통영시 정량동,중상사고,0,1,0,0,차대사람 - 기타,보행자보호의무위반,포장 - 건조,맑음,단일로 - 기타,화물,남,51세,상해없음,보행자,여,61세,중상
2020041100100575,2020년 4월 11일 23시,토요일,경상남도 거제시 연초면,사망사고,1,0,0,0,차대사람 - 기타,안전운전불이행,포장 - 젖음/습기,비,교차로 - 교차로부근,화물,남,58세,상해없음,보행자,남,46세,사망
2020041200100012,2020년 4월 12일 00시,일요일,경상남도 창원시 마산합포구 신포동1가,사망사고,1,0,0,0,차대사람 - 횡단중,과속,포장 - 젖음/습기,비,교차로 - 교차로부근,승용,남,69세,상해없음,보행자,남,53세,사망
2020041200100324,2020년 4월 12일 18시,일요일,경상남도 통영시 도산면,부상신고사고,0,0,0,1,차대사람 - 횡단중,안전운전불이행,포장 - 건조,맑음,교차로 - 교차로횡단보도내,기타불명,기타불명,미분류,기타불명,보행자,여,4세,부상신고
2020041200100397,2020년 4월 12일 21시,일요일,경상남도 양산시 하북면,중상사고,0,1,0,0,차대사람 - 길가장자리구역통행중,안전운전불이행,포장 - 건조,맑음,단일로 - 기타,화물,남,70세,상해없음,보행자,여,62세,중상
2020041200100398,2020년 4월 12일 21시,일요일,경상남도 김해시 율하동,중상사고,0,1,0,0,차대사람 - 차도통행중,안전운전불이행,포장 - 건조,맑음,교차로 - 교차로부근,승용,여,46세,상해없음,보행자,남,49세,중상
2020041300100486,2020년 4월 13일 19시,월요일,경상남도 양산시 남부동,경상사고,0,0,1,0,차대사람 - 기타,안전운전불이행,포장 - 건조,맑음,단일로 - 기타,승용,여,40세,상해없음,보행자,남,71세,경상
2020041400100351,2020년 4월 14일 16시,화요일,경상남도 양산시 동면,경상사고,0,0,1,0,차대사람 - 기타,안전운전불이행,포장 - 건조,맑음,교차로 - 교차로안,승용,여,62세,상해없음,보행자,남,11세,경상
2020041400100406,2020년 4월 14일 17시,화요일,경상남도 김해시 대성동,중상사고,0,1,0,0,차대사람 - 보도통행중,기타,포장 - 건조,맑음,단일로 - 기타,승용,여,22세,상해없음,보행자,여,46세,중상
2020041400100454,2020년 4월 14일 18시,화요일,경상남도 창원시 진해구 안골동,경상사고,0,0,1,0,차대사람 - 차도통행중,안전운전불이행,포장 - 건조,맑음,단일로 - 기타,승용,남,68세,상해없음,보행자,남,64세,경상
2020041400100523,2020년 4월 14일 20시,화요일,경상남도 거제시 상동동,중상사고,0,1,0,0,차대사람 - 기타,안전운전불이행,포장 - 건조,맑음,교차로 - 교차로부근,승용,여,40세,상해없음,보행자,남,50세,중상
2020041400100600,2020년 4월 14일 23시,화요일,경상남도 사천시 사천읍,중상사고,0,1,0,0,차대사람 - 기타,안전운전불이행,포장 - 건조,맑음,교차로 - 교차로안,승용,남,57세,상해없음,보행자,남,53세,중상
2020041500100243,2020년 4월 15일 14시,수요일,경상남도 창원시 마산합포구 구산면,경상사고,0,0,1,0,차대사람 - 길가장자리구역통행중,안전운전불이행,포장 - 건조,맑음,단일로 - 기타,승용,남,63세,상해없음,보행자,여,56세,경상
2020041500100375,2020년 4월 15일 18시,수요일,경상남도 산청군 산청읍,경상사고,0,0,1,0,차대사람 - 기타,안전운전불이행,포장 - 건조,맑음,주차장 - 주차장,화물,남,53세,상해없음,보행자,여,43세,경상
2020041500100444,2020년 4월 15일 21시,수요일,경상남도 진주시 상봉동,중상사고,0,1,0,0,차대사람 - 기타,안전운전불이행,포장 - 건조,맑음,단일로 - 기타,승용,남,51세,상해없음,보행자,여,26세,중상
2020041600100108,2020년 4월 16일 09시,목요일,경상남도 진주시 봉곡동,중상사고,0,1,0,0,차대사람 - 기타,안전운전불이행,포장 - 건조,맑음,단일로 - 기타,승용,여,35세,상해없음,보행자,여,73세,중상
2020041600100130,2020년 4월 16일 10시,목요일,경상남도 거제시 연초면,경상사고,0,0,1,0,차대사람 - 기타,안전운전불이행,포장 - 건조,맑음,단일로 - 기타,승합,남,60세,상해없음,보행자,여,64세,경상
2020041600100424,2020년 4월 16일 19시,목요일,경상남도 사천시 죽림동,경상사고,0,0,1,0,차대사람 - 기타,안전운전불이행,포장 - 건조,맑음,단일로 - 기타,승용,남,38세,상해없음,보행자,남,63세,경상
2020041600100456,2020년 4월 16일 20시,목요일,경상남도 김해시 진영읍,사망사고,1,0,0,0,차대사람 - 횡단중,과속,포장 - 건조,맑음,단일로 - 기타,승용,남,30세,상해없음,보행자,여,60세,사망
2020041600100488,2020년 4월 16일 21시,목요일,경상남도 김해시 한림면,중상사고,0,1,0,0,차대사람 - 길가장자리구역통행중,안전운전불이행,포장 - 건조,기타,단일로 - 기타,승합,남,47세,상해없음,보행자,남,87세,중상
2020041700100008,2020년 4월 17일 00시,금요일,경상남도 거제시 상동동,경상사고,0,0,1,0,차대사람 - 차도통행중,안전운전불이행,포장 - 건조,맑음,단일로 - 기타,이륜,남,32세,상해없음,보행자,남,57세,경상
2020041700100027,2020년 4월 17일 02시,금요일,경상남도 창원시 성산구 중앙동,경상사고,0,0,1,0,차대사람 - 보도통행중,안전운전불이행,포장 - 건조,흐림,단일로 - 기타,승용,여,16세,상해없음,보행자,남,46세,경상
2020041700100191,2020년 4월 17일 12시,금요일,경상남도 김해시 한림면,중상사고,0,1,0,0,차대사람 - 횡단중,신호위반,포장 - 젖음/습기,비,교차로 - 교차로횡단보도내,승용,남,47세,상해없음,보행자,남,29세,중상
2020041700100360,2020년 4월 17일 17시,금요일,경상남도 창원시 마산회원구 양덕동,중상사고,0,1,0,0,차대사람 - 보도통행중,안전운전불이행,포장 - 젖음/습기,비,교차로 - 교차로부근,화물,남,36세,상해없음,보행자,여,81세,중상
2020041700100393,2020년 4월 17일 18시,금요일,경상남도 진주시 하대동,중상사고,0,1,0,0,차대사람 - 횡단중,보행자보호의무위반,포장 - 젖음/습기,비,교차로 - 교차로횡단보도내,화물,남,51세,상해없음,보행자,남,21세,중상
2020041700100457,2020년 4월 17일 20시,금요일,경상남도 진주시 상평동,사망사고,1,0,0,0,차대사람 - 기타,안전운전불이행,포장 - 젖음/습기,흐림,교차로 - 교차로부근,승용,남,69세,상해없음,보행자,남,50세,사망
2020041800100218,2020년 4월 18일 12시,토요일,경상남도 양산시 덕계동,경상사고,0,0,1,0,차대사람 - 횡단중,안전운전불이행,포장 - 건조,맑음,단일로 - 기타,승용,여,72세,상해없음,보행자,여,65세,경상
2020041800100328,2020년 4월 18일 15시,토요일,경상남도 진주시 대안동,경상사고,0,0,1,0,차대사람 - 차도통행중,안전운전불이행,포장 - 건조,맑음,단일로 - 기타,화물,남,70세,상해없음,보행자,여,81세,경상
2020041800100329,2020년 4월 18일 15시,토요일,경상남도 김해시 서상동,중상사고,0,1,0,0,차대사람 - 횡단중,보행자보호의무위반,포장 - 건조,맑음,교차로 - 교차로횡단보도내,승용,남,66세,상해없음,보행자,여,58세,중상
2020041800100330,2020년 4월 18일 15시,토요일,경상남도 함양군 함양읍,중상사고,0,1,0,0,차대사람 - 차도통행중,안전운전불이행,포장 - 건조,맑음,단일로 - 기타,승용,남,68세,상해없음,보행자,여,79세,중상
2020041800100358,2020년 4월 18일 16시,토요일,경상남도 거제시 고현동,경상사고,0,0,1,0,차대사람 - 기타,안전운전불이행,포장 - 건조,맑음,단일로 - 기타,승용,남,41세,상해없음,보행자,여,59세,경상
2020041800100432,2020년 4월 18일 18시,토요일,경상남도 김해시 어방동,경상사고,0,0,1,0,차대사람 - 횡단중,보행자보호의무위반,포장 - 건조,맑음,교차로 - 교차로안,화물,남,66세,상해없음,보행자,여,18세,경상
2020041900100279,2020년 4월 19일 18시,일요일,경상남도 창원시 마산회원구 회원동,중상사고,0,1,0,0,차대사람 - 횡단중,안전운전불이행,포장 - 젖음/습기,흐림,교차로 - 교차로부근,승용,여,69세,상해없음,보행자,여,73세,중상
2020041900100315,2020년 4월 19일 19시,일요일,경상남도 김해시 내동,경상사고,0,0,1,0,차대사람 - 길가장자리구역통행중,신호위반,포장 - 건조,맑음,단일로 - 기타,이륜,남,25세,상해없음,보행자,남,27세,경상