사고번호,사고일시,요일,시군구,사고내용,사망자수,중상자수,경상자수,부상신고자수,사고유형,법규위반,노면상태,기상상태,도로형태,가해운전자 차종,가해운전자 성별,가해운전자 연령,가해운전자 상해정도,피해운전자 차종,피해운전자 성별,피해운전자 연령,피해운전자 상해정도
2020041900100344,2020년 4월 19일 20시,일요일,경상남도 사천시 선구동,경상사고,0,0,1,0,차대사람 - 횡단중,보행자보호의무위반,포장 - 젖음/습기,비,교차로 - 교차로횡단보도내,승용,남,64세,상해없음,보행자,여,64세,경상
2020041900100409,2020년 4월 19일 23시,일요일,경상남도 함안군 군북면,사망사고,1,0,0,0,차대사람 - 기타,안전운전불이행,포장 - 건조,맑음,단일로 - 기타,승합,남,75세,상해없음,보행자,여,35세,사망
2020042000100146,2020년 4월 20일 10시,월요일,경상남도 의령군 부림면,중상사고,0,1,0,0,차대사람 - 기타,안전운전불이행,포장 - 건조,맑음,단일로 - 기타,화물,남,59세,상해없음,보행자,여,87세,중상
2020042000100171,2020년 4월 20일 11시,월요일,경상남도 합천군 합천읍,경상사고,0,0,1,0,차대사람 - 기타,안전운전불이행,포장 - 건조,맑음,단일로 - 기타,승용,여,67세,상해없음,보행자,남,84세,경상
2020042000100173,2020년 4월 20일 11시,월요일,경상남도 창원시 의창구 신월동,경상사고,0,0,1,0,차대사람 - 횡단중,보행자보호의무위반,포장 - 건조,맑음,교차로 - 교차로안,승용,여,42세,상해없음,보행자,남,50세,경상
2020042000100280,2020년 4월 20일 14시,월요일,경상남도 양산시 교동,경상사고,0,0,1,0,차대사람 - 기타,안전운전불이행,포장 - 건조,맑음,단일로 - 기타,승용,남,61세,상해없음,보행자,남,51세,경상
2020042000100350,2020년 4월 20일 16시,월요일,경상남도 창원시 진해구 석동,경상사고,0,0,1,0,차대사람 - 기타,안전운전불이행,포장 - 건조,맑음,단일로 - 기타,자전거,남,18세,상해없음,보행자,여,62세,경상
2020042000100411,2020년 4월 20일 18시,월요일,경상남도 김해시 어방동,중상사고,0,1,0,0,차대사람 - 기타,안전운전불이행,포장 - 건조,맑음,단일로 - 기타,승용,여,59세,상해없음,보행자,여,63세,중상
2020042000100446,2020년 4월 20일 19시,월요일,경상남도 김해시 삼방동,경상사고,0,0,1,0,차대사람 - 기타,안전운전불이행,포장 - 건조,맑음,단일로 - 기타,승용,남,58세,상해없음,보행자,남,46세,경상
2020042000100448,2020년 4월 20일 19시,월요일,경상남도 김해시 봉황동,경상사고,0,0,1,0,차대사람 - 횡단중,보행자보호의무위반,포장 - 건조,맑음,교차로 - 교차로횡단보도내,승용,남,58세,상해없음,보행자,남,42세,경상
2020042100100094,2020년 4월 21일 08시,화요일,경상남도 진주시 칠암동,중상사고,0,1,0,0,차대사람 - 횡단중,보행자보호의무위반,포장 - 건조,맑음,교차로 - 교차로횡단보도내,승용,여,35세,상해없음,보행자,여,85세,중상
2020042100100151,2020년 4월 21일 10시,화요일,경상남도 양산시 중부동,중상사고,0,1,0,0,차대사람 - 기타,안전운전불이행,포장 - 건조,맑음,단일로 - 기타,승용,여,62세,상해없음,보행자,여,70세,중상
2020042100100300,2020년 4월 21일 15시,화요일,경상남도 창원시 의창구 용호동,중상사고,0,1,0,0,차대사람 - 차도통행중,안전운전불이행,포장 - 건조,맑음,단일로 - 기타,화물,남,41세,상해없음,보행자,여,84세,중상
2020042100100329,2020년 4월 21일 16시,화요일,경상남도 고성군 고성읍,중상사고,0,1,0,0,차대사람 - 기타,안전운전불이행,포장 - 건조,맑음,단일로 - 기타,원동기,남,80세,상해없음,보행자,여,88세,중상
2020042100100415,2020년 4월 21일 18시,화요일,경상남도 창원시 마산회원구 양덕동,경상사고,0,0,1,0,차대사람 - 횡단중,보행자보호의무위반,포장 - 건조,맑음,교차로 - 교차로횡단보도내,화물,남,56세,상해없음,보행자,여,47세,경상
2020042100100439,2020년 4월 21일 19시,화요일,경상남도 밀양시 삼문동,경상사고,0,0,1,0,차대사람 - 횡단중,안전운전불이행,포장 - 건조,맑음,단일로 - 기타,원동기,남,30세,상해없음,보행자,여,59세,경상
2020042200100135,2020년 4월 22일 09시,수요일,경상남도 창원시 마산합포구 자산동,중상사고,0,1,0,0,차대사람 - 길가장자리구역통행중,안전운전불이행,포장 - 건조,맑음,교차로 - 교차로안,승합,여,65세,상해없음,보행자,남,83세,중상
2020042200100251,2020년 4월 22일 13시,수요일,경상남도 창녕군 창녕읍,경상사고,0,0,1,0,차대사람 - 횡단중,안전운전불이행,포장 - 건조,맑음,단일로 - 기타,승용,남,31세,상해없음,보행자,남,61세,경상
2020042200100310,2020년 4월 22일 15시,수요일,경상남도 양산시 물금읍,중상사고,0,1,0,0,차대사람 - 횡단중,안전운전불이행,포장 - 건조,맑음,교차로 - 교차로안,승용,여,40세,상해없음,보행자,여,78세,중상
2020042200100539,2020년 4월 22일 23시,수요일,경상남도 밀양시 삼문동,부상신고사고,0,0,0,1,차대사람 - 횡단중,안전운전불이행,포장 - 건조,맑음,교차로 - 교차로안,승용,여,49세,상해없음,보행자,남,50세,부상신고
2020042300100213,2020년 4월 23일 12시,목요일,경상남도 통영시 도남동,경상사고,0,0,1,0,차대사람 - 기타,안전운전불이행,포장 - 건조,맑음,기타 - 기타,승용,여,58세,상해없음,보행자,남,53세,경상
2020042300100214,2020년 4월 23일 12시,목요일,경상남도 사천시 용현면,중상사고,0,1,0,0,차대사람 - 보도통행중,보행자보호의무위반,포장 - 건조,맑음,교차로 - 교차로횡단보도내,승합,남,69세,상해없음,보행자,여,69세,중상
2020042300100375,2020년 4월 23일 17시,목요일,경상남도 거제시 능포동,중상사고,0,1,0,0,차대사람 - 기타,보행자보호의무위반,포장 - 건조,맑음,교차로 - 교차로안,승용,여,71세,상해없음,보행자,여,79세,중상
2020042300100543,2020년 4월 23일 23시,목요일,경상남도 양산시 평산동,중상사고,0,1,0,0,차대사람 - 기타,안전운전불이행,포장 - 건조,맑음,기타 - 기타,승용,남,25세,상해없음,보행자,남,79세,중상
2020042400100032,2020년 4월 24일 01시,금요일,경상남도 창원시 마산합포구 상남동,중상사고,0,1,0,0,차대사람 - 기타,안전운전불이행,포장 - 건조,맑음,교차로 - 교차로부근,원동기,남,41세,중상,보행자,남,41세,상해없음
2020042400100033,2020년 4월 24일 01시,금요일,경상남도 창원시 마산합포구 교방동,중상사고,0,1,0,0,차대사람 - 기타,보행자보호의무위반,포장 - 건조,맑음,교차로 - 교차로횡단보도내,승용,남,59세,상해없음,보행자,남,65세,중상
2020042400100086,2020년 4월 24일 07시,금요일,경상남도 합천군 묘산면,중상사고,0,1,0,0,차대사람 - 횡단중,안전운전불이행,포장 - 건조,맑음,단일로 - 기타,승용,남,67세,상해없음,보행자,남,57세,중상
2020042400100219,2020년 4월 24일 11시,금요일,경상남도 창원시 마산회원구 합성동,중상사고,0,1,0,0,차대사람 - 횡단중,기타,포장 - 건조,기타,교차로 - 교차로횡단보도내,승용,남,66세,상해없음,보행자,여,65세,중상
2020042400100248,2020년 4월 24일 12시,금요일,경상남도 거창군 거창읍,중상사고,0,1,0,0,차대사람 - 횡단중,보행자보호의무위반,포장 - 건조,맑음,교차로 - 교차로안,이륜,남,82세,상해없음,보행자,여,61세,중상
2020042400100289,2020년 4월 24일 13시,금요일,경상남도 창원시 의창구 팔용동,중상사고,0,1,0,0,차대사람 - 기타,안전운전불이행,포장 - 건조,맑음,단일로 - 기타,화물,남,62세,상해없음,보행자,여,70세,중상
2020042400100291,2020년 4월 24일 13시,금요일,경상남도 김해시 진영읍,경상사고,0,0,1,0,차대사람 - 기타,안전운전불이행,포장 - 건조,맑음,단일로 - 기타,승용,여,39세,상해없음,보행자,남,5세,경상
2020042400100404,2020년 4월 24일 16시,금요일,경상남도 거제시 아주동,경상사고,0,0,1,0,차대사람 - 횡단중,안전운전불이행,포장 - 건조,맑음,단일로 - 기타,승용,여,44세,상해없음,보행자,여,9세,경상
2020042400100447,2020년 4월 24일 17시,금요일,경상남도 고성군 거류면,경상사고,0,0,1,0,차대사람 - 차도통행중,안전운전불이행,포장 - 건조,맑음,단일로 - 기타,승용,여,40세,상해없음,보행자,남,67세,경상
2020042500100145,2020년 4월 25일 09시,토요일,경상남도 통영시 서호동,경상사고,0,0,1,0,차대사람 - 차도통행중,안전운전불이행,포장 - 건조,맑음,교차로 - 교차로부근,화물,남,32세,상해없음,보행자,여,70세,경상
2020042500100175,2020년 4월 25일 10시,토요일,경상남도 의령군 의령읍,경상사고,0,0,1,0,차대사람 - 횡단중,안전운전불이행,포장 - 건조,맑음,단일로 - 기타,승용,여,45세,상해없음,보행자,남,40세,경상
2020042500100239,2020년 4월 25일 12시,토요일,경상남도 김해시 율하동,경상사고,0,0,1,0,차대사람 - 횡단중,신호위반,포장 - 건조,맑음,교차로 - 교차로횡단보도내,승용,남,53세,상해없음,보행자,남,3세,경상
2020042500100300,2020년 4월 25일 14시,토요일,경상남도 진주시 평거동,경상사고,0,0,1,0,차대사람 - 차도통행중,안전운전불이행,포장 - 건조,맑음,단일로 - 기타,승용,남,38세,상해없음,보행자,여,6세,경상
2020042500100476,2020년 4월 25일 19시,토요일,경상남도 거제시 고현동,경상사고,0,0,1,0,차대사람 - 횡단중,안전운전불이행,포장 - 건조,맑음,단일로 - 기타,이륜,남,40세,경상,보행자,남,64세,상해없음
2020042600100134,2020년 4월 26일 10시,일요일,경상남도 사천시 벌리동,중상사고,0,1,0,0,차대사람 - 기타,안전운전불이행,포장 - 건조,맑음,단일로 - 기타,승용,남,65세,상해없음,보행자,남,59세,중상
2020042600100136,2020년 4월 26일 10시,일요일,경상남도 고성군 고성읍,부상신고사고,0,0,0,1,차대사람 - 차도통행중,안전운전불이행,포장 - 건조,맑음,교차로 - 교차로안,승용,남,69세,상해없음,보행자,여,74세,부상신고
2020042600100224,2020년 4월 26일 14시,일요일,경상남도 남해군 이동면,중상사고,0,1,0,0,차대사람 - 길가장자리구역통행중,안전운전불이행,포장 - 건조,맑음,교차로 - 교차로안,승용,남,39세,상해없음,보행자,여,85세,중상
2020042600100294,2020년 4월 26일 16시,일요일,경상남도 창원시 마산합포구 해운동,경상사고,0,0,3,0,차대사람 - 기타,안전운전불이행,포장 - 건조,맑음,기타 - 기타,자전거,남,19세,경상,보행자,여,38세,경상
2020042700100015,2020년 4월 27일 02시,월요일,경상남도 창원시 마산합포구 두월동2가,중상사고,0,1,0,0,차대사람 - 차도통행중,안전운전불이행,포장 - 건조,맑음,교차로 - 교차로안,승용,남,31세,상해없음,보행자,남,54세,중상
2020042700100018,2020년 4월 27일 03시,월요일,경상남도 창원시 성산구 상남동,경상사고,0,0,1,0,차대사람 - 횡단중,안전운전불이행,포장 - 건조,맑음,교차로 - 교차로안,승용,남,23세,상해없음,보행자,남,34세,경상
2020042700100019,2020년 4월 27일 03시,월요일,경상남도 창원시 성산구 상남동,경상사고,0,0,1,0,차대사람 - 차도통행중,안전운전불이행,포장 - 건조,맑음,단일로 - 기타,승용,여,37세,상해없음,보행자,남,29세,경상
2020042700100159,2020년 4월 27일 10시,월요일,경상남도 통영시 평림동,중상사고,0,1,0,0,차대사람 - 기타,안전운전불이행,포장 - 건조,맑음,단일로 - 기타,승용,남,57세,상해없음,보행자,여,93세,중상
2020042700100160,2020년 4월 27일 10시,월요일,경상남도 함양군 함양읍,중상사고,0,1,0,0,차대사람 - 기타,기타,포장 - 건조,맑음,단일로 - 기타,승용,남,57세,상해없음,보행자,여,76세,중상
2020042700100577,2020년 4월 27일 21시,월요일,경상남도 거제시 옥포동,중상사고,0,1,0,0,차대사람 - 보도통행중,안전운전불이행,포장 - 건조,맑음,교차로 - 교차로안,승합,남,32세,상해없음,보행자,여,42세,중상
2020042800100145,2020년 4월 28일 09시,화요일,경상남도 고성군 삼산면,경상사고,0,0,1,0,차대사람 - 기타,안전운전불이행,포장 - 건조,맑음,주차장 - 주차장,화물,남,58세,상해없음,보행자,남,4세,경상
2020042800100315,2020년 4월 28일 14시,화요일,경상남도 진주시 상평동,중상사고,0,2,0,0,차대사람 - 차도통행중,안전운전불이행,포장 - 건조,맑음,단일로 - 기타,이륜,남,82세,중상,보행자,남,81세,중상
2020042800100408,2020년 4월 28일 16시,화요일,경상남도 김해시 어방동,중상사고,0,2,1,0,차대사람 - 횡단중,보행자보호의무위반,포장 - 건조,맑음,교차로 - 교차로횡단보도내,승용,여,35세,상해없음,보행자,여,43세,중상
2020042800100446,2020년 4월 28일 17시,화요일,경상남도 사천시 선구동,중상사고,0,1,0,0,차대사람 - 횡단중,보행자보호의무위반,포장 - 건조,맑음,교차로 - 교차로안,화물,남,40세,상해없음,보행자,여,73세,중상
2020042800100447,2020년 4월 28일 17시,화요일,경상남도 합천군 합천읍,부상신고사고,0,0,0,1,차대사람 - 횡단중,안전운전불이행,포장 - 건조,맑음,단일로 - 기타,승용,여,60세,상해없음,보행자,여,9세,부상신고
2020042800100493,2020년 4월 28일 18시,화요일,경상남도 창원시 마산합포구 자산동,중상사고,0,1,0,0,차대사람 - 기타,안전운전불이행,포장 - 건조,맑음,단일로 - 기타,승용,여,67세,상해없음,보행자,남,59세,중상
2020042800100535,2020년 4월 28일 19시,화요일,경상남도 통영시 도천동,중상사고,0,1,0,0,차대사람 - 횡단중,안전운전불이행,포장 - 건조,맑음,단일로 - 기타,원동기,남,39세,상해없음,보행자,남,47세,중상
2020042900100091,2020년 4월 29일 08시,수요일,경상남도 사천시 서금동,경상사고,0,0,1,0,차대사람 - 기타,안전운전불이행,포장 - 건조,맑음,교차로 - 교차로부근,화물,남,40세,상해없음,보행자,남,59세,경상
2020042900100393,2020년 4월 29일 16시,수요일,경상남도 거제시 장목면,중상사고,0,1,0,0,차대사람 - 차도통행중,안전운전불이행,포장 - 건조,맑음,단일로 - 기타,승용,남,71세,상해없음,보행자,여,96세,중상
2020042900100445,2020년 4월 29일 17시,수요일,경상남도 사천시 용현면,중상사고,0,1,0,0,차대사람 - 횡단중,보행자보호의무위반,포장 - 건조,맑음,교차로 - 교차로횡단보도내,화물,남,41세,상해없음,보행자,남,76세,중상
2020042900100547,2020년 4월 29일 19시,수요일,경상남도 김해시 대청동,경상사고,0,0,1,0,차대사람 - 기타,기타,포장 - 건조,맑음,단일로 - 기타,기타불명,기타불명,미분류,기타불명,보행자,여,40세,경상
2020042900100688,2020년 4월 29일 23시,수요일,경상남도 창원시 마산합포구 신포동2가,사망사고,1,0,0,0,차대사람 - 기타,과속,포장 - 건조,맑음,교차로 - 교차로횡단보도내,승용,남,26세,상해없음,보행자,남,26세,사망
2020043000100138,2020년 4월 30일 09시,목요일,경상남도 함안군 가야읍,중상사고,0,1,0,0,차대사람 - 횡단중,안전운전불이행,포장 - 건조,맑음,기타 - 기타,승용,여,60세,상해없음,보행자,여,82세,중상
2020043000100320,2020년 4월 30일 14시,목요일,경상남도 거제시 장목면,경상사고,0,0,1,0,차대사람 - 기타,기타,포장 - 건조,맑음,주차장 - 주차장,승용,남,39세,상해없음,보행자,남,40세,경상
2020043000100359,2020년 4월 30일 15시,목요일,경상남도 김해시 봉황동,경상사고,0,0,1,0,차대사람 - 횡단중,안전운전불이행,포장 - 건조,맑음,교차로 - 교차로안,승용,여,43세,상해없음,보행자,여,58세,경상
2020043000100405,2020년 4월 30일 16시,목요일,경상남도 창원시 의창구 동읍,경상사고,0,0,1,0,차대사람 - 기타,안전운전불이행,포장 - 건조,맑음,단일로 - 기타,기타불명,기타불명,미분류,기타불명,보행자,남,73세,경상
2020043000100530,2020년 4월 30일 20시,목요일,경상남도 거제시 옥포동,중상사고,0,1,0,0,차대사람 - 기타,보행자보호의무위반,포장 - 건조,맑음,단일로 - 기타,승용,남,38세,상해없음,보행자,여,84세,중상
2020043000100561,2020년 4월 30일 21시,목요일,경상남도 김해시 어방동,경상사고,0,0,1,0,차대사람 - 기타,안전운전불이행,포장 - 건조,맑음,교차로 - 교차로부근,승용,남,56세,상해없음,보행자,남,50세,경상
2020050100100022,2020년 5월 1일 01시,금요일,경상남도 창원시 마산합포구 신포동1가,경상사고,0,0,1,0,차대사람 - 횡단중,신호위반,포장 - 건조,맑음,교차로 - 교차로횡단보도내,승용,남,75세,상해없음,보행자,남,33세,경상
2020050100100169,2020년 5월 1일 11시,금요일,경상남도 진주시 장대동,중상사고,0,1,0,0,차대사람 - 횡단중,보행자보호의무위반,포장 - 건조,맑음,기타 - 기타,승용,여,34세,상해없음,보행자,여,55세,중상
2020050100100412,2020년 5월 1일 17시,금요일,경상남도 창원시 마산합포구 장군동4가,경상사고,0,0,1,0,차대사람 - 기타,안전운전불이행,포장 - 건조,맑음,교차로 - 교차로안,개인형이동수단(PM),남,31세,상해없음,보행자,여,83세,경상
2020050100100414,2020년 5월 1일 17시,금요일,경상남도 창원시 성산구 중앙동,중상사고,0,1,0,0,차대사람 - 횡단중,보행자보호의무위반,포장 - 건조,맑음,교차로 - 교차로안,승용,여,27세,상해없음,보행자,남,55세,중상
2020050100100480,2020년 5월 1일 19시,금요일,경상남도 창원시 마산회원구 회성동,중상사고,0,1,0,0,차대사람 - 기타,기타,포장 - 건조,맑음,단일로 - 기타,승합,남,61세,상해없음,보행자,여,81세,중상
2020050200100423,2020년 5월 2일 18시,토요일,경상남도 밀양시 내이동,중상사고,0,1,0,0,차대사람 - 횡단중,안전운전불이행,포장 - 건조,맑음,단일로 - 기타,승용,여,66세,상해없음,보행자,여,80세,중상
2020050200100483,2020년 5월 2일 20시,토요일,경상남도 사천시 사천읍,경상사고,0,0,1,0,차대사람 - 차도통행중,안전운전불이행,포장 - 건조,맑음,교차로 - 교차로안,승용,남,45세,상해없음,보행자,여,71세,경상
2020050200100513,2020년 5월 2일 21시,토요일,경상남도 통영시 광도면,부상신고사고,0,0,0,1,차대사람 - 차도통행중,안전운전불이행,포장 - 건조,맑음,단일로 - 기타,기타불명,기타불명,미분류,기타불명,보행자,남,56세,부상신고
2020050300100161,2020년 5월 3일 12시,일요일,경상남도 남해군 삼동면,경상사고,0,0,1,0,차대사람 - 길가장자리구역통행중,안전운전불이행,포장 - 건조,맑음,단일로 - 기타,승용,여,22세,상해없음,보행자,여,19세,경상
2020050300100319,2020년 5월 3일 18시,일요일,경상남도 김해시 어방동,중상사고,0,1,0,0,차대사람 - 횡단중,안전운전불이행,포장 - 젖음/습기,비,단일로 - 기타,원동기,남,21세,상해없음,보행자,남,41세,중상
2020050300100382,2020년 5월 3일 20시,일요일,경상남도 통영시 정량동,중상사고,0,1,0,0,차대사람 - 횡단중,보행자보호의무위반,포장 - 젖음/습기,비,교차로 - 교차로안,승용,남,35세,상해없음,보행자,여,49세,중상
2020050400100021,2020년 5월 4일 01시,월요일,경상남도 김해시 외동,경상사고,0,0,1,0,차대사람 - 기타,안전운전불이행,포장 - 건조,맑음,단일로 - 기타,승용,남,64세,상해없음,보행자,남,39세,경상
2020050400100120,2020년 5월 4일 09시,월요일,경상남도 진주시 신안동,경상사고,0,0,1,0,차대사람 - 차도통행중,안전운전불이행,포장 - 건조,맑음,단일로 - 기타,화물,남,39세,상해없음,보행자,남,64세,경상
2020050400100156,2020년 5월 4일 10시,월요일,경상남도 김해시 내덕동,중상사고,0,1,0,0,차대사람 - 차도통행중,안전운전불이행,포장 - 건조,맑음,단일로 - 기타,승용,남,59세,상해없음,보행자,남,79세,중상
2020050400100229,2020년 5월 4일 12시,월요일,경상남도 창원시 마산회원구 양덕동,경상사고,0,0,1,0,차대사람 - 횡단중,안전운전불이행,포장 - 건조,맑음,교차로 - 교차로횡단보도내,승용,여,62세,상해없음,보행자,여,45세,경상
2020050400100230,2020년 5월 4일 12시,월요일,경상남도 창원시 의창구 소답동,중상사고,0,1,0,0,차대사람 - 기타,안전운전불이행,포장 - 건조,맑음,단일로 - 기타,승용,여,54세,상해없음,보행자,남,79세,중상
2020050400100309,2020년 5월 4일 14시,월요일,경상남도 합천군 초계면,부상신고사고,0,0,0,1,차대사람 - 횡단중,안전운전불이행,포장 - 건조,맑음,교차로 - 교차로부근,기타불명,기타불명,미분류,기타불명,보행자,남,74세,부상신고
2020050400100360,2020년 5월 4일 15시,월요일,경상남도 양산시 하북면,부상신고사고,0,0,0,1,차대사람 - 기타,보행자보호의무위반,포장 - 건조,맑음,단일로 - 기타,화물,여,56세,상해없음,보행자,남,49세,부상신고
2020050400100363,2020년 5월 4일 15시,월요일,경상남도 창원시 의창구 명서동,경상사고,0,0,1,0,차대사람 - 기타,안전운전불이행,포장 - 건조,맑음,단일로 - 기타,승용,남,65세,상해없음,보행자,여,55세,경상
2020050400100405,2020년 5월 4일 16시,월요일,경상남도 진주시 일반성면,중상사고,0,1,0,0,차대사람 - 횡단중,안전운전불이행,포장 - 건조,맑음,단일로 - 기타,화물,남,28세,상해없음,보행자,여,64세,중상
2020050400100406,2020년 5월 4일 16시,월요일,경상남도 김해시 삼계동,중상사고,0,1,0,0,차대사람 - 횡단중,보행자보호의무위반,포장 - 건조,맑음,단일로 - 기타,승용,여,37세,상해없음,보행자,남,13세,중상
2020050400100457,2020년 5월 4일 17시,월요일,경상남도 김해시 동상동,경상사고,0,0,1,0,차대사람 - 길가장자리구역통행중,안전운전불이행,포장 - 건조,맑음,단일로 - 기타,자전거,남,29세,상해없음,보행자,남,61세,경상
2020050400100558,2020년 5월 4일 19시,월요일,경상남도 창원시 진해구 용원동,경상사고,0,0,1,0,차대사람 - 차도통행중,안전운전불이행,포장 - 건조,맑음,기타 - 기타,승용,남,41세,상해없음,보행자,남,39세,경상
2020050500100011,2020년 5월 5일 00시,화요일,경상남도 창원시 성산구 반지동,경상사고,0,0,1,0,차대사람 - 횡단중,보행자보호의무위반,포장 - 건조,맑음,단일로 - 기타,승용,남,29세,상해없음,보행자,남,48세,경상
2020050500100097,2020년 5월 5일 09시,화요일,경상남도 의령군 의령읍,경상사고,0,0,1,0,차대사람 - 기타,안전운전불이행,포장 - 건조,맑음,단일로 - 기타,승용,여,51세,상해없음,보행자,남,88세,경상
2020050500100111,2020년 5월 5일 10시,화요일,경상남도 함안군 가야읍,경상사고,0,0,1,0,차대사람 - 횡단중,안전운전불이행,포장 - 건조,맑음,단일로 - 기타,승용,남,66세,상해없음,보행자,여,57세,경상
2020050600100047,2020년 5월 6일 06시,수요일,경상남도 창원시 성산구 웅남동,중상사고,0,1,0,0,차대사람 - 횡단중,안전운전불이행,포장 - 건조,맑음,교차로 - 교차로횡단보도내,승용,남,55세,상해없음,보행자,남,61세,중상
2020050600100285,2020년 5월 6일 13시,수요일,경상남도 양산시 삼호동,경상사고,0,0,1,0,차대사람 - 횡단중,보행자보호의무위반,포장 - 건조,맑음,교차로 - 교차로안,승용,남,83세,상해없음,보행자,여,65세,경상
2020050600100416,2020년 5월 6일 16시,수요일,경상남도 김해시 외동,경상사고,0,0,1,0,차대사람 - 횡단중,신호위반,포장 - 건조,맑음,교차로 - 교차로횡단보도내,승용,여,46세,상해없음,보행자,남,10세,경상
2020050600100537,2020년 5월 6일 18시,수요일,경상남도 창원시 마산회원구 양덕동,경상사고,0,0,1,0,차대사람 - 차도통행중,안전운전불이행,포장 - 건조,맑음,단일로 - 기타,승용,남,65세,상해없음,보행자,남,43세,경상
2020050600100598,2020년 5월 6일 20시,수요일,경상남도 김해시 진영읍,중상사고,0,1,0,0,차대사람 - 횡단중,보행자보호의무위반,포장 - 건조,맑음,교차로 - 교차로횡단보도내,승용,남,55세,상해없음,보행자,남,8세,중상
2020050700100041,2020년 5월 7일 03시,목요일,경상남도 통영시 북신동,중상사고,0,1,0,0,차대사람 - 횡단중,안전운전불이행,포장 - 건조,맑음,교차로 - 교차로안,승용,여,34세,상해없음,보행자,여,67세,중상
2020050700100444,2020년 5월 7일 16시,목요일,경상남도 진주시 평거동,사망사고,1,0,0,0,차대사람 - 기타,기타,포장 - 건조,맑음,교차로 - 교차로부근,화물,남,58세,상해없음,보행자,남,63세,사망
2020050700100492,2020년 5월 7일 17시,목요일,경상남도 밀양시 내일동,중상사고,0,1,0,0,차대사람 - 횡단중,안전운전불이행,포장 - 건조,맑음,교차로 - 교차로횡단보도내,승용,여,71세,상해없음,보행자,남,57세,중상
2020050700100542,2020년 5월 7일 18시,목요일,경상남도 창녕군 창녕읍,중상사고,0,1,0,0,차대사람 - 기타,안전운전불이행,포장 - 건조,맑음,교차로 - 교차로안,승용,여,57세,상해없음,보행자,남,88세,중상
2020050700100583,2020년 5월 7일 19시,목요일,경상남도 창원시 진해구 경화동,경상사고,0,0,1,0,차대사람 - 기타,안전운전불이행,포장 - 건조,맑음,교차로 - 교차로안,승용,남,34세,상해없음,보행자,남,62세,경상
2020050700100634,2020년 5월 7일 21시,목요일,경상남도 창원시 진해구 덕산동,경상사고,0,0,1,0,차대사람 - 기타,보행자보호의무위반,포장 - 건조,맑음,교차로 - 교차로횡단보도내,승용,여,60세,상해없음,보행자,여,56세,경상
2020050800100341,2020년 5월 8일 15시,금요일,경상남도 창원시 마산합포구 산호동,경상사고,0,0,1,0,차대사람 - 길가장자리구역통행중,안전운전불이행,포장 - 건조,맑음,단일로 - 기타,승용,남,52세,상해없음,보행자,여,77세,경상
2020050800100458,2020년 5월 8일 18시,금요일,경상남도 창원시 마산합포구 성호동,중상사고,0,1,0,0,차대사람 - 횡단중,안전운전불이행,포장 - 건조,맑음,단일로 - 기타,승용,여,26세,상해없음,보행자,남,8세,중상
2020050900100026,2020년 5월 9일 00시,토요일,경상남도 창원시 성산구 상남동,중상사고,0,1,0,0,차대사람 - 기타,안전운전불이행,포장 - 건조,맑음,주차장 - 주차장,화물,남,39세,상해없음,보행자,남,49세,중상
2020050900100315,2020년 5월 9일 14시,토요일,경상남도 창원시 마산합포구 월남동5가,부상신고사고,0,0,0,1,차대사람 - 보도통행중,안전운전불이행,포장 - 건조,맑음,단일로 - 기타,기타불명,기타불명,미분류,기타불명,보행자,남,53세,부상신고
2020050900100516,2020년 5월 9일 20시,토요일,경상남도 창원시 의창구 도계동,중상사고,0,1,0,0,차대사람 - 기타,안전운전불이행,포장 - 건조,맑음,단일로 - 기타,승합,남,58세,상해없음,보행자,여,58세,중상
2020050900100605,2020년 5월 9일 23시,토요일,경상남도 진주시 판문동,중상사고,0,1,0,0,차대사람 - 차도통행중,안전운전불이행,포장 - 건조,맑음,교차로 - 교차로안,화물,남,35세,상해없음,보행자,남,52세,중상
2020051000100149,2020년 5월 10일 12시,일요일,경상남도 김해시 구산동,중상사고,0,1,0,0,차대사람 - 횡단중,보행자보호의무위반,포장 - 건조,맑음,단일로 - 기타,승용,남,60세,상해없음,보행자,여,81세,중상
2020051000100179,2020년 5월 10일 13시,일요일,경상남도 창원시 진해구 이동,중상사고,0,1,0,0,차대사람 - 기타,안전운전불이행,포장 - 건조,맑음,단일로 - 기타,원동기,남,21세,상해없음,보행자,여,59세,중상
2020051000100308,2020년 5월 10일 18시,일요일,경상남도 통영시 당동,중상사고,0,1,0,0,차대사람 - 횡단중,안전운전불이행,포장 - 건조,맑음,교차로 - 교차로안,승용,남,45세,상해없음,보행자,여,74세,중상
2020051000100309,2020년 5월 10일 18시,일요일,경상남도 창원시 의창구 북면,경상사고,0,0,1,0,차대사람 - 기타,안전운전불이행,포장 - 건조,맑음,주차장 - 주차장,화물,남,54세,상해없음,보행자,여,53세,경상
2020051100100162,2020년 5월 11일 09시,월요일,경상남도 거제시 고현동,경상사고,0,0,1,0,차대사람 - 횡단중,보행자보호의무위반,포장 - 건조,맑음,교차로 - 교차로횡단보도내,화물,남,42세,상해없음,보행자,여,73세,경상
2020051100100163,2020년 5월 11일 09시,월요일,경상남도 거제시 고현동,경상사고,0,0,1,0,차대사람 - 횡단중,안전운전불이행,포장 - 건조,맑음,단일로 - 기타,승용,여,51세,상해없음,보행자,남,66세,경상