사고번호,사고일시,요일,시군구,사고내용,사망자수,중상자수,경상자수,부상신고자수,사고유형,법규위반,노면상태,기상상태,도로형태,가해운전자 차종,가해운전자 성별,가해운전자 연령,가해운전자 상해정도,피해운전자 차종,피해운전자 성별,피해운전자 연령,피해운전자 상해정도
2020051100100203,2020년 5월 11일 10시,월요일,경상남도 창원시 마산합포구 남성동,경상사고,0,0,1,0,차대사람 - 횡단중,보행자보호의무위반,포장 - 건조,맑음,교차로 - 교차로횡단보도내,승용,여,51세,상해없음,보행자,남,63세,경상
2020051100100204,2020년 5월 11일 10시,월요일,경상남도 진주시 강남동,중상사고,0,1,0,0,차대사람 - 횡단중,보행자보호의무위반,포장 - 건조,맑음,교차로 - 교차로횡단보도내,승용,여,50세,상해없음,보행자,여,57세,중상
2020051100100207,2020년 5월 11일 10시,월요일,경상남도 창원시 의창구 봉곡동,중상사고,0,1,0,0,차대사람 - 기타,안전운전불이행,포장 - 건조,맑음,단일로 - 기타,승용,여,59세,상해없음,보행자,여,79세,중상
2020051100100324,2020년 5월 11일 13시,월요일,경상남도 김해시 진영읍,경상사고,0,0,1,0,차대사람 - 길가장자리구역통행중,안전운전불이행,포장 - 건조,맑음,교차로 - 교차로안,승용,남,42세,상해없음,보행자,남,68세,경상
2020051100100364,2020년 5월 11일 14시,월요일,경상남도 창원시 마산합포구 남성동,중상사고,0,1,0,0,차대사람 - 횡단중,보행자보호의무위반,포장 - 건조,맑음,교차로 - 교차로횡단보도내,화물,남,63세,상해없음,보행자,여,69세,중상
2020051100100367,2020년 5월 11일 14시,월요일,경상남도 창원시 의창구 동읍,경상사고,0,0,1,0,차대사람 - 기타,안전운전불이행,포장 - 건조,맑음,교차로 - 교차로부근,승용,여,55세,상해없음,보행자,여,43세,경상
2020051100100455,2020년 5월 11일 16시,월요일,경상남도 김해시 외동,중상사고,0,1,0,0,차대사람 - 기타,중앙선침범,포장 - 건조,맑음,단일로 - 기타,원동기,남,23세,상해없음,보행자,남,22세,중상
2020051100100589,2020년 5월 11일 20시,월요일,경상남도 거제시 고현동,경상사고,0,0,1,0,차대사람 - 횡단중,안전운전불이행,포장 - 건조,맑음,교차로 - 교차로안,승용,남,22세,상해없음,보행자,남,20세,경상
2020051100100618,2020년 5월 11일 21시,월요일,경상남도 진주시 초전동,중상사고,0,1,0,0,차대사람 - 횡단중,신호위반,포장 - 건조,맑음,교차로 - 교차로안,승용,남,52세,상해없음,보행자,남,72세,중상
2020051100100675,2020년 5월 11일 23시,월요일,경상남도 진주시 봉곡동,중상사고,0,1,0,0,차대사람 - 횡단중,보행자보호의무위반,포장 - 건조,맑음,교차로 - 교차로안,기타불명,남,35세,상해없음,보행자,남,54세,중상
2020051200100423,2020년 5월 12일 17시,화요일,경상남도 김해시 어방동,중상사고,0,1,0,0,차대사람 - 차도통행중,안전운전불이행,포장 - 건조,맑음,단일로 - 기타,승용,여,46세,상해없음,보행자,남,48세,중상
2020051300100097,2020년 5월 13일 07시,수요일,경상남도 김해시 외동,중상사고,0,1,0,0,차대사람 - 기타,기타,포장 - 건조,맑음,교차로 - 교차로부근,승합,남,56세,상해없음,보행자,여,26세,중상
2020051300100264,2020년 5월 13일 12시,수요일,경상남도 합천군 합천읍,중상사고,0,1,0,0,차대사람 - 횡단중,안전운전불이행,포장 - 건조,맑음,교차로 - 교차로안,승용,남,70세,상해없음,보행자,여,76세,중상
2020051300100334,2020년 5월 13일 14시,수요일,경상남도 창원시 의창구 소답동,경상사고,0,0,1,0,차대사람 - 기타,안전운전불이행,포장 - 건조,맑음,교차로 - 교차로안,승용,여,27세,상해없음,보행자,남,45세,경상
2020051300100372,2020년 5월 13일 15시,수요일,경상남도 사천시 벌리동,경상사고,0,0,1,0,차대사람 - 기타,안전운전불이행,포장 - 건조,맑음,단일로 - 기타,승용,남,49세,상해없음,보행자,남,27세,경상
2020051300100375,2020년 5월 13일 15시,수요일,경상남도 양산시 북부동,경상사고,0,0,1,0,차대사람 - 횡단중,보행자보호의무위반,포장 - 건조,맑음,교차로 - 교차로횡단보도내,승용,남,39세,상해없음,보행자,남,80세,경상
2020051400100041,2020년 5월 14일 05시,목요일,경상남도 거창군 거창읍,경상사고,0,0,1,0,차대사람 - 횡단중,안전운전불이행,포장 - 건조,맑음,단일로 - 기타,승용,여,55세,상해없음,보행자,여,59세,경상
2020051400100065,2020년 5월 14일 07시,목요일,경상남도 함안군 가야읍,경상사고,0,0,1,0,차대사람 - 횡단중,안전운전불이행,포장 - 건조,맑음,단일로 - 기타,승용,남,46세,상해없음,보행자,여,82세,경상
2020051400100163,2020년 5월 14일 10시,목요일,경상남도 양산시 삼호동,부상신고사고,0,0,0,1,차대사람 - 기타,안전운전불이행,포장 - 건조,맑음,주차장 - 주차장,승용,남,36세,상해없음,보행자,남,56세,부상신고
2020051400100380,2020년 5월 14일 16시,목요일,경상남도 합천군 가야면,경상사고,0,0,1,0,차대사람 - 차도통행중,안전운전불이행,포장 - 건조,맑음,단일로 - 기타,화물,남,63세,상해없음,보행자,여,66세,경상
2020051400100421,2020년 5월 14일 17시,목요일,경상남도 밀양시 교동,경상사고,0,0,1,0,차대사람 - 횡단중,안전운전불이행,포장 - 건조,맑음,단일로 - 기타,승용,여,58세,상해없음,보행자,남,13세,경상
2020051400100422,2020년 5월 14일 17시,목요일,경상남도 김해시 무계동,중상사고,0,1,0,0,차대사람 - 기타,안전운전불이행,포장 - 건조,맑음,교차로 - 교차로부근,승합,남,62세,상해없음,보행자,여,65세,중상
2020051400100547,2020년 5월 14일 20시,목요일,경상남도 김해시 구산동,경상사고,0,0,1,0,차대사람 - 횡단중,보행자보호의무위반,포장 - 건조,맑음,교차로 - 교차로횡단보도내,승용,남,71세,상해없음,보행자,남,59세,경상
2020051400100607,2020년 5월 14일 22시,목요일,경상남도 창원시 의창구 소답동,경상사고,0,0,1,0,차대사람 - 횡단중,안전운전불이행,포장 - 건조,맑음,교차로 - 교차로횡단보도내,승용,남,56세,상해없음,보행자,여,24세,경상
2020051500100382,2020년 5월 15일 16시,금요일,경상남도 창원시 성산구 상남동,부상신고사고,0,0,0,1,차대사람 - 차도통행중,안전운전불이행,포장 - 건조,맑음,교차로 - 교차로안,승용,남,55세,상해없음,보행자,남,64세,부상신고
2020051500100556,2020년 5월 15일 20시,금요일,경상남도 거제시 수월동,경상사고,0,0,1,0,차대사람 - 횡단중,보행자보호의무위반,포장 - 건조,맑음,교차로 - 교차로부근,승용,남,38세,상해없음,보행자,여,52세,경상
2020051500100557,2020년 5월 15일 20시,금요일,경상남도 창원시 성산구 남양동,중상사고,0,1,0,0,차대사람 - 횡단중,보행자보호의무위반,포장 - 건조,맑음,교차로 - 교차로횡단보도내,자전거,남,14세,상해없음,보행자,여,62세,중상
2020051600100053,2020년 5월 16일 02시,토요일,경상남도 창원시 마산회원구 석전동,중상사고,0,1,0,0,차대사람 - 횡단중,신호위반,포장 - 젖음/습기,비,교차로 - 교차로횡단보도내,이륜,남,58세,상해없음,보행자,남,41세,중상
2020051600100083,2020년 5월 16일 06시,토요일,경상남도 김해시 부원동,중상사고,0,1,0,0,차대사람 - 기타,안전운전불이행,포장 - 건조,맑음,단일로 - 기타,승용,여,71세,상해없음,보행자,여,65세,중상
2020051600100286,2020년 5월 16일 14시,토요일,경상남도 진주시 대안동,경상사고,0,0,1,0,차대사람 - 기타,안전운전불이행,포장 - 건조,맑음,단일로 - 기타,승용,남,55세,상해없음,보행자,여,81세,경상
2020051600100350,2020년 5월 16일 16시,토요일,경상남도 양산시 중부동,부상신고사고,0,0,0,1,차대사람 - 횡단중,안전운전불이행,포장 - 건조,맑음,단일로 - 기타,승용,여,59세,상해없음,보행자,남,69세,부상신고
2020051700100041,2020년 5월 17일 02시,일요일,경상남도 김해시 부원동,중상사고,0,1,0,0,차대사람 - 기타,안전운전불이행,포장 - 건조,맑음,교차로 - 교차로부근,승용,남,47세,상해없음,보행자,남,52세,중상
2020051700100102,2020년 5월 17일 09시,일요일,경상남도 밀양시 상동면,경상사고,0,0,1,0,차대사람 - 횡단중,안전운전불이행,포장 - 건조,맑음,단일로 - 기타,승용,남,67세,상해없음,보행자,남,5세,경상
2020051700100260,2020년 5월 17일 15시,일요일,경상남도 창원시 의창구 명서동,경상사고,0,0,1,0,차대사람 - 횡단중,안전운전불이행,포장 - 건조,맑음,단일로 - 기타,이륜,남,29세,기타불명,보행자,여,77세,경상
2020051700100287,2020년 5월 17일 16시,일요일,경상남도 양산시 신기동,경상사고,0,0,1,0,차대사람 - 횡단중,보행자보호의무위반,포장 - 건조,맑음,단일로 - 기타,승용,남,37세,상해없음,보행자,남,1세,경상
2020051700100288,2020년 5월 17일 16시,일요일,경상남도 함안군 대산면,중상사고,0,1,0,0,차대사람 - 기타,안전운전불이행,포장 - 건조,맑음,단일로 - 기타,승용,남,38세,상해없음,보행자,여,86세,중상
2020051700100406,2020년 5월 17일 20시,일요일,경상남도 통영시 북신동,중상사고,0,1,0,0,차대사람 - 횡단중,보행자보호의무위반,포장 - 건조,맑음,교차로 - 교차로횡단보도내,승용,여,54세,상해없음,보행자,남,68세,중상
2020051700100412,2020년 5월 17일 20시,일요일,경상남도 김해시 한림면,중상사고,0,1,0,0,차대사람 - 길가장자리구역통행중,안전운전불이행,포장 - 건조,맑음,단일로 - 기타,승용,여,25세,상해없음,보행자,여,59세,중상
2020051800100014,2020년 5월 18일 01시,월요일,경상남도 사천시 사남면,사망사고,1,0,0,0,차대사람 - 차도통행중,과속,포장 - 건조,맑음,교차로 - 교차로부근,승용,여,19세,상해없음,보행자,남,28세,사망
2020051800100118,2020년 5월 18일 09시,월요일,경상남도 거제시 장평동,중상사고,0,1,0,0,차대사람 - 횡단중,보행자보호의무위반,포장 - 건조,맑음,단일로 - 기타,화물,남,40세,상해없음,보행자,여,55세,중상
2020051800100148,2020년 5월 18일 10시,월요일,경상남도 창원시 마산회원구 내서읍,중상사고,0,2,2,0,차대사람 - 기타,안전운전불이행,포장 - 건조,흐림,교차로 - 교차로부근,승용,여,38세,상해없음,보행자,여,77세,중상
2020051800100149,2020년 5월 18일 10시,월요일,경상남도 창원시 의창구 서상동,경상사고,0,0,1,0,차대사람 - 차도통행중,안전운전불이행,포장 - 건조,흐림,교차로 - 교차로안,화물,남,56세,상해없음,보행자,여,42세,경상
2020051800100150,2020년 5월 18일 10시,월요일,경상남도 창원시 의창구 대산면,경상사고,0,0,1,0,차대사람 - 기타,안전운전불이행,포장 - 건조,맑음,단일로 - 기타,승용,여,30세,상해없음,보행자,여,50세,경상
2020051800100305,2020년 5월 18일 14시,월요일,경상남도 김해시 외동,경상사고,0,0,1,0,차대사람 - 차도통행중,안전운전불이행,포장 - 건조,맑음,단일로 - 기타,승용,남,26세,상해없음,보행자,여,58세,경상
2020051800100601,2020년 5월 18일 21시,월요일,경상남도 진주시 하대동,중상사고,0,2,0,0,차대사람 - 횡단중,신호위반,포장 - 젖음/습기,비,단일로 - 기타,승용,남,33세,상해없음,보행자,남,48세,중상
2020051800100627,2020년 5월 18일 22시,월요일,경상남도 사천시 곤양면,경상사고,0,0,1,0,차대사람 - 길가장자리구역통행중,중앙선침범,포장 - 젖음/습기,비,단일로 - 기타,승용,남,54세,상해없음,보행자,남,53세,경상
2020051800100628,2020년 5월 18일 22시,월요일,경상남도 창녕군 남지읍,경상사고,0,0,1,0,차대사람 - 기타,안전운전불이행,포장 - 젖음/습기,비,교차로 - 교차로안,승용,남,28세,상해없음,보행자,남,64세,경상
2020051900100062,2020년 5월 19일 07시,화요일,경상남도 사천시 선구동,경상사고,0,0,1,0,차대사람 - 기타,안전운전불이행,포장 - 건조,맑음,교차로 - 교차로부근,이륜,남,59세,상해없음,보행자,남,57세,경상
2020051900100122,2020년 5월 19일 09시,화요일,경상남도 거제시 양정동,경상사고,0,0,1,0,차대사람 - 횡단중,안전운전불이행,비포장 - 건조,맑음,기타 - 기타,승용,여,61세,상해없음,보행자,여,12세,경상
2020051900100123,2020년 5월 19일 09시,화요일,경상남도 산청군 삼장면,중상사고,0,1,0,0,차대사람 - 차도통행중,안전운전불이행,포장 - 건조,맑음,단일로 - 기타,화물,남,81세,상해없음,보행자,여,79세,중상
2020051900100211,2020년 5월 19일 12시,화요일,경상남도 창원시 의창구 팔용동,중상사고,0,1,0,0,차대사람 - 기타,안전운전불이행,비포장 - 기타,흐림,교차로 - 교차로안,건설기계,남,65세,상해없음,보행자,여,75세,중상
2020051900100266,2020년 5월 19일 14시,화요일,경상남도 밀양시 상남면,경상사고,0,0,1,0,차대사람 - 길가장자리구역통행중,안전운전불이행,포장 - 건조,맑음,교차로 - 교차로안,건설기계,남,57세,상해없음,보행자,남,11세,경상
2020051900100458,2020년 5월 19일 19시,화요일,경상남도 양산시 명동,중상사고,0,1,0,0,차대사람 - 기타,과속,포장 - 건조,맑음,단일로 - 기타,원동기,여,26세,기타불명,보행자,남,64세,중상
2020052000100187,2020년 5월 20일 10시,수요일,경상남도 김해시 부원동,중상사고,0,1,0,0,차대사람 - 차도통행중,안전운전불이행,포장 - 건조,맑음,교차로 - 교차로부근,승용,여,51세,상해없음,보행자,남,64세,중상
2020052000100190,2020년 5월 20일 10시,수요일,경상남도 의령군 의령읍,중상사고,0,1,0,0,차대사람 - 기타,안전운전불이행,포장 - 건조,맑음,단일로 - 기타,화물,남,55세,상해없음,보행자,여,81세,중상
2020052000100283,2020년 5월 20일 12시,수요일,경상남도 함안군 가야읍,중상사고,0,1,0,0,차대사람 - 횡단중,안전운전불이행,포장 - 건조,맑음,교차로 - 교차로안,승용,여,41세,상해없음,보행자,여,66세,중상
2020052000100285,2020년 5월 20일 12시,수요일,경상남도 김해시 장유동,부상신고사고,0,0,0,1,차대사람 - 기타,안전운전불이행,포장 - 건조,맑음,단일로 - 기타,자전거,남,61세,부상신고,보행자,남,46세,상해없음
2020052000100319,2020년 5월 20일 13시,수요일,경상남도 거제시 고현동,중상사고,0,1,0,0,차대사람 - 횡단중,보행자보호의무위반,포장 - 건조,맑음,단일로 - 기타,승용,여,51세,상해없음,보행자,남,18세,중상
2020052100100214,2020년 5월 21일 11시,목요일,경상남도 창원시 진해구 청안동,중상사고,0,1,0,0,차대사람 - 횡단중,안전운전불이행,포장 - 건조,맑음,단일로 - 기타,화물,남,54세,상해없음,보행자,여,76세,중상
2020052100100253,2020년 5월 21일 12시,목요일,경상남도 합천군 가회면,중상사고,0,1,0,0,차대사람 - 횡단중,안전운전불이행,포장 - 건조,맑음,단일로 - 기타,승용,남,54세,상해없음,보행자,남,4세,중상
2020052100100254,2020년 5월 21일 12시,목요일,경상남도 의령군 부림면,중상사고,0,1,0,0,차대사람 - 차도통행중,안전운전불이행,포장 - 건조,맑음,단일로 - 기타,농기계,남,68세,상해없음,보행자,남,50세,중상
2020052100100455,2020년 5월 21일 17시,목요일,경상남도 창원시 성산구 중앙동,경상사고,0,0,1,0,차대사람 - 차도통행중,안전운전불이행,포장 - 건조,맑음,교차로 - 교차로부근,승용,여,25세,상해없음,보행자,여,20세,경상
2020052100100589,2020년 5월 21일 21시,목요일,경상남도 김해시 동상동,중상사고,0,1,0,0,차대사람 - 횡단중,안전운전불이행,포장 - 건조,맑음,교차로 - 교차로안,승용,남,46세,상해없음,보행자,여,67세,중상
2020052200100028,2020년 5월 22일 02시,금요일,경상남도 창원시 성산구 상남동,중상사고,0,1,0,0,차대사람 - 차도통행중,안전운전불이행,포장 - 건조,맑음,교차로 - 교차로부근,승용,남,32세,상해없음,보행자,남,40세,중상
2020052200100046,2020년 5월 22일 05시,금요일,경상남도 김해시 외동,중상사고,0,1,0,0,차대사람 - 기타,안전운전불이행,포장 - 건조,맑음,단일로 - 기타,승용,남,46세,상해없음,보행자,여,43세,중상
2020052200100209,2020년 5월 22일 11시,금요일,경상남도 거제시 고현동,중상사고,0,1,1,0,차대사람 - 기타,교차로운행방법위반,포장 - 건조,맑음,교차로 - 교차로부근,이륜,남,35세,경상,보행자,남,53세,중상
2020052200100367,2020년 5월 22일 15시,금요일,경상남도 통영시 도남동,경상사고,0,0,1,0,차대사람 - 기타,안전운전불이행,포장 - 건조,맑음,단일로 - 기타,이륜,남,72세,상해없음,보행자,남,60세,경상
2020052200100369,2020년 5월 22일 15시,금요일,경상남도 합천군 합천읍,경상사고,0,0,1,0,차대사람 - 횡단중,기타,포장 - 건조,맑음,단일로 - 기타,기타불명,기타불명,미분류,기타불명,보행자,여,15세,경상
2020052200100371,2020년 5월 22일 15시,금요일,경상남도 창원시 의창구 서상동,중상사고,0,1,0,0,차대사람 - 횡단중,보행자보호의무위반,포장 - 건조,맑음,교차로 - 교차로부근,승용,여,25세,상해없음,보행자,여,79세,중상
2020052200100410,2020년 5월 22일 16시,금요일,경상남도 합천군 합천읍,경상사고,0,0,1,0,차대사람 - 횡단중,안전운전불이행,포장 - 건조,맑음,단일로 - 기타,기타불명,기타불명,미분류,기타불명,보행자,여,15세,경상
2020052200100515,2020년 5월 22일 18시,금요일,경상남도 창원시 진해구 자은동,중상사고,0,1,0,0,차대사람 - 보도통행중,안전운전불이행,포장 - 건조,맑음,단일로 - 기타,승용,남,37세,상해없음,보행자,남,39세,중상
2020052200100516,2020년 5월 22일 18시,금요일,경상남도 통영시 도남동,중상사고,0,1,0,0,차대사람 - 횡단중,보행자보호의무위반,포장 - 건조,맑음,교차로 - 교차로횡단보도내,승용,남,31세,상해없음,보행자,여,24세,중상
2020052200100611,2020년 5월 22일 20시,금요일,경상남도 양산시 북부동,중상사고,0,1,0,0,차대사람 - 기타,안전운전불이행,포장 - 건조,맑음,교차로 - 교차로안,승용,남,35세,상해없음,보행자,남,65세,중상
2020052200100640,2020년 5월 22일 21시,금요일,경상남도 김해시 부원동,경상사고,0,0,1,0,차대사람 - 기타,안전운전불이행,포장 - 건조,맑음,단일로 - 기타,승용,남,58세,기타불명,보행자,여,48세,경상
2020052200100695,2020년 5월 22일 23시,금요일,경상남도 창원시 진해구 용원동,경상사고,0,0,1,0,차대사람 - 횡단중,보행자보호의무위반,포장 - 건조,맑음,단일로 - 기타,승용,남,27세,상해없음,보행자,남,38세,경상
2020052200100696,2020년 5월 22일 23시,금요일,경상남도 김해시 삼방동,중상사고,0,2,0,0,차대사람 - 횡단중,안전운전불이행,포장 - 건조,맑음,교차로 - 교차로안,승용,남,63세,상해없음,보행자,남,48세,중상
2020052300100092,2020년 5월 23일 08시,토요일,경상남도 창원시 마산합포구 상남동,중상사고,0,1,0,0,차대사람 - 보도통행중,기타,포장 - 건조,맑음,단일로 - 기타,화물,남,65세,상해없음,보행자,여,81세,중상
2020052300100093,2020년 5월 23일 08시,토요일,경상남도 남해군 남해읍,부상신고사고,0,0,0,1,차대사람 - 차도통행중,안전운전불이행,포장 - 건조,맑음,단일로 - 기타,승용,여,60세,상해없음,보행자,남,71세,부상신고
2020052300100094,2020년 5월 23일 08시,토요일,경상남도 창원시 의창구 중동,중상사고,0,1,0,0,차대사람 - 기타,안전운전불이행,포장 - 건조,맑음,교차로 - 교차로안,화물,남,27세,상해없음,보행자,여,63세,중상
2020052300100334,2020년 5월 23일 14시,토요일,경상남도 양산시 덕계동,중상사고,0,1,0,0,차대사람 - 횡단중,보행자보호의무위반,포장 - 건조,맑음,교차로 - 교차로횡단보도내,승용,남,63세,상해없음,보행자,여,67세,중상
2020052300100404,2020년 5월 23일 16시,토요일,경상남도 남해군 남해읍,중상사고,0,1,0,0,차대사람 - 기타,안전운전불이행,포장 - 건조,맑음,단일로 - 기타,승용,남,61세,상해없음,보행자,남,67세,중상
2020052300100450,2020년 5월 23일 17시,토요일,경상남도 양산시 북정동,경상사고,0,0,2,0,차대사람 - 기타,기타,포장 - 건조,맑음,단일로 - 기타,원동기,여,22세,경상,보행자,남,58세,경상
2020052300100510,2020년 5월 23일 19시,토요일,경상남도 진주시 문산읍,중상사고,0,1,1,0,차대사람 - 기타,안전운전불이행,포장 - 건조,맑음,단일로 - 기타,자전거,남,16세,경상,보행자,여,46세,중상
2020052400100011,2020년 5월 24일 00시,일요일,경상남도 진주시 평거동,경상사고,0,0,1,0,차대사람 - 기타,안전운전불이행,포장 - 건조,맑음,단일로 - 기타,승용,남,27세,상해없음,보행자,남,44세,경상
2020052400100029,2020년 5월 24일 01시,일요일,경상남도 김해시 봉황동,중상사고,0,1,0,0,차대사람 - 횡단중,안전운전불이행,포장 - 건조,맑음,교차로 - 교차로횡단보도내,승용,남,68세,상해없음,보행자,여,46세,중상
2020052400100161,2020년 5월 24일 11시,일요일,경상남도 함양군 서하면,중상사고,0,1,0,0,차대사람 - 차도통행중,안전운전불이행,포장 - 건조,맑음,단일로 - 기타,승용,여,56세,상해없음,보행자,여,68세,중상
2020052400100331,2020년 5월 24일 17시,일요일,경상남도 창원시 의창구 북면,경상사고,0,0,1,0,차대사람 - 횡단중,보행자보호의무위반,포장 - 건조,맑음,교차로 - 교차로횡단보도내,승용,여,55세,상해없음,보행자,남,9세,경상
2020052400100365,2020년 5월 24일 18시,일요일,경상남도 김해시 안동,중상사고,0,1,0,0,차대사람 - 횡단중,신호위반,포장 - 건조,맑음,교차로 - 교차로횡단보도내,이륜,남,28세,상해없음,보행자,여,67세,중상
2020052400100460,2020년 5월 24일 22시,일요일,경상남도 사천시 사남면,부상신고사고,0,0,0,1,차대사람 - 기타,안전운전불이행,포장 - 건조,맑음,교차로 - 교차로안,승용,여,49세,상해없음,보행자,여,41세,부상신고
2020052500100023,2020년 5월 25일 03시,월요일,경상남도 창원시 마산합포구 두월동3가,부상신고사고,0,0,0,1,차대사람 - 기타,안전운전불이행,포장 - 건조,맑음,교차로 - 교차로부근,승용,남,23세,상해없음,보행자,여,52세,부상신고
2020052500100136,2020년 5월 25일 09시,월요일,경상남도 거제시 옥포동,중상사고,0,1,0,0,차대사람 - 횡단중,보행자보호의무위반,포장 - 건조,맑음,교차로 - 교차로부근,승용,남,41세,상해없음,보행자,여,67세,중상
2020052500100340,2020년 5월 25일 15시,월요일,경상남도 창원시 마산합포구 상남동,경상사고,0,0,1,0,차대사람 - 기타,안전운전불이행,포장 - 건조,맑음,단일로 - 기타,승합,남,51세,상해없음,보행자,남,51세,경상
2020052500100381,2020년 5월 25일 16시,월요일,경상남도 진주시 평안동,중상사고,0,1,0,0,차대사람 - 차도통행중,안전운전불이행,포장 - 건조,맑음,단일로 - 기타,화물,남,57세,상해없음,보행자,남,60세,중상
2020052600100145,2020년 5월 26일 09시,화요일,경상남도 양산시 상북면,중상사고,0,1,0,0,차대사람 - 기타,안전운전불이행,포장 - 건조,맑음,단일로 - 기타,이륜,남,73세,상해없음,보행자,여,85세,중상
2020052600100170,2020년 5월 26일 10시,화요일,경상남도 창원시 의창구 신월동,경상사고,0,0,1,0,차대사람 - 차도통행중,안전운전불이행,포장 - 건조,맑음,교차로 - 교차로부근,승용,남,41세,상해없음,보행자,여,48세,경상
2020052600100317,2020년 5월 26일 14시,화요일,경상남도 창원시 의창구 북면,경상사고,0,0,1,0,차대사람 - 기타,안전운전불이행,포장 - 건조,맑음,단일로 - 기타,승용,남,76세,상해없음,보행자,남,58세,경상
2020052600100354,2020년 5월 26일 15시,화요일,경상남도 창원시 진해구 풍호동,경상사고,0,0,1,0,차대사람 - 길가장자리구역통행중,안전운전불이행,포장 - 건조,맑음,단일로 - 기타,승용,여,36세,기타불명,보행자,여,67세,경상
2020052600100388,2020년 5월 26일 16시,화요일,경상남도 거제시 연초면,경상사고,0,0,1,0,차대사람 - 기타,중앙선침범,포장 - 건조,맑음,교차로 - 교차로부근,승용,남,32세,상해없음,보행자,여,8세,경상
2020052600100425,2020년 5월 26일 17시,화요일,경상남도 사천시 벌리동,경상사고,0,0,1,0,차대사람 - 횡단중,안전운전불이행,포장 - 건조,맑음,교차로 - 교차로안,승용,남,66세,상해없음,보행자,여,44세,경상
2020052700100112,2020년 5월 27일 08시,수요일,경상남도 진주시 초전동,중상사고,0,1,0,0,차대사람 - 기타,보행자보호의무위반,포장 - 건조,맑음,단일로 - 기타,승용,여,37세,상해없음,보행자,남,78세,중상
2020052700100148,2020년 5월 27일 09시,수요일,경상남도 고성군 거류면,중상사고,0,1,0,0,차대사람 - 차도통행중,안전운전불이행,포장 - 건조,맑음,단일로 - 기타,화물,남,54세,상해없음,보행자,여,70세,중상
2020052700100256,2020년 5월 27일 12시,수요일,경상남도 창녕군 남지읍,경상사고,0,0,1,0,차대사람 - 기타,안전운전불이행,포장 - 건조,맑음,교차로 - 교차로부근,화물,여,49세,상해없음,보행자,남,62세,경상
2020052700100333,2020년 5월 27일 14시,수요일,경상남도 통영시 북신동,경상사고,0,0,1,0,차대사람 - 보도통행중,기타,포장 - 건조,맑음,단일로 - 기타,이륜,남,71세,상해없음,보행자,남,8세,경상
2020052700100418,2020년 5월 27일 16시,수요일,경상남도 양산시 평산동,경상사고,0,0,1,0,차대사람 - 기타,안전운전불이행,포장 - 건조,맑음,교차로 - 교차로안,승용,남,78세,상해없음,보행자,남,61세,경상
2020052700100674,2020년 5월 27일 22시,수요일,경상남도 창원시 성산구 상남동,중상사고,0,1,1,0,차대사람 - 횡단중,보행자보호의무위반,포장 - 건조,맑음,교차로 - 교차로안,화물,남,36세,상해없음,보행자,남,36세,중상
2020052700100676,2020년 5월 27일 22시,수요일,경상남도 창원시 마산회원구 석전동,경상사고,0,0,1,0,차대사람 - 횡단중,보행자보호의무위반,포장 - 건조,맑음,교차로 - 교차로횡단보도내,승용,여,22세,상해없음,보행자,남,37세,경상
2020052800100026,2020년 5월 28일 02시,목요일,경상남도 통영시 도남동,경상사고,0,0,1,0,차대사람 - 기타,안전운전불이행,포장 - 건조,맑음,기타 - 기타,승용,남,40세,상해없음,보행자,여,73세,경상
2020052800100224,2020년 5월 28일 11시,목요일,경상남도 김해시 부원동,경상사고,0,0,1,0,차대사람 - 차도통행중,안전운전불이행,포장 - 건조,맑음,교차로 - 교차로안,승용,여,39세,상해없음,보행자,여,67세,경상
2020052800100303,2020년 5월 28일 13시,목요일,경상남도 창원시 마산합포구 완월동,중상사고,0,1,0,0,차대사람 - 차도통행중,신호위반,포장 - 건조,맑음,교차로 - 교차로안,화물,남,75세,상해없음,보행자,여,66세,중상
2020052800100606,2020년 5월 28일 22시,목요일,경상남도 창원시 마산합포구 동성동,중상사고,0,2,0,0,차대사람 - 횡단중,보행자보호의무위반,포장 - 건조,맑음,교차로 - 교차로횡단보도내,화물,남,70세,상해없음,보행자,남,62세,중상
2020052900100132,2020년 5월 29일 08시,금요일,경상남도 창원시 진해구 남문동,중상사고,0,1,0,0,차대사람 - 보도통행중,안전운전불이행,포장 - 건조,맑음,교차로 - 교차로횡단보도내,특수,남,38세,상해없음,보행자,남,45세,중상
2020052900100295,2020년 5월 29일 12시,금요일,경상남도 양산시 삼호동,중상사고,0,1,0,0,차대사람 - 기타,안전운전불이행,포장 - 건조,맑음,교차로 - 교차로안,승용,남,77세,상해없음,보행자,남,65세,중상
2020052900100319,2020년 5월 29일 13시,금요일,경상남도 창원시 마산합포구 자산동,중상사고,0,1,0,0,차대사람 - 기타,안전운전불이행,포장 - 건조,맑음,교차로 - 교차로부근,승합,여,62세,상해없음,보행자,남,57세,중상
2020052900100320,2020년 5월 29일 13시,금요일,경상남도 진주시 초전동,경상사고,0,0,1,0,차대사람 - 기타,안전운전불이행,포장 - 건조,맑음,단일로 - 기타,자전거,남,75세,경상,보행자,여,61세,상해없음