사고번호,사고일시,요일,시군구,사고내용,사망자수,중상자수,경상자수,부상신고자수,사고유형,법규위반,노면상태,기상상태,도로형태,가해운전자 차종,가해운전자 성별,가해운전자 연령,가해운전자 상해정도,피해운전자 차종,피해운전자 성별,피해운전자 연령,피해운전자 상해정도
2020061600100260,2020년 6월 16일 12시,화요일,경상남도 통영시 중앙동,중상사고,0,1,0,0,차대사람 - 기타,안전운전불이행,포장 - 건조,맑음,단일로 - 기타,승합,남,62세,상해없음,보행자,여,52세,중상
2020061600100334,2020년 6월 16일 14시,화요일,경상남도 김해시 내동,중상사고,0,1,0,0,차대사람 - 기타,안전운전불이행,포장 - 젖음/습기,비,교차로 - 교차로안,화물,남,55세,상해없음,보행자,여,71세,중상
2020061700100022,2020년 6월 17일 02시,수요일,경상남도 거창군 거창읍,중상사고,0,1,0,0,차대사람 - 차도통행중,안전운전불이행,포장 - 건조,맑음,교차로 - 교차로안,승용,남,42세,상해없음,보행자,남,21세,중상
2020061700100056,2020년 6월 17일 06시,수요일,경상남도 통영시 도천동,경상사고,0,0,1,0,차대사람 - 횡단중,신호위반,포장 - 건조,맑음,교차로 - 교차로횡단보도내,승합,남,64세,상해없음,보행자,여,72세,경상
2020061700100131,2020년 6월 17일 08시,수요일,경상남도 밀양시 하남읍,경상사고,0,0,1,0,차대사람 - 길가장자리구역통행중,안전운전불이행,포장 - 건조,맑음,교차로 - 교차로부근,승용,여,42세,상해없음,보행자,여,17세,경상
2020061700100288,2020년 6월 17일 13시,수요일,경상남도 양산시 명동,경상사고,0,0,1,0,차대사람 - 횡단중,안전운전불이행,포장 - 건조,맑음,교차로 - 교차로부근,화물,남,47세,상해없음,보행자,여,72세,경상
2020061700100332,2020년 6월 17일 14시,수요일,경상남도 산청군 생초면,경상사고,0,0,1,0,차대사람 - 길가장자리구역통행중,안전운전불이행,포장 - 건조,맑음,교차로 - 교차로부근,승용,남,69세,상해없음,보행자,여,89세,경상
2020061700100370,2020년 6월 17일 15시,수요일,경상남도 밀양시 하남읍,중상사고,0,1,0,0,차대사람 - 길가장자리구역통행중,안전운전불이행,포장 - 건조,맑음,단일로 - 기타,화물,남,77세,상해없음,보행자,남,78세,중상
2020061700100391,2020년 6월 17일 16시,수요일,경상남도 창원시 마산합포구 신포동1가,경상사고,0,0,1,0,차대사람 - 횡단중,안전운전불이행,포장 - 건조,흐림,교차로 - 교차로안,승용,남,24세,상해없음,보행자,남,17세,경상
2020061700100393,2020년 6월 17일 16시,수요일,경상남도 창원시 마산회원구 석전동,경상사고,0,0,1,0,차대사람 - 횡단중,보행자보호의무위반,포장 - 건조,맑음,교차로 - 교차로횡단보도내,승용,남,43세,상해없음,보행자,여,68세,경상
2020061700100478,2020년 6월 17일 18시,수요일,경상남도 창원시 진해구 용원동,부상신고사고,0,0,0,1,차대사람 - 횡단중,보행자보호의무위반,포장 - 건조,맑음,교차로 - 교차로횡단보도내,승용,남,29세,상해없음,보행자,남,41세,부상신고
2020061700100519,2020년 6월 17일 19시,수요일,경상남도 통영시 태평동,중상사고,0,1,0,0,차대사람 - 횡단중,안전운전불이행,포장 - 건조,맑음,교차로 - 교차로부근,이륜,남,38세,상해없음,보행자,남,73세,중상
2020061700100576,2020년 6월 17일 21시,수요일,경상남도 창원시 성산구 상남동,중상사고,0,1,0,0,차대사람 - 기타,안전운전불이행,포장 - 건조,맑음,교차로 - 교차로부근,승합,남,48세,상해없음,보행자,남,32세,중상
2020061700100610,2020년 6월 17일 22시,수요일,경상남도 창원시 마산합포구 중성동,경상사고,0,0,1,0,차대사람 - 횡단중,보행자보호의무위반,포장 - 젖음/습기,비,단일로 - 기타,이륜,남,23세,상해없음,보행자,여,63세,경상
2020061700100637,2020년 6월 17일 23시,수요일,경상남도 창원시 마산합포구 해운동,중상사고,0,1,0,0,차대사람 - 기타,안전운전불이행,포장 - 젖음/습기,비,단일로 - 기타,승용,남,35세,상해없음,보행자,남,21세,중상
2020061800100007,2020년 6월 18일 00시,목요일,경상남도 진주시 충무공동,중상사고,0,1,0,0,차대사람 - 횡단중,보행자보호의무위반,포장 - 젖음/습기,비,단일로 - 기타,승합,남,47세,상해없음,보행자,남,43세,중상
2020061800100022,2020년 6월 18일 01시,목요일,경상남도 김해시 어방동,경상사고,0,0,2,0,차대사람 - 차도통행중,안전운전불이행,포장 - 젖음/습기,비,단일로 - 기타,승용,남,60세,경상,보행자,남,57세,경상
2020061800100056,2020년 6월 18일 04시,목요일,경상남도 창원시 성산구 상남동,중상사고,0,1,0,0,차대사람 - 횡단중,보행자보호의무위반,포장 - 젖음/습기,비,교차로 - 교차로횡단보도내,승용,남,21세,상해없음,보행자,여,35세,중상
2020061800100081,2020년 6월 18일 06시,목요일,경상남도 진주시 장대동,중상사고,0,2,0,0,차대사람 - 횡단중,보행자보호의무위반,포장 - 젖음/습기,비,단일로 - 기타,화물,남,69세,상해없음,보행자,남,77세,중상
2020061800100103,2020년 6월 18일 07시,목요일,경상남도 사천시 벌리동,경상사고,0,0,1,0,차대사람 - 횡단중,보행자보호의무위반,포장 - 젖음/습기,비,교차로 - 교차로횡단보도내,승용,여,55세,상해없음,보행자,여,61세,경상
2020061800100349,2020년 6월 18일 14시,목요일,경상남도 창원시 진해구 덕산동,중상사고,0,1,0,0,차대사람 - 기타,안전운전불이행,포장 - 젖음/습기,비,단일로 - 기타,승합,남,59세,상해없음,보행자,여,79세,중상
2020061800100439,2020년 6월 18일 17시,목요일,경상남도 창원시 마산회원구 석전동,경상사고,0,0,1,0,차대사람 - 횡단중,신호위반,포장 - 젖음/습기,비,교차로 - 교차로횡단보도내,승용,남,64세,기타불명,보행자,남,37세,경상
2020061800100477,2020년 6월 18일 18시,목요일,경상남도 거창군 웅양면,경상사고,0,0,1,0,차대사람 - 횡단중,안전운전불이행,포장 - 건조,맑음,단일로 - 기타,승용,남,57세,상해없음,보행자,여,10세,경상
2020061800100589,2020년 6월 18일 21시,목요일,경상남도 거제시 사등면,중상사고,0,1,0,0,차대사람 - 차도통행중,안전운전불이행,포장 - 젖음/습기,흐림,단일로 - 기타,승용,여,50세,상해없음,보행자,남,48세,중상
2020061900100020,2020년 6월 19일 01시,금요일,경상남도 진주시 칠암동,경상사고,0,0,1,0,차대사람 - 횡단중,안전운전불이행,포장 - 젖음/습기,비,교차로 - 교차로부근,승용,남,51세,상해없음,보행자,남,23세,경상
2020061900100091,2020년 6월 19일 07시,금요일,경상남도 진주시 신안동,경상사고,0,0,1,0,차대사람 - 횡단중,보행자보호의무위반,포장 - 젖음/습기,비,교차로 - 교차로횡단보도내,기타불명,기타불명,미분류,기타불명,보행자,여,81세,경상
2020061900100131,2020년 6월 19일 08시,금요일,경상남도 산청군 시천면,경상사고,0,0,1,0,차대사람 - 기타,안전운전불이행,포장 - 건조,맑음,기타 - 기타,승용,남,40세,상해없음,보행자,남,84세,경상
2020061900100155,2020년 6월 19일 09시,금요일,경상남도 사천시 좌룡동,중상사고,0,1,0,0,차대사람 - 횡단중,신호위반,포장 - 건조,맑음,교차로 - 교차로안,승용,여,64세,상해없음,보행자,남,46세,중상
2020061900100156,2020년 6월 19일 09시,금요일,경상남도 밀양시 삼랑진읍,중상사고,0,1,0,0,차대사람 - 횡단중,안전운전불이행,포장 - 건조,맑음,단일로 - 기타,승용,여,26세,상해없음,보행자,여,77세,중상
2020061900100282,2020년 6월 19일 12시,금요일,경상남도 김해시 진영읍,경상사고,0,0,1,0,차대사람 - 기타,안전운전불이행,포장 - 건조,맑음,교차로 - 교차로안,승용,여,29세,상해없음,보행자,남,68세,경상
2020061900100318,2020년 6월 19일 13시,금요일,경상남도 창원시 마산합포구 진북면,경상사고,0,0,1,0,차대사람 - 기타,교차로운행방법위반,포장 - 건조,맑음,교차로 - 교차로안,승용,여,51세,상해없음,보행자,남,69세,경상
2020061900100320,2020년 6월 19일 13시,금요일,경상남도 김해시 부원동,경상사고,0,0,1,0,차대사람 - 횡단중,안전운전불이행,포장 - 건조,맑음,단일로 - 기타,승용,남,65세,상해없음,보행자,여,72세,경상
2020061900100405,2020년 6월 19일 15시,금요일,경상남도 거창군 거창읍,경상사고,0,0,1,0,차대사람 - 횡단중,신호위반,포장 - 건조,맑음,교차로 - 교차로횡단보도내,화물,남,67세,상해없음,보행자,남,8세,경상
2020061900100444,2020년 6월 19일 16시,금요일,경상남도 사천시 동금동,중상사고,0,1,0,0,차대사람 - 횡단중,신호위반,포장 - 건조,맑음,교차로 - 교차로횡단보도내,승용,남,52세,상해없음,보행자,여,64세,중상
2020061900100447,2020년 6월 19일 16시,금요일,경상남도 창원시 의창구 신월동,경상사고,0,0,1,0,차대사람 - 기타,안전운전불이행,포장 - 건조,맑음,단일로 - 기타,승용,남,63세,상해없음,보행자,남,7세,경상
2020061900100508,2020년 6월 19일 17시,금요일,경상남도 밀양시 내이동,경상사고,0,0,1,0,차대사람 - 기타,기타,포장 - 건조,맑음,단일로 - 기타,자전거,남,63세,기타불명,보행자,여,47세,경상
2020061900100510,2020년 6월 19일 17시,금요일,경상남도 양산시 물금읍,경상사고,0,0,1,0,차대사람 - 보도통행중,기타,포장 - 건조,맑음,단일로 - 기타,자전거,남,7세,상해없음,보행자,여,83세,경상
2020061900100566,2020년 6월 19일 18시,금요일,경상남도 양산시 명동,중상사고,0,1,0,0,차대사람 - 횡단중,보행자보호의무위반,포장 - 건조,맑음,교차로 - 교차로횡단보도내,승합,여,50세,상해없음,보행자,남,57세,중상
2020061900100690,2020년 6월 19일 21시,금요일,경상남도 진주시 상평동,경상사고,0,0,1,0,차대사람 - 차도통행중,안전운전불이행,포장 - 건조,맑음,단일로 - 기타,승용,남,53세,상해없음,보행자,여,26세,경상
2020061900100692,2020년 6월 19일 21시,금요일,경상남도 김해시 동상동,중상사고,0,1,0,0,차대사람 - 횡단중,안전운전불이행,포장 - 건조,맑음,교차로 - 교차로부근,승용,남,45세,상해없음,보행자,남,40세,중상
2020062000100031,2020년 6월 20일 01시,토요일,경상남도 창원시 진해구 여좌동,중상사고,0,1,0,0,차대사람 - 기타,안전운전불이행,포장 - 건조,맑음,교차로 - 교차로부근,승용,여,35세,상해없음,보행자,여,50세,중상
2020062000100152,2020년 6월 20일 09시,토요일,경상남도 진주시 동성동,중상사고,0,1,0,0,차대사람 - 횡단중,보행자보호의무위반,포장 - 건조,맑음,교차로 - 교차로안,승용,남,67세,상해없음,보행자,여,81세,중상
2020062000100318,2020년 6월 20일 13시,토요일,경상남도 사천시 용현면,중상사고,0,1,0,0,차대사람 - 횡단중,안전운전불이행,포장 - 건조,맑음,교차로 - 교차로횡단보도내,승합,남,44세,상해없음,보행자,여,10세,중상
2020062000100478,2020년 6월 20일 17시,토요일,경상남도 함안군 가야읍,경상사고,0,0,1,0,차대사람 - 기타,안전운전불이행,포장 - 건조,맑음,교차로 - 교차로부근,승용,여,68세,상해없음,보행자,남,44세,경상
2020062000100517,2020년 6월 20일 18시,토요일,경상남도 거창군 웅양면,중상사고,0,1,0,0,차대사람 - 차도통행중,중앙선침범,포장 - 건조,맑음,교차로 - 교차로부근,승용,여,44세,상해없음,보행자,여,77세,중상
2020062000100595,2020년 6월 20일 20시,토요일,경상남도 산청군 오부면,중상사고,0,1,0,0,차대사람 - 보도통행중,안전운전불이행,포장 - 건조,맑음,단일로 - 기타,화물,남,66세,상해없음,보행자,여,80세,중상
2020062100100110,2020년 6월 21일 08시,일요일,경상남도 통영시 문화동,중상사고,0,1,0,0,차대사람 - 횡단중,신호위반,포장 - 건조,맑음,교차로 - 교차로부근,승용,남,43세,상해없음,보행자,여,57세,중상
2020062100100203,2020년 6월 21일 12시,일요일,경상남도 창원시 마산합포구 남성동,경상사고,0,0,1,0,차대사람 - 기타,안전운전불이행,포장 - 건조,맑음,교차로 - 교차로부근,승용,남,49세,상해없음,보행자,여,49세,경상
2020062100100297,2020년 6월 21일 15시,일요일,경상남도 통영시 북신동,중상사고,0,1,1,0,차대사람 - 기타,안전운전불이행,포장 - 건조,맑음,교차로 - 교차로안,화물,남,49세,상해없음,보행자,여,24세,중상
2020062100100299,2020년 6월 21일 15시,일요일,경상남도 창원시 의창구 소계동,경상사고,0,0,1,0,차대사람 - 기타,안전운전불이행,포장 - 건조,맑음,단일로 - 기타,화물,남,65세,상해없음,보행자,남,5세,경상
2020062100100369,2020년 6월 21일 17시,일요일,경상남도 창원시 의창구 서상동,중상사고,0,1,0,0,차대사람 - 횡단중,보행자보호의무위반,포장 - 건조,맑음,교차로 - 교차로횡단보도내,승용,남,28세,상해없음,보행자,남,63세,중상
2020062200100126,2020년 6월 22일 08시,월요일,경상남도 사천시 용현면,중상사고,0,1,0,0,차대사람 - 횡단중,보행자보호의무위반,포장 - 건조,맑음,교차로 - 교차로안,승용,남,64세,상해없음,보행자,여,88세,중상
2020062200100127,2020년 6월 22일 08시,월요일,경상남도 김해시 삼방동,중상사고,0,1,0,0,차대사람 - 횡단중,보행자보호의무위반,포장 - 건조,맑음,단일로 - 기타,화물,남,43세,상해없음,보행자,남,65세,중상
2020062200100128,2020년 6월 22일 08시,월요일,경상남도 창원시 마산회원구 양덕동,중상사고,0,1,0,0,차대사람 - 보도통행중,안전운전불이행,포장 - 건조,맑음,교차로 - 교차로안,승용,남,70세,상해없음,보행자,여,59세,중상
2020062200100168,2020년 6월 22일 09시,월요일,경상남도 창원시 성산구 상남동,경상사고,0,0,1,0,차대사람 - 기타,보행자보호의무위반,포장 - 건조,맑음,교차로 - 교차로안,승용,여,71세,상해없음,보행자,남,58세,경상
2020062200100221,2020년 6월 22일 10시,월요일,경상남도 남해군 미조면,중상사고,0,1,0,0,차대사람 - 기타,안전운전불이행,포장 - 건조,맑음,단일로 - 기타,원동기,여,35세,상해없음,보행자,여,78세,중상
2020062200100272,2020년 6월 22일 11시,월요일,경상남도 김해시 진영읍,중상사고,0,1,0,0,차대사람 - 횡단중,보행자보호의무위반,포장 - 건조,맑음,교차로 - 교차로횡단보도내,승용,남,46세,상해없음,보행자,여,78세,중상
2020062200100341,2020년 6월 22일 13시,월요일,경상남도 창원시 성산구 상남동,경상사고,0,0,1,0,차대사람 - 길가장자리구역통행중,안전운전불이행,포장 - 건조,맑음,단일로 - 기타,승용,여,49세,상해없음,보행자,여,59세,경상
2020062200100636,2020년 6월 22일 19시,월요일,경상남도 김해시 부곡동,중상사고,0,1,0,0,차대사람 - 길가장자리구역통행중,안전운전불이행,포장 - 건조,맑음,단일로 - 기타,승용,여,40세,상해없음,보행자,남,62세,중상
2020062200100661,2020년 6월 22일 20시,월요일,경상남도 하동군 화개면,중상사고,0,1,0,0,차대사람 - 기타,안전운전불이행,포장 - 건조,맑음,단일로 - 기타,승용,여,53세,상해없음,보행자,여,67세,중상
2020062200100693,2020년 6월 22일 21시,월요일,경상남도 김해시 부원동,경상사고,0,0,1,0,차대사람 - 기타,안전운전불이행,포장 - 건조,맑음,단일로 - 기타,승합,남,35세,상해없음,보행자,남,49세,경상
2020062300100057,2020년 6월 23일 06시,화요일,경상남도 진주시 상대동,중상사고,0,1,0,0,차대사람 - 횡단중,보행자보호의무위반,포장 - 건조,맑음,단일로 - 기타,승용,여,62세,상해없음,보행자,여,78세,중상
2020062300100137,2020년 6월 23일 08시,화요일,경상남도 합천군 가야면,경상사고,0,0,2,0,차대사람 - 차도통행중,안전운전불이행,포장 - 건조,맑음,단일로 - 기타,원동기,남,21세,경상,보행자,여,8세,경상
2020062300100392,2020년 6월 23일 15시,화요일,경상남도 김해시 봉황동,중상사고,0,1,0,0,차대사람 - 기타,중앙선침범,포장 - 건조,맑음,교차로 - 교차로부근,승용,여,46세,상해없음,보행자,남,4세,중상
2020062300100430,2020년 6월 23일 16시,화요일,경상남도 거제시 문동동,경상사고,0,0,1,0,차대사람 - 기타,안전운전불이행,포장 - 건조,맑음,단일로 - 기타,화물,남,31세,상해없음,보행자,여,11세,경상
2020062400100007,2020년 6월 24일 00시,수요일,경상남도 김해시 삼계동,부상신고사고,0,0,0,1,차대사람 - 횡단중,안전운전불이행,포장 - 건조,맑음,단일로 - 기타,승용,남,50세,상해없음,보행자,남,35세,부상신고
2020062400100242,2020년 6월 24일 12시,수요일,경상남도 창원시 의창구 북면,중상사고,0,1,0,0,차대사람 - 횡단중,안전운전불이행,포장 - 건조,맑음,단일로 - 기타,승용,여,30세,상해없음,보행자,여,35세,중상
2020062400100266,2020년 6월 24일 13시,수요일,경상남도 거제시 능포동,중상사고,0,1,0,0,차대사람 - 보도통행중,보행자보호의무위반,포장 - 건조,맑음,교차로 - 교차로안,화물,남,68세,상해없음,보행자,여,65세,중상
2020062400100309,2020년 6월 24일 14시,수요일,경상남도 진주시 칠암동,경상사고,0,0,1,0,차대사람 - 횡단중,안전운전불이행,포장 - 젖음/습기,비,교차로 - 교차로안,승용,여,58세,상해없음,보행자,여,66세,경상
2020062400100533,2020년 6월 24일 19시,수요일,경상남도 함안군 가야읍,경상사고,0,0,1,0,차대사람 - 횡단중,보행자보호의무위반,포장 - 젖음/습기,비,교차로 - 교차로횡단보도내,승합,남,58세,상해없음,보행자,여,54세,경상
2020062400100662,2020년 6월 24일 22시,수요일,경상남도 창원시 성산구 상남동,경상사고,0,0,2,0,차대사람 - 기타,안전운전불이행,포장 - 젖음/습기,비,단일로 - 기타,이륜,남,33세,경상,보행자,남,65세,경상
2020062500100072,2020년 6월 25일 04시,목요일,경상남도 김해시 삼방동,중상사고,0,1,0,0,차대사람 - 횡단중,보행자보호의무위반,포장 - 젖음/습기,비,교차로 - 교차로횡단보도내,승합,남,61세,상해없음,보행자,남,78세,중상
2020062500100145,2020년 6월 25일 08시,목요일,경상남도 함양군 함양읍,중상사고,0,1,0,0,차대사람 - 횡단중,안전운전불이행,포장 - 건조,맑음,단일로 - 지하차도(도로)내,승용,여,37세,상해없음,보행자,남,66세,중상
2020062500100352,2020년 6월 25일 15시,목요일,경상남도 창원시 성산구 중앙동,부상신고사고,0,0,0,1,차대사람 - 차도통행중,안전운전불이행,포장 - 젖음/습기,비,교차로 - 교차로부근,화물,남,71세,상해없음,보행자,남,46세,부상신고
2020062500100512,2020년 6월 25일 20시,목요일,경상남도 진주시 평거동,경상사고,0,0,1,0,차대사람 - 횡단중,보행자보호의무위반,포장 - 젖음/습기,비,교차로 - 교차로횡단보도내,승용,남,54세,상해없음,보행자,여,71세,경상
2020062500100594,2020년 6월 25일 22시,목요일,경상남도 김해시 진영읍,중상사고,0,1,0,0,차대사람 - 횡단중,안전운전불이행,포장 - 젖음/습기,흐림,교차로 - 교차로부근,승용,여,53세,상해없음,보행자,여,58세,중상
2020062600100083,2020년 6월 26일 06시,금요일,경상남도 거제시 옥포동,경상사고,0,0,1,0,차대사람 - 기타,안전운전불이행,포장 - 건조,맑음,단일로 - 기타,이륜,남,36세,경상,보행자,여,57세,상해없음
2020062600100108,2020년 6월 26일 07시,금요일,경상남도 고성군 회화면,중상사고,0,1,0,0,차대사람 - 횡단중,안전운전불이행,포장 - 건조,맑음,교차로 - 교차로안,승용,여,58세,상해없음,보행자,여,74세,중상
2020062600100138,2020년 6월 26일 08시,금요일,경상남도 통영시 무전동,중상사고,0,1,0,0,차대사람 - 기타,보행자보호의무위반,포장 - 건조,맑음,단일로 - 기타,승용,남,69세,상해없음,보행자,여,77세,중상
2020062600100141,2020년 6월 26일 08시,금요일,경상남도 고성군 고성읍,경상사고,0,0,1,0,차대사람 - 보도통행중,안전운전불이행,포장 - 건조,맑음,기타 - 기타,승용,남,55세,상해없음,보행자,남,76세,경상
2020062600100182,2020년 6월 26일 09시,금요일,경상남도 고성군 고성읍,경상사고,0,0,1,0,차대사람 - 보도통행중,안전운전불이행,포장 - 건조,맑음,단일로 - 기타,승용,남,51세,상해없음,보행자,여,78세,경상
2020062600100231,2020년 6월 26일 11시,금요일,경상남도 양산시 평산동,중상사고,0,1,0,0,차대사람 - 횡단중,안전운전불이행,포장 - 건조,맑음,교차로 - 교차로안,승용,남,41세,상해없음,보행자,여,60세,중상
2020062600100488,2020년 6월 26일 17시,금요일,경상남도 창원시 진해구 대흥동,중상사고,0,1,0,0,차대사람 - 기타,안전운전불이행,포장 - 건조,맑음,주차장 - 주차장,승용,남,52세,상해없음,보행자,여,65세,중상
2020062700100011,2020년 6월 27일 00시,토요일,경상남도 거제시 장승포동,경상사고,0,0,1,0,차대사람 - 기타,안전운전불이행,포장 - 건조,맑음,교차로 - 교차로안,승용,남,48세,상해없음,보행자,남,54세,경상
2020062700100106,2020년 6월 27일 07시,토요일,경상남도 창원시 마산합포구 남성동,중상사고,0,1,0,0,차대사람 - 횡단중,안전운전불이행,포장 - 건조,맑음,단일로 - 기타,승용,남,57세,상해없음,보행자,여,82세,중상
2020062700100216,2020년 6월 27일 11시,토요일,경상남도 김해시 외동,경상사고,0,0,1,0,차대사람 - 횡단중,안전운전불이행,포장 - 건조,흐림,단일로 - 기타,승용,남,57세,상해없음,보행자,여,68세,경상
2020062700100320,2020년 6월 27일 14시,토요일,경상남도 김해시 봉황동,중상사고,0,1,0,0,차대사람 - 횡단중,보행자보호의무위반,포장 - 건조,흐림,교차로 - 교차로횡단보도내,화물,남,65세,상해없음,보행자,남,81세,중상
2020062700100357,2020년 6월 27일 15시,토요일,경상남도 사천시 용현면,중상사고,0,1,0,0,차대사람 - 횡단중,보행자보호의무위반,포장 - 건조,맑음,교차로 - 교차로안,승용,남,41세,상해없음,보행자,남,86세,중상
2020062700100564,2020년 6월 27일 21시,토요일,경상남도 창원시 의창구 명서동,경상사고,0,0,1,0,차대사람 - 기타,안전운전불이행,포장 - 건조,맑음,교차로 - 교차로부근,승용,남,63세,상해없음,보행자,남,45세,경상
2020062700100582,2020년 6월 27일 22시,토요일,경상남도 양산시 물금읍,중상사고,0,1,0,0,차대사람 - 보도통행중,안전운전불이행,포장 - 건조,맑음,단일로 - 기타,기타불명,남,40세,상해없음,보행자,남,8세,중상
2020062800100072,2020년 6월 28일 05시,일요일,경상남도 합천군 묘산면,중상사고,0,1,0,0,차대사람 - 횡단중,안전운전불이행,포장 - 건조,맑음,단일로 - 기타,승용,여,64세,상해없음,보행자,남,60세,중상
2020062800100142,2020년 6월 28일 10시,일요일,경상남도 김해시 대청동,중상사고,0,1,1,0,차대사람 - 길가장자리구역통행중,안전운전불이행,포장 - 건조,맑음,단일로 - 기타,화물,남,50세,상해없음,보행자,남,2세,중상
2020062800100357,2020년 6월 28일 17시,일요일,경상남도 창녕군 창녕읍,중상사고,0,1,0,0,차대사람 - 횡단중,보행자보호의무위반,포장 - 건조,맑음,교차로 - 교차로부근,원동기,남,21세,상해없음,보행자,여,51세,중상
2020062800100358,2020년 6월 28일 17시,일요일,경상남도 양산시 물금읍,중상사고,0,1,0,0,차대사람 - 기타,안전운전불이행,포장 - 건조,맑음,기타 - 기타,승용,남,39세,상해없음,보행자,남,3세,중상
2020062900100121,2020년 6월 29일 09시,월요일,경상남도 함안군 가야읍,중상사고,0,1,0,0,차대사람 - 보도통행중,안전운전불이행,포장 - 건조,맑음,단일로 - 기타,승용,남,76세,상해없음,보행자,여,67세,중상
2020062900100196,2020년 6월 29일 11시,월요일,경상남도 거제시 동부면,중상사고,0,1,0,0,차대사람 - 길가장자리구역통행중,안전운전불이행,포장 - 건조,맑음,주차장 - 주차장,승용,남,71세,상해없음,보행자,여,63세,중상
2020062900100371,2020년 6월 29일 16시,월요일,경상남도 창원시 마산합포구 남성동,중상사고,0,1,0,0,차대사람 - 길가장자리구역통행중,안전운전불이행,포장 - 젖음/습기,비,단일로 - 기타,이륜,남,63세,상해없음,보행자,여,76세,중상
2020062900100458,2020년 6월 29일 18시,월요일,경상남도 고성군 고성읍,중상사고,0,1,0,0,차대사람 - 보도통행중,보행자보호의무위반,포장 - 젖음/습기,비,교차로 - 교차로안,승용,여,27세,상해없음,보행자,여,68세,중상
2020062900100590,2020년 6월 29일 21시,월요일,경상남도 김해시 구산동,경상사고,0,0,1,0,차대사람 - 기타,안전운전불이행,포장 - 젖음/습기,비,단일로 - 기타,승용,남,58세,상해없음,보행자,남,52세,경상
2020062900100593,2020년 6월 29일 21시,월요일,경상남도 창원시 성산구 상남동,중상사고,0,1,0,0,차대사람 - 횡단중,중앙선침범,포장 - 젖음/습기,비,단일로 - 기타,화물,남,49세,기타불명,보행자,여,55세,중상
2020063000100130,2020년 6월 30일 08시,화요일,경상남도 양산시 중부동,경상사고,0,0,1,0,차대사람 - 횡단중,안전운전불이행,포장 - 건조,맑음,교차로 - 교차로안,승용,남,35세,상해없음,보행자,남,29세,경상
2020063000100263,2020년 6월 30일 13시,화요일,경상남도 양산시 북정동,부상신고사고,0,0,0,1,차대사람 - 기타,안전운전불이행,포장 - 건조,맑음,교차로 - 교차로부근,승용,남,72세,상해없음,보행자,여,7세,부상신고
2020063000100264,2020년 6월 30일 13시,화요일,경상남도 창원시 성산구 중앙동,중상사고,0,1,0,0,차대사람 - 기타,보행자보호의무위반,포장 - 건조,맑음,교차로 - 교차로안,승용,여,60세,상해없음,보행자,남,60세,중상
2020063000100327,2020년 6월 30일 15시,화요일,경상남도 양산시 평산동,경상사고,0,0,1,0,차대사람 - 기타,기타,포장 - 건조,맑음,기타 - 기타,화물,남,28세,상해없음,보행자,남,87세,경상
2020063000100329,2020년 6월 30일 15시,화요일,경상남도 창원시 의창구 소답동,중상사고,0,1,0,0,차대사람 - 기타,안전운전불이행,포장 - 건조,맑음,교차로 - 교차로부근,승용,여,67세,상해없음,보행자,남,78세,중상
2020063000100397,2020년 6월 30일 17시,화요일,경상남도 창원시 진해구 태평동,부상신고사고,0,0,0,1,차대사람 - 기타,안전운전불이행,포장 - 건조,맑음,교차로 - 교차로횡단보도내,화물,남,40세,상해없음,보행자,남,15세,부상신고
2020063000100556,2020년 6월 30일 21시,화요일,경상남도 양산시 동면,부상신고사고,0,0,0,1,차대사람 - 기타,안전운전불이행,포장 - 건조,맑음,교차로 - 교차로부근,승용,남,43세,상해없음,보행자,남,45세,부상신고
2020063000100616,2020년 6월 30일 23시,화요일,경상남도 창원시 마산합포구 해운동,중상사고,0,2,0,0,차대사람 - 차도통행중,안전운전불이행,포장 - 건조,흐림,단일로 - 기타,승용,여,37세,상해없음,보행자,남,55세,중상
2020070100100086,2020년 7월 1일 07시,수요일,경상남도 밀양시 삼랑진읍,사망사고,1,0,0,0,차대사람 - 길가장자리구역통행중,안전운전불이행,포장 - 건조,맑음,교차로 - 교차로부근,건설기계,남,34세,상해없음,보행자,남,73세,사망
2020070100100087,2020년 7월 1일 07시,수요일,경상남도 창원시 마산회원구 회성동,중상사고,0,1,0,0,차대사람 - 보도통행중,보행자보호의무위반,포장 - 건조,맑음,교차로 - 교차로부근,승용,여,53세,상해없음,보행자,여,77세,중상
2020070100100157,2020년 7월 1일 09시,수요일,경상남도 고성군 고성읍,중상사고,0,1,0,0,차대사람 - 차도통행중,안전운전불이행,포장 - 건조,맑음,단일로 - 기타,화물,남,69세,상해없음,보행자,남,69세,중상
2020070100100212,2020년 7월 1일 11시,수요일,경상남도 통영시 도남동,경상사고,0,0,1,0,차대사람 - 보도통행중,안전운전불이행,포장 - 건조,맑음,단일로 - 기타,승용,여,51세,상해없음,보행자,남,75세,경상
2020070100100389,2020년 7월 1일 17시,수요일,경상남도 김해시 부원동,경상사고,0,0,1,0,차대사람 - 길가장자리구역통행중,안전운전불이행,포장 - 건조,맑음,단일로 - 기타,승용,남,39세,상해없음,보행자,남,16세,경상