사고번호,사고일시,요일,시군구,사고내용,사망자수,중상자수,경상자수,부상신고자수,사고유형,법규위반,노면상태,기상상태,도로형태,가해운전자 차종,가해운전자 성별,가해운전자 연령,가해운전자 상해정도,피해운전자 차종,피해운전자 성별,피해운전자 연령,피해운전자 상해정도
2020070100100546,2020년 7월 1일 21시,수요일,경상남도 창원시 진해구 경화동,경상사고,0,0,1,0,차대사람 - 차도통행중,안전운전불이행,포장 - 건조,맑음,교차로 - 교차로안,기타불명,기타불명,미분류,기타불명,보행자,남,51세,경상
2020070100100547,2020년 7월 1일 21시,수요일,경상남도 거제시 아주동,중상사고,0,1,0,0,차대사람 - 횡단중,보행자보호의무위반,포장 - 건조,맑음,교차로 - 교차로횡단보도내,승용,남,54세,상해없음,보행자,남,34세,중상
2020070200100077,2020년 7월 2일 07시,목요일,경상남도 합천군 합천읍,중상사고,0,1,0,0,차대사람 - 기타,안전운전불이행,포장 - 건조,맑음,단일로 - 기타,승용,여,50세,상해없음,보행자,여,72세,중상
2020070200100187,2020년 7월 2일 10시,목요일,경상남도 창원시 의창구 봉곡동,중상사고,0,1,0,0,차대사람 - 횡단중,교차로운행방법위반,포장 - 건조,맑음,교차로 - 교차로안,승용,남,56세,상해없음,보행자,여,75세,중상
2020070200100394,2020년 7월 2일 16시,목요일,경상남도 창원시 의창구 동읍,경상사고,0,0,1,0,차대사람 - 횡단중,안전운전불이행,포장 - 건조,맑음,교차로 - 교차로안,화물,남,62세,상해없음,보행자,남,63세,경상
2020070200100483,2020년 7월 2일 18시,목요일,경상남도 거제시 양정동,경상사고,0,0,1,0,차대사람 - 기타,안전운전불이행,포장 - 건조,맑음,단일로 - 교량,승용,남,64세,상해없음,보행자,남,45세,경상
2020070200100590,2020년 7월 2일 22시,목요일,경상남도 창원시 마산합포구 부림동,경상사고,0,0,1,0,차대사람 - 차도통행중,안전운전불이행,포장 - 건조,맑음,단일로 - 기타,승합,남,37세,상해없음,보행자,남,62세,경상
2020070300100164,2020년 7월 3일 09시,금요일,경상남도 양산시 소주동,중상사고,0,1,0,0,차대사람 - 기타,보행자보호의무위반,포장 - 건조,흐림,교차로 - 교차로횡단보도내,화물,남,61세,상해없음,보행자,여,73세,중상
2020070300100226,2020년 7월 3일 11시,금요일,경상남도 진주시 장대동,경상사고,0,0,1,0,차대사람 - 횡단중,안전운전불이행,포장 - 젖음/습기,비,교차로 - 교차로안,승합,남,69세,상해없음,보행자,남,51세,경상
2020070300100354,2020년 7월 3일 15시,금요일,경상남도 밀양시 산외면,중상사고,0,1,0,0,차대사람 - 횡단중,안전운전불이행,포장 - 건조,맑음,교차로 - 교차로안,승용,여,54세,상해없음,보행자,여,73세,중상
2020070300100356,2020년 7월 3일 15시,금요일,경상남도 남해군 창선면,경상사고,0,0,1,0,차대사람 - 기타,안전운전불이행,포장 - 젖음/습기,맑음,단일로 - 기타,승용,남,84세,상해없음,보행자,남,33세,경상
2020070300100391,2020년 7월 3일 16시,금요일,경상남도 김해시 삼정동,경상사고,0,0,1,0,차대사람 - 기타,안전운전불이행,포장 - 건조,맑음,단일로 - 기타,승용,여,21세,상해없음,보행자,남,62세,경상
2020070300100392,2020년 7월 3일 16시,금요일,경상남도 창원시 성산구 천선동,중상사고,0,1,0,0,차대사람 - 기타,안전운전불이행,포장 - 건조,맑음,교차로 - 교차로안,승용,남,63세,상해없음,보행자,여,57세,중상
2020070300100564,2020년 7월 3일 20시,금요일,경상남도 진주시 하대동,중상사고,0,1,0,0,차대사람 - 횡단중,보행자보호의무위반,포장 - 젖음/습기,비,단일로 - 기타,원동기,남,18세,상해없음,보행자,여,75세,중상
2020070300100565,2020년 7월 3일 20시,금요일,경상남도 진주시 중안동,중상사고,0,1,0,0,차대사람 - 기타,안전운전불이행,포장 - 젖음/습기,비,교차로 - 교차로안,화물,남,65세,기타불명,보행자,여,25세,중상
2020070300100651,2020년 7월 3일 22시,금요일,경상남도 사천시 사천읍,경상사고,0,0,1,0,차대사람 - 기타,보행자보호의무위반,포장 - 젖음/습기,비,교차로 - 교차로안,승용,남,29세,상해없음,보행자,남,54세,경상
2020070400100102,2020년 7월 4일 05시,토요일,경상남도 창원시 성산구 상남동,중상사고,0,1,0,0,차대사람 - 횡단중,보행자보호의무위반,포장 - 건조,맑음,교차로 - 교차로횡단보도내,승용,남,31세,상해없음,보행자,남,51세,중상
2020070400100121,2020년 7월 4일 06시,토요일,경상남도 진주시 신안동,중상사고,0,1,0,0,차대사람 - 횡단중,안전운전불이행,포장 - 건조,맑음,단일로 - 기타,화물,남,72세,상해없음,보행자,여,71세,중상
2020070400100155,2020년 7월 4일 08시,토요일,경상남도 창원시 마산회원구 석전동,경상사고,0,0,1,0,차대사람 - 횡단중,보행자보호의무위반,포장 - 건조,맑음,교차로 - 교차로횡단보도내,화물,남,53세,상해없음,보행자,여,17세,경상
2020070400100311,2020년 7월 4일 13시,토요일,경상남도 창원시 마산회원구 합성동,경상사고,0,0,3,0,차대사람 - 횡단중,보행자보호의무위반,포장 - 건조,맑음,단일로 - 기타,승용,남,65세,상해없음,보행자,여,38세,경상
2020070400100393,2020년 7월 4일 15시,토요일,경상남도 김해시 전하동,경상사고,0,0,1,0,차대사람 - 기타,안전운전불이행,포장 - 건조,맑음,단일로 - 기타,자전거,남,50세,경상,보행자,남,12세,상해없음
2020070400100467,2020년 7월 4일 17시,토요일,경상남도 창원시 마산회원구 내서읍,경상사고,0,0,1,0,차대사람 - 횡단중,안전운전불이행,포장 - 건조,맑음,교차로 - 교차로안,승용,여,47세,상해없음,보행자,여,48세,경상
2020070400100506,2020년 7월 4일 18시,토요일,경상남도 창원시 의창구 사림동,경상사고,0,0,1,0,차대사람 - 차도통행중,안전운전불이행,포장 - 젖음/습기,비,단일로 - 기타,승용,남,24세,상해없음,보행자,남,36세,경상
2020070400100561,2020년 7월 4일 20시,토요일,경상남도 김해시 외동,중상사고,0,2,0,0,차대사람 - 횡단중,신호위반,포장 - 건조,맑음,단일로 - 기타,이륜,남,47세,상해없음,보행자,남,56세,중상
2020070400100562,2020년 7월 4일 20시,토요일,경상남도 양산시 남부동,경상사고,0,0,1,0,차대사람 - 기타,안전운전불이행,포장 - 건조,맑음,교차로 - 교차로안,승용,남,51세,상해없음,보행자,남,5세,경상
2020070400100598,2020년 7월 4일 21시,토요일,경상남도 창원시 진해구 충무동,중상사고,0,1,0,0,차대사람 - 횡단중,보행자보호의무위반,포장 - 건조,맑음,교차로 - 교차로횡단보도내,승합,남,59세,상해없음,보행자,여,60세,중상
2020070400100621,2020년 7월 4일 22시,토요일,경상남도 거제시 옥포동,중상사고,0,1,0,0,차대사람 - 횡단중,보행자보호의무위반,포장 - 건조,맑음,교차로 - 교차로횡단보도내,승용,여,46세,상해없음,보행자,남,55세,중상
2020070400100647,2020년 7월 4일 23시,토요일,경상남도 창원시 마산회원구 구암동,경상사고,0,0,1,0,차대사람 - 횡단중,안전운전불이행,포장 - 건조,맑음,교차로 - 교차로안,이륜,남,23세,상해없음,보행자,여,49세,경상
2020070500100042,2020년 7월 5일 02시,일요일,경상남도 거제시 고현동,중상사고,0,1,0,0,차대사람 - 차도통행중,안전운전불이행,포장 - 건조,맑음,교차로 - 교차로안,승용,남,37세,상해없음,보행자,남,32세,중상
2020070500100418,2020년 7월 5일 21시,일요일,경상남도 창원시 의창구 용호동,중상사고,0,1,0,0,차대사람 - 기타,교차로운행방법위반,포장 - 건조,맑음,교차로 - 교차로안,승용,남,23세,상해없음,보행자,여,22세,중상
2020070500100443,2020년 7월 5일 22시,일요일,경상남도 거제시 능포동,사망사고,1,0,0,0,차대사람 - 기타,안전운전불이행,포장 - 건조,맑음,교차로 - 교차로부근,승용,남,39세,상해없음,보행자,남,60세,사망
2020070600100106,2020년 7월 6일 08시,월요일,경상남도 창원시 진해구 여좌동,중상사고,0,1,0,0,차대사람 - 차도통행중,안전운전불이행,포장 - 건조,맑음,교차로 - 교차로부근,승용,남,41세,상해없음,보행자,여,13세,중상
2020070600100108,2020년 7월 6일 08시,월요일,경상남도 창원시 마산회원구 봉암동,중상사고,0,1,0,0,차대사람 - 길가장자리구역통행중,안전운전불이행,포장 - 건조,맑음,교차로 - 교차로부근,승합,남,59세,상해없음,보행자,여,17세,중상
2020070600100316,2020년 7월 6일 14시,월요일,경상남도 창원시 마산합포구 서성동,경상사고,0,0,1,0,차대사람 - 기타,안전운전불이행,포장 - 건조,맑음,교차로 - 교차로부근,승용,남,65세,상해없음,보행자,여,45세,경상
2020070600100319,2020년 7월 6일 14시,월요일,경상남도 김해시 부곡동,중상사고,0,1,0,0,차대사람 - 기타,안전운전불이행,포장 - 건조,맑음,교차로 - 교차로부근,이륜,남,17세,상해없음,보행자,여,41세,중상
2020070600100382,2020년 7월 6일 16시,월요일,경상남도 창원시 마산합포구 서성동,부상신고사고,0,0,0,1,차대사람 - 길가장자리구역통행중,안전운전불이행,포장 - 건조,흐림,단일로 - 기타,승용,남,36세,상해없음,보행자,남,46세,부상신고
2020070600100383,2020년 7월 6일 16시,월요일,경상남도 진주시 본성동,중상사고,0,1,0,0,차대사람 - 횡단중,안전운전불이행,포장 - 건조,맑음,단일로 - 기타,승용,남,34세,상해없음,보행자,남,67세,중상
2020070600100385,2020년 7월 6일 16시,월요일,경상남도 김해시 삼정동,중상사고,0,1,0,0,차대사람 - 기타,안전운전불이행,포장 - 건조,흐림,교차로 - 교차로부근,승용,여,59세,상해없음,보행자,남,61세,중상
2020070600100416,2020년 7월 6일 17시,월요일,경상남도 김해시 흥동,경상사고,0,0,1,0,차대사람 - 기타,안전운전불이행,포장 - 건조,맑음,교차로 - 교차로부근,기타불명,기타불명,미분류,기타불명,보행자,여,51세,경상
2020070600100576,2020년 7월 6일 23시,월요일,경상남도 창원시 성산구 상남동,중상사고,0,1,0,0,차대사람 - 기타,안전운전불이행,포장 - 건조,맑음,교차로 - 교차로안,승용,여,49세,상해없음,보행자,여,22세,중상
2020070700100074,2020년 7월 7일 07시,화요일,경상남도 창원시 마산합포구 남성동,경상사고,0,0,1,0,차대사람 - 기타,안전운전불이행,포장 - 건조,맑음,단일로 - 기타,원동기,남,51세,상해없음,보행자,여,38세,경상
2020070700100195,2020년 7월 7일 11시,화요일,경상남도 진주시 일반성면,경상사고,0,0,1,0,차대사람 - 보도통행중,안전운전불이행,포장 - 건조,맑음,단일로 - 기타,화물,남,59세,상해없음,보행자,여,80세,경상
2020070700100198,2020년 7월 7일 11시,화요일,경상남도 양산시 북부동,부상신고사고,0,0,0,1,차대사람 - 차도통행중,안전운전불이행,포장 - 건조,맑음,단일로 - 기타,승용,남,72세,상해없음,보행자,남,64세,부상신고
2020070700100199,2020년 7월 7일 11시,화요일,경상남도 의령군 의령읍,경상사고,0,0,1,0,차대사람 - 차도통행중,중앙선침범,포장 - 건조,맑음,교차로 - 교차로부근,화물,남,51세,상해없음,보행자,여,78세,경상
2020070700100363,2020년 7월 7일 16시,화요일,경상남도 창원시 마산회원구 내서읍,중상사고,0,1,0,0,차대사람 - 횡단중,안전운전불이행,포장 - 건조,맑음,단일로 - 기타,승용,여,52세,상해없음,보행자,남,5세,중상
2020070700100465,2020년 7월 7일 18시,화요일,경상남도 고성군 회화면,사망사고,1,1,0,0,차대사람 - 횡단중,과속,포장 - 건조,맑음,단일로 - 기타,이륜,남,21세,상해없음,보행자,여,83세,사망
2020070800100078,2020년 7월 8일 07시,수요일,경상남도 양산시 물금읍,경상사고,0,0,1,0,차대사람 - 기타,안전운전불이행,포장 - 건조,맑음,주차장 - 주차장,승용,남,46세,상해없음,보행자,여,41세,경상
2020070800100211,2020년 7월 8일 11시,수요일,경상남도 거창군 마리면,중상사고,0,1,0,0,차대사람 - 기타,안전운전불이행,포장 - 건조,맑음,단일로 - 기타,승용,남,61세,상해없음,보행자,여,54세,중상
2020070800100213,2020년 7월 8일 11시,수요일,경상남도 창원시 성산구 상남동,경상사고,0,0,1,0,차대사람 - 기타,안전운전불이행,포장 - 건조,맑음,교차로 - 교차로부근,승용,남,65세,상해없음,보행자,남,49세,경상
2020070800100249,2020년 7월 8일 12시,수요일,경상남도 사천시 벌리동,중상사고,0,1,0,0,차대사람 - 횡단중,안전운전불이행,포장 - 건조,맑음,교차로 - 교차로부근,승용,여,71세,상해없음,보행자,남,77세,중상
2020070800100276,2020년 7월 8일 13시,수요일,경상남도 통영시 무전동,경상사고,0,0,1,0,차대사람 - 차도통행중,안전운전불이행,포장 - 건조,맑음,교차로 - 교차로부근,승용,남,68세,상해없음,보행자,여,65세,경상
2020070800100277,2020년 7월 8일 13시,수요일,경상남도 김해시 삼정동,중상사고,0,1,0,0,차대사람 - 횡단중,보행자보호의무위반,포장 - 건조,맑음,교차로 - 교차로횡단보도내,승용,여,38세,상해없음,보행자,여,69세,중상
2020070900100059,2020년 7월 9일 05시,목요일,경상남도 창원시 성산구 상남동,경상사고,0,0,1,0,차대사람 - 기타,안전운전불이행,포장 - 건조,맑음,교차로 - 교차로부근,승용,남,73세,상해없음,보행자,남,27세,경상
2020070900100193,2020년 7월 9일 10시,목요일,경상남도 사천시 동동,경상사고,0,0,1,0,차대사람 - 기타,안전운전불이행,포장 - 건조,맑음,단일로 - 기타,승용,남,68세,상해없음,보행자,여,79세,경상
2020070900100257,2020년 7월 9일 12시,목요일,경상남도 진주시 장대동,중상사고,0,1,0,0,차대사람 - 횡단중,보행자보호의무위반,포장 - 건조,맑음,교차로 - 교차로횡단보도내,승용,여,44세,상해없음,보행자,여,60세,중상
2020070900100260,2020년 7월 9일 12시,목요일,경상남도 창원시 의창구 신월동,경상사고,0,0,1,0,차대사람 - 횡단중,보행자보호의무위반,포장 - 건조,맑음,교차로 - 교차로횡단보도내,승용,여,58세,상해없음,보행자,남,26세,경상
2020070900100261,2020년 7월 9일 12시,목요일,경상남도 창원시 마산회원구 석전동,중상사고,0,1,0,0,차대사람 - 길가장자리구역통행중,안전운전불이행,포장 - 건조,맑음,단일로 - 기타,승용,여,59세,상해없음,보행자,여,62세,중상
2020070900100301,2020년 7월 9일 13시,목요일,경상남도 창원시 마산합포구 장군동5가,중상사고,0,1,0,0,차대사람 - 기타,보행자보호의무위반,포장 - 건조,맑음,교차로 - 교차로횡단보도내,승용,남,61세,상해없음,보행자,남,9세,중상
2020070900100345,2020년 7월 9일 14시,목요일,경상남도 함안군 가야읍,중상사고,0,1,0,0,차대사람 - 횡단중,안전운전불이행,포장 - 건조,맑음,교차로 - 교차로횡단보도내,화물,남,36세,상해없음,보행자,남,14세,중상
2020070900100474,2020년 7월 9일 17시,목요일,경상남도 창원시 마산회원구 내서읍,중상사고,0,1,0,0,차대사람 - 보도통행중,기타,포장 - 젖음/습기,비,단일로 - 기타,자전거,남,10세,상해없음,보행자,여,18세,중상
2020071000100027,2020년 7월 10일 01시,금요일,경상남도 김해시 삼방동,중상사고,0,1,0,0,차대사람 - 횡단중,안전운전불이행,포장 - 건조,맑음,단일로 - 기타,승용,남,40세,상해없음,보행자,여,79세,중상
2020071000100149,2020년 7월 10일 09시,금요일,경상남도 의령군 의령읍,중상사고,0,1,0,0,차대사람 - 횡단중,안전운전불이행,포장 - 젖음/습기,비,단일로 - 기타,화물,남,47세,상해없음,보행자,여,63세,중상
2020071000100397,2020년 7월 10일 16시,금요일,경상남도 창원시 마산합포구 중앙동2가,경상사고,0,0,1,0,차대사람 - 길가장자리구역통행중,안전운전불이행,포장 - 젖음/습기,흐림,교차로 - 교차로안,이륜,남,23세,상해없음,보행자,남,22세,경상
2020071000100669,2020년 7월 10일 23시,금요일,경상남도 창원시 의창구 동읍,중상사고,0,1,0,0,차대사람 - 기타,신호위반,포장 - 건조,맑음,교차로 - 교차로횡단보도내,승용,여,53세,상해없음,보행자,여,46세,중상
2020071100100146,2020년 7월 11일 09시,토요일,경상남도 창원시 의창구 봉림동,경상사고,0,0,1,0,차대사람 - 횡단중,보행자보호의무위반,포장 - 건조,맑음,교차로 - 교차로횡단보도내,승용,남,36세,상해없음,보행자,여,24세,경상
2020071100100175,2020년 7월 11일 10시,토요일,경상남도 사천시 사남면,중상사고,0,1,0,0,차대사람 - 기타,안전운전불이행,포장 - 건조,맑음,단일로 - 기타,승용,여,29세,상해없음,보행자,남,86세,중상
2020071100100224,2020년 7월 11일 11시,토요일,경상남도 양산시 동면,중상사고,0,1,0,0,차대사람 - 횡단중,보행자보호의무위반,포장 - 건조,맑음,교차로 - 교차로안,승용,남,43세,상해없음,보행자,여,18세,중상
2020071100100225,2020년 7월 11일 11시,토요일,경상남도 거제시 옥포동,중상사고,0,1,0,0,차대사람 - 횡단중,안전운전불이행,포장 - 건조,맑음,교차로 - 교차로안,승용,여,58세,상해없음,보행자,남,70세,중상
2020071100100312,2020년 7월 11일 13시,토요일,경상남도 창원시 진해구 경화동,경상사고,0,0,1,0,차대사람 - 차도통행중,안전운전불이행,포장 - 건조,맑음,단일로 - 기타,승용,여,54세,상해없음,보행자,여,47세,경상
2020071100100582,2020년 7월 11일 21시,토요일,경상남도 창원시 의창구 소답동,경상사고,0,0,1,0,차대사람 - 기타,안전운전불이행,포장 - 기타,기타,기타 - 기타,승용,여,51세,상해없음,보행자,남,55세,경상
2020071200100055,2020년 7월 12일 04시,일요일,경상남도 통영시 정량동,중상사고,0,1,0,0,차대사람 - 기타,보행자보호의무위반,포장 - 건조,맑음,교차로 - 교차로횡단보도내,승용,남,46세,상해없음,보행자,남,78세,중상
2020071200100090,2020년 7월 12일 08시,일요일,경상남도 진주시 상평동,경상사고,0,0,1,0,차대사람 - 보도통행중,기타,포장 - 건조,맑음,단일로 - 기타,자전거,여,52세,상해없음,보행자,여,49세,경상
2020071200100181,2020년 7월 12일 12시,일요일,경상남도 산청군 시천면,중상사고,0,1,0,0,차대사람 - 차도통행중,안전운전불이행,포장 - 젖음/습기,비,단일로 - 기타,승합,남,50세,상해없음,보행자,남,59세,중상
2020071200100378,2020년 7월 12일 19시,일요일,경상남도 김해시 봉황동,중상사고,0,1,0,0,차대사람 - 횡단중,안전운전불이행,포장 - 젖음/습기,비,교차로 - 교차로안,승용,남,46세,상해없음,보행자,남,59세,중상
2020071200100379,2020년 7월 12일 19시,일요일,경상남도 양산시 물금읍,경상사고,0,0,1,0,차대사람 - 횡단중,신호위반,포장 - 건조,맑음,기타 - 기타,원동기,남,30세,상해없음,보행자,여,25세,경상
2020071200100422,2020년 7월 12일 20시,일요일,경상남도 창원시 마산합포구 산호동,중상사고,0,1,0,0,차대사람 - 횡단중,안전운전불이행,포장 - 젖음/습기,비,단일로 - 기타,승용,남,62세,상해없음,보행자,남,43세,중상
2020071200100465,2020년 7월 12일 21시,일요일,경상남도 사천시 사천읍,경상사고,0,0,1,0,차대사람 - 횡단중,보행자보호의무위반,포장 - 젖음/습기,비,교차로 - 교차로횡단보도내,이륜,남,35세,상해없음,보행자,남,39세,경상
2020071200100521,2020년 7월 12일 23시,일요일,경상남도 통영시 무전동,중상사고,0,1,0,0,차대사람 - 횡단중,안전운전불이행,포장 - 젖음/습기,비,단일로 - 기타,승용,남,46세,상해없음,보행자,남,38세,중상
2020071200100523,2020년 7월 12일 23시,일요일,경상남도 김해시 외동,경상사고,0,0,1,0,차대사람 - 횡단중,신호위반,포장 - 건조,맑음,교차로 - 교차로안,이륜,남,27세,상해없음,보행자,남,53세,경상
2020071300100045,2020년 7월 13일 04시,월요일,경상남도 고성군 고성읍,부상신고사고,0,0,0,1,차대사람 - 보도통행중,안전운전불이행,포장 - 젖음/습기,비,기타 - 기타,화물,남,57세,상해없음,보행자,남,24세,부상신고
2020071300100250,2020년 7월 13일 12시,월요일,경상남도 창원시 의창구 도계동,경상사고,0,0,1,0,차대사람 - 기타,안전운전불이행,포장 - 건조,맑음,교차로 - 교차로부근,승용,남,23세,상해없음,보행자,남,21세,경상
2020071300100516,2020년 7월 13일 20시,월요일,경상남도 진주시 장대동,중상사고,0,1,0,0,차대사람 - 횡단중,안전운전불이행,포장 - 젖음/습기,비,단일로 - 기타,원동기,남,27세,상해없음,보행자,남,59세,중상
2020071300100517,2020년 7월 13일 20시,월요일,경상남도 통영시 도남동,경상사고,0,0,1,0,차대사람 - 기타,안전운전불이행,포장 - 젖음/습기,비,단일로 - 기타,승용,남,49세,상해없음,보행자,여,30세,경상
2020071300100546,2020년 7월 13일 21시,월요일,경상남도 창원시 진해구 석동,중상사고,0,1,0,0,차대사람 - 횡단중,안전운전불이행,포장 - 젖음/습기,비,교차로 - 교차로횡단보도내,승용,여,55세,상해없음,보행자,남,54세,중상
2020071400100200,2020년 7월 14일 10시,화요일,경상남도 양산시 중부동,경상사고,0,0,1,0,차대사람 - 기타,보행자보호의무위반,포장 - 건조,맑음,교차로 - 교차로안,승용,여,42세,상해없음,보행자,남,64세,경상
2020071400100553,2020년 7월 14일 20시,화요일,경상남도 양산시 호계동,부상신고사고,0,0,0,1,차대사람 - 기타,안전운전불이행,포장 - 건조,맑음,교차로 - 교차로안,승용,남,54세,상해없음,보행자,남,60세,부상신고
2020071400100580,2020년 7월 14일 21시,화요일,경상남도 양산시 중부동,중상사고,0,1,1,0,차대사람 - 기타,안전운전불이행,포장 - 건조,흐림,단일로 - 기타,승용,여,52세,상해없음,보행자,여,36세,중상
2020071500100029,2020년 7월 15일 02시,수요일,경상남도 진주시 상봉동,중상사고,0,1,0,0,차대사람 - 차도통행중,중앙선침범,포장 - 젖음/습기,비,교차로 - 교차로안,승용,여,33세,상해없음,보행자,남,65세,중상
2020071500100049,2020년 7월 15일 05시,수요일,경상남도 함안군 가야읍,중상사고,0,1,0,0,차대사람 - 기타,안전운전불이행,포장 - 젖음/습기,비,단일로 - 기타,승용,여,58세,상해없음,보행자,여,85세,중상
2020071500100109,2020년 7월 15일 08시,수요일,경상남도 창원시 성산구 신촌동,경상사고,0,0,1,0,차대사람 - 횡단중,신호위반,포장 - 젖음/습기,비,교차로 - 교차로횡단보도내,승용,여,63세,상해없음,보행자,남,23세,경상
2020071500100142,2020년 7월 15일 09시,수요일,경상남도 양산시 물금읍,중상사고,0,1,0,0,차대사람 - 기타,기타,포장 - 건조,맑음,교차로 - 교차로부근,화물,남,53세,상해없음,보행자,남,77세,중상
2020071500100208,2020년 7월 15일 11시,수요일,경상남도 거제시 연초면,중상사고,0,1,0,0,차대사람 - 기타,보행자보호의무위반,포장 - 건조,맑음,교차로 - 교차로횡단보도내,승용,남,52세,상해없음,보행자,남,64세,중상
2020071500100480,2020년 7월 15일 18시,수요일,경상남도 창원시 의창구 팔용동,경상사고,0,0,1,0,차대사람 - 횡단중,보행자보호의무위반,포장 - 건조,흐림,교차로 - 교차로횡단보도내,승용,남,55세,상해없음,보행자,여,9세,경상
2020071600100033,2020년 7월 16일 02시,목요일,경상남도 김해시 외동,중상사고,0,1,0,0,차대사람 - 횡단중,과속,포장 - 건조,맑음,교차로 - 교차로안,승용,남,20세,상해없음,보행자,남,22세,중상
2020071600100064,2020년 7월 16일 06시,목요일,경상남도 고성군 하이면,경상사고,0,0,1,0,차대사람 - 차도통행중,안전운전불이행,포장 - 건조,맑음,단일로 - 기타,승용,남,53세,상해없음,보행자,남,40세,경상
2020071600100118,2020년 7월 16일 08시,목요일,경상남도 창원시 의창구 용호동,경상사고,0,0,1,0,차대사람 - 기타,보행자보호의무위반,포장 - 건조,맑음,교차로 - 교차로횡단보도내,승용,남,58세,상해없음,보행자,여,59세,경상
2020071600100258,2020년 7월 16일 12시,목요일,경상남도 진주시 봉곡동,중상사고,0,1,0,0,차대사람 - 기타,보행자보호의무위반,포장 - 건조,맑음,단일로 - 기타,화물,남,50세,상해없음,보행자,여,74세,중상
2020071600100369,2020년 7월 16일 15시,목요일,경상남도 진주시 충무공동,경상사고,0,0,1,0,차대사람 - 보도통행중,기타,포장 - 건조,맑음,교차로 - 교차로안,이륜,남,24세,상해없음,보행자,남,9세,경상
2020071600100415,2020년 7월 16일 16시,목요일,경상남도 거창군 거창읍,중상사고,0,1,0,0,차대사람 - 차도통행중,안전운전불이행,포장 - 건조,맑음,교차로 - 교차로안,승용,여,42세,상해없음,보행자,남,72세,중상
2020071600100605,2020년 7월 16일 21시,목요일,경상남도 창원시 마산합포구 오동동,중상사고,0,1,0,0,차대사람 - 길가장자리구역통행중,안전운전불이행,포장 - 건조,맑음,교차로 - 교차로안,승용,남,26세,상해없음,보행자,남,60세,중상
2020071700100168,2020년 7월 17일 10시,금요일,경상남도 김해시 서상동,중상사고,0,1,0,0,차대사람 - 횡단중,보행자보호의무위반,포장 - 건조,맑음,교차로 - 교차로안,화물,남,33세,상해없음,보행자,여,82세,중상
2020071700100461,2020년 7월 17일 17시,금요일,경상남도 창원시 진해구 태평동,경상사고,0,0,1,0,차대사람 - 횡단중,보행자보호의무위반,포장 - 건조,맑음,단일로 - 기타,이륜,남,42세,기타불명,보행자,남,12세,경상
2020071700100567,2020년 7월 17일 19시,금요일,경상남도 창원시 진해구 석동,경상사고,0,0,1,0,차대사람 - 기타,안전운전불이행,포장 - 건조,맑음,교차로 - 교차로부근,승용,남,32세,상해없음,보행자,남,52세,경상
2020071800100038,2020년 7월 18일 02시,토요일,경상남도 김해시 부원동,중상사고,0,1,0,0,차대사람 - 횡단중,안전운전불이행,포장 - 건조,맑음,단일로 - 기타,승용,남,46세,상해없음,보행자,남,54세,중상
2020071800100111,2020년 7월 18일 08시,토요일,경상남도 밀양시 무안면,중상사고,0,1,0,0,차대사람 - 길가장자리구역통행중,안전운전불이행,포장 - 건조,맑음,단일로 - 기타,승용,남,78세,상해없음,보행자,여,81세,중상
2020071800100278,2020년 7월 18일 13시,토요일,경상남도 창원시 성산구 가음동,중상사고,0,1,0,0,차대사람 - 기타,안전운전불이행,포장 - 건조,맑음,단일로 - 기타,승용,여,25세,상해없음,보행자,여,6세,중상
2020071800100403,2020년 7월 18일 16시,토요일,경상남도 창원시 마산회원구 구암동,경상사고,0,0,1,0,차대사람 - 횡단중,보행자보호의무위반,포장 - 건조,맑음,교차로 - 교차로횡단보도내,승용,남,59세,상해없음,보행자,여,79세,경상
2020071800100472,2020년 7월 18일 18시,토요일,경상남도 진주시 강남동,경상사고,0,0,2,0,차대사람 - 횡단중,신호위반,포장 - 건조,맑음,교차로 - 교차로횡단보도내,승용,여,32세,상해없음,보행자,여,22세,경상
2020071800100574,2020년 7월 18일 21시,토요일,경상남도 진주시 신안동,중상사고,0,1,0,0,차대사람 - 횡단중,안전운전불이행,포장 - 건조,맑음,단일로 - 기타,승용,남,20세,상해없음,보행자,여,44세,중상
2020071800100602,2020년 7월 18일 22시,토요일,경상남도 창원시 진해구 석동,경상사고,0,0,1,0,차대사람 - 기타,안전운전불이행,포장 - 건조,맑음,교차로 - 교차로안,승용,여,21세,상해없음,보행자,여,32세,경상
2020071800100603,2020년 7월 18일 22시,토요일,경상남도 김해시 삼계동,경상사고,0,0,2,0,차대사람 - 기타,안전운전불이행,포장 - 건조,맑음,단일로 - 기타,이륜,남,18세,상해없음,보행자,남,22세,경상
2020071800100628,2020년 7월 18일 23시,토요일,경상남도 통영시 광도면,부상신고사고,0,0,0,1,차대사람 - 기타,안전운전불이행,포장 - 건조,맑음,교차로 - 교차로안,승용,남,29세,상해없음,보행자,남,41세,부상신고
2020071900100010,2020년 7월 19일 00시,일요일,경상남도 통영시 광도면,경상사고,0,0,1,0,차대사람 - 기타,기타,포장 - 건조,맑음,단일로 - 기타,승용,남,55세,상해없음,보행자,남,39세,경상
2020071900100321,2020년 7월 19일 18시,일요일,경상남도 통영시 항남동,경상사고,0,0,1,0,차대사람 - 기타,안전운전불이행,포장 - 건조,맑음,단일로 - 기타,승용,남,47세,기타불명,보행자,여,25세,경상