사고번호,사고일시,요일,시군구,사고내용,사망자수,중상자수,경상자수,부상신고자수,사고유형,법규위반,노면상태,기상상태,도로형태,가해운전자 차종,가해운전자 성별,가해운전자 연령,가해운전자 상해정도,피해운전자 차종,피해운전자 성별,피해운전자 연령,피해운전자 상해정도
2020082600100217,2020년 8월 26일 12시,수요일,경상남도 사천시 정동면,경상사고,0,0,1,0,차대사람 - 횡단중,보행자보호의무위반,포장 - 건조,맑음,교차로 - 교차로안,승용,남,56세,상해없음,보행자,여,82세,경상
2020082700100167,2020년 8월 27일 10시,목요일,경상남도 창원시 진해구 태평동,중상사고,0,1,0,0,차대사람 - 횡단중,보행자보호의무위반,포장 - 건조,맑음,교차로 - 교차로안,승합,남,40세,상해없음,보행자,여,65세,중상
2020082700100277,2020년 8월 27일 14시,목요일,경상남도 창원시 마산합포구 월영동,경상사고,0,0,1,0,차대사람 - 기타,안전운전불이행,포장 - 건조,맑음,단일로 - 기타,원동기,남,35세,상해없음,보행자,여,43세,경상
2020082700100321,2020년 8월 27일 15시,목요일,경상남도 남해군 창선면,사망사고,1,0,0,0,차대사람 - 차도통행중,안전운전불이행,포장 - 건조,흐림,단일로 - 기타,화물,남,61세,상해없음,보행자,남,78세,사망
2020082800100054,2020년 8월 28일 05시,금요일,경상남도 창원시 마산합포구 장군동3가,경상사고,0,0,1,0,차대사람 - 차도통행중,안전운전불이행,포장 - 젖음/습기,비,교차로 - 교차로부근,승용,남,30세,상해없음,보행자,여,79세,경상
2020082800100109,2020년 8월 28일 08시,금요일,경상남도 통영시 북신동,경상사고,0,0,1,0,차대사람 - 횡단중,보행자보호의무위반,포장 - 젖음/습기,비,단일로 - 기타,승용,남,53세,상해없음,보행자,여,66세,경상
2020082800100391,2020년 8월 28일 16시,금요일,경상남도 사천시 동동,중상사고,0,1,0,0,차대사람 - 기타,안전운전불이행,포장 - 건조,맑음,단일로 - 기타,화물,남,58세,상해없음,보행자,여,79세,중상
2020082900100119,2020년 8월 29일 08시,토요일,경상남도 김해시 내동,중상사고,0,1,0,0,차대사람 - 횡단중,보행자보호의무위반,포장 - 건조,맑음,단일로 - 기타,화물,남,46세,상해없음,보행자,남,28세,중상
2020082900100431,2020년 8월 29일 18시,토요일,경상남도 창원시 성산구 상남동,중상사고,0,1,0,0,차대사람 - 횡단중,보행자보호의무위반,포장 - 건조,맑음,단일로 - 기타,이륜,남,37세,상해없음,보행자,여,59세,중상
2020082900100432,2020년 8월 29일 18시,토요일,경상남도 창원시 의창구 봉곡동,경상사고,0,0,1,0,차대사람 - 기타,안전운전불이행,포장 - 건조,맑음,단일로 - 기타,승용,남,49세,상해없음,보행자,여,56세,경상
2020082900100472,2020년 8월 29일 19시,토요일,경상남도 사천시 벌리동,경상사고,0,0,2,0,차대사람 - 차도통행중,안전운전불이행,포장 - 건조,맑음,교차로 - 교차로안,승용,여,23세,상해없음,보행자,남,64세,경상
2020083000100356,2020년 8월 30일 19시,일요일,경상남도 통영시 산양읍,중상사고,0,1,0,0,차대사람 - 차도통행중,과속,포장 - 건조,맑음,기타 - 기타,승용,남,47세,상해없음,보행자,남,75세,중상
2020083000100441,2020년 8월 30일 23시,일요일,경상남도 고성군 고성읍,중상사고,0,1,0,0,차대사람 - 횡단중,보행자보호의무위반,포장 - 건조,맑음,단일로 - 기타,승용,여,35세,상해없음,보행자,남,51세,중상
2020090100100124,2020년 9월 1일 09시,화요일,경상남도 창원시 마산합포구 산호동,경상사고,0,0,1,0,차대사람 - 기타,안전운전불이행,포장 - 건조,흐림,단일로 - 기타,승합,남,49세,상해없음,보행자,여,71세,경상
2020090100100173,2020년 9월 1일 11시,화요일,경상남도 김해시 삼계동,경상사고,0,0,1,0,차대사람 - 횡단중,안전운전불이행,포장 - 건조,맑음,단일로 - 기타,승용,여,44세,상해없음,보행자,남,13세,경상
2020090100100230,2020년 9월 1일 13시,화요일,경상남도 함안군 대산면,부상신고사고,0,0,0,1,차대사람 - 길가장자리구역통행중,안전운전불이행,포장 - 건조,맑음,교차로 - 교차로부근,승용,여,53세,상해없음,보행자,여,80세,부상신고
2020090100100231,2020년 9월 1일 13시,화요일,경상남도 창원시 마산회원구 내서읍,중상사고,0,1,1,0,차대사람 - 횡단중,보행자보호의무위반,포장 - 건조,맑음,교차로 - 교차로안,승용,여,48세,상해없음,보행자,여,7세,중상
2020090100100266,2020년 9월 1일 14시,화요일,경상남도 창원시 성산구 대방동,경상사고,0,0,1,0,차대사람 - 보도통행중,기타,포장 - 건조,맑음,단일로 - 기타,원동기,남,20세,상해없음,보행자,여,32세,경상
2020090100100333,2020년 9월 1일 16시,화요일,경상남도 창원시 진해구 안골동,경상사고,0,0,1,0,차대사람 - 기타,안전운전불이행,포장 - 건조,맑음,단일로 - 기타,승용,남,57세,상해없음,보행자,여,36세,경상
2020090100100387,2020년 9월 1일 17시,화요일,경상남도 창원시 의창구 동읍,중상사고,0,1,0,0,차대사람 - 횡단중,안전운전불이행,포장 - 건조,맑음,교차로 - 교차로안,원동기,남,26세,상해없음,보행자,여,72세,중상
2020090100100388,2020년 9월 1일 17시,화요일,경상남도 창원시 의창구 소계동,중상사고,0,1,0,0,차대사람 - 기타,안전운전불이행,포장 - 건조,맑음,단일로 - 기타,승용,남,35세,상해없음,보행자,남,53세,중상
2020090100100421,2020년 9월 1일 18시,화요일,경상남도 거제시 동부면,경상사고,0,0,1,0,차대사람 - 기타,안전운전불이행,포장 - 건조,맑음,단일로 - 기타,승용,남,57세,상해없음,보행자,남,54세,경상
2020090100100456,2020년 9월 1일 19시,화요일,경상남도 고성군 고성읍,경상사고,0,0,1,0,차대사람 - 차도통행중,안전운전불이행,포장 - 건조,맑음,교차로 - 교차로안,승용,여,50세,상해없음,보행자,남,68세,경상
2020090100100457,2020년 9월 1일 19시,화요일,경상남도 창원시 마산회원구 봉암동,사망사고,1,0,0,0,차대사람 - 횡단중,과속,포장 - 건조,흐림,단일로 - 기타,승용,남,58세,상해없음,보행자,여,46세,사망
2020090200100182,2020년 9월 2일 12시,수요일,경상남도 창원시 성산구 상남동,중상사고,0,1,0,0,차대사람 - 차도통행중,안전운전불이행,포장 - 건조,맑음,교차로 - 교차로부근,승용,남,63세,상해없음,보행자,여,46세,중상
2020090200100259,2020년 9월 2일 15시,수요일,경상남도 사천시 동금동,중상사고,0,1,0,0,차대사람 - 횡단중,중앙선침범,포장 - 건조,맑음,단일로 - 기타,자전거,남,63세,상해없음,보행자,여,54세,중상
2020090200100356,2020년 9월 2일 18시,수요일,경상남도 김해시 외동,중상사고,0,1,0,0,차대사람 - 횡단중,신호위반,포장 - 젖음/습기,비,교차로 - 교차로안,이륜,남,44세,상해없음,보행자,여,57세,중상
2020090200100403,2020년 9월 2일 19시,수요일,경상남도 창원시 마산합포구 가포동,중상사고,0,1,0,0,차대사람 - 횡단중,안전운전불이행,포장 - 젖음/습기,비,교차로 - 교차로안,승용,남,50세,상해없음,보행자,남,62세,중상
2020090200100404,2020년 9월 2일 19시,수요일,경상남도 진주시 일반성면,중상사고,0,1,0,0,차대사람 - 차도통행중,안전운전불이행,포장 - 젖음/습기,비,단일로 - 기타,승용,남,65세,상해없음,보행자,여,68세,중상
2020090200100405,2020년 9월 2일 19시,수요일,경상남도 밀양시 내이동,중상사고,0,1,0,0,차대사람 - 횡단중,중앙선침범,포장 - 젖음/습기,비,단일로 - 기타,화물,여,59세,상해없음,보행자,남,61세,중상
2020090200100407,2020년 9월 2일 19시,수요일,경상남도 거제시 옥포동,경상사고,0,0,1,0,차대사람 - 기타,보행자보호의무위반,포장 - 젖음/습기,비,교차로 - 교차로횡단보도내,이륜,남,38세,경상,보행자,남,47세,상해없음
2020090200100457,2020년 9월 2일 20시,수요일,경상남도 밀양시 삼문동,중상사고,0,1,0,0,차대사람 - 횡단중,보행자보호의무위반,포장 - 젖음/습기,비,교차로 - 교차로횡단보도내,승용,남,60세,상해없음,보행자,남,30세,중상
2020090200100458,2020년 9월 2일 20시,수요일,경상남도 양산시 소주동,중상사고,0,1,0,0,차대사람 - 횡단중,보행자보호의무위반,포장 - 젖음/습기,비,단일로 - 기타,승용,남,22세,상해없음,보행자,남,51세,중상
2020090300100134,2020년 9월 3일 09시,목요일,경상남도 거창군 거창읍,경상사고,0,0,1,0,차대사람 - 기타,안전운전불이행,포장 - 건조,맑음,단일로 - 기타,승용,여,40세,상해없음,보행자,여,58세,경상
2020090300100152,2020년 9월 3일 10시,목요일,경상남도 창원시 마산합포구 자산동,경상사고,0,0,1,0,차대사람 - 보도통행중,안전운전불이행,포장 - 건조,맑음,교차로 - 교차로횡단보도내,승용,남,78세,상해없음,보행자,남,71세,경상
2020090300100199,2020년 9월 3일 12시,목요일,경상남도 양산시 중부동,부상신고사고,0,0,0,1,차대사람 - 기타,안전운전불이행,포장 - 건조,맑음,단일로 - 기타,승용,남,72세,상해없음,보행자,여,49세,부상신고
2020090300100223,2020년 9월 3일 13시,목요일,경상남도 김해시 관동동,중상사고,0,1,0,0,차대사람 - 횡단중,신호위반,포장 - 건조,맑음,교차로 - 교차로횡단보도내,이륜,남,17세,기타불명,보행자,여,8세,중상
2020090400100023,2020년 9월 4일 02시,금요일,경상남도 창원시 마산합포구 산호동,경상사고,0,0,1,0,차대사람 - 기타,안전운전불이행,포장 - 건조,맑음,단일로 - 기타,승용,여,39세,상해없음,보행자,남,35세,경상
2020090400100131,2020년 9월 4일 09시,금요일,경상남도 밀양시 내일동,경상사고,0,0,1,0,차대사람 - 횡단중,안전운전불이행,포장 - 건조,맑음,단일로 - 기타,승용,남,64세,상해없음,보행자,여,73세,경상
2020090400100133,2020년 9월 4일 09시,금요일,경상남도 창원시 성산구 사파동,경상사고,0,0,1,0,차대사람 - 기타,안전운전불이행,포장 - 건조,맑음,단일로 - 기타,승용,남,27세,상해없음,보행자,남,37세,경상
2020090400100426,2020년 9월 4일 17시,금요일,경상남도 창원시 마산회원구 석전동,중상사고,0,1,1,0,차대사람 - 횡단중,신호위반,포장 - 건조,맑음,기타 - 기타,승용,남,55세,상해없음,보행자,여,38세,중상
2020090400100472,2020년 9월 4일 18시,금요일,경상남도 김해시 삼방동,경상사고,0,0,1,0,차대사람 - 횡단중,신호위반,포장 - 건조,맑음,교차로 - 교차로안,이륜,남,16세,상해없음,보행자,여,41세,경상
2020090400100516,2020년 9월 4일 19시,금요일,경상남도 진주시 장대동,경상사고,0,0,1,0,차대사람 - 횡단중,신호위반,포장 - 건조,맑음,교차로 - 교차로횡단보도내,이륜,남,56세,상해없음,보행자,여,22세,경상
2020090400100517,2020년 9월 4일 19시,금요일,경상남도 밀양시 내일동,경상사고,0,0,1,0,차대사람 - 횡단중,보행자보호의무위반,포장 - 건조,맑음,교차로 - 교차로횡단보도내,승용,남,44세,상해없음,보행자,여,42세,경상
2020090400100582,2020년 9월 4일 21시,금요일,경상남도 사천시 정동면,중상사고,0,1,0,0,차대사람 - 횡단중,보행자보호의무위반,포장 - 건조,맑음,단일로 - 교량,이륜,남,18세,상해없음,보행자,남,55세,중상
2020090400100583,2020년 9월 4일 21시,금요일,경상남도 김해시 삼정동,중상사고,0,2,0,0,차대사람 - 길가장자리구역통행중,신호위반,포장 - 건조,맑음,교차로 - 교차로안,이륜,남,26세,기타불명,보행자,남,29세,중상
2020090500100017,2020년 9월 5일 00시,토요일,경상남도 김해시 삼방동,경상사고,0,0,1,0,차대사람 - 길가장자리구역통행중,안전운전불이행,포장 - 건조,맑음,단일로 - 기타,승용,남,18세,상해없음,보행자,남,18세,경상
2020090500100231,2020년 9월 5일 13시,토요일,경상남도 김해시 대성동,경상사고,0,0,1,0,차대사람 - 기타,안전운전불이행,포장 - 젖음/습기,비,단일로 - 기타,승용,여,51세,상해없음,보행자,남,35세,경상
2020090500100342,2020년 9월 5일 16시,토요일,경상남도 진주시 하대동,중상사고,0,1,0,0,차대사람 - 차도통행중,안전운전불이행,포장 - 젖음/습기,비,교차로 - 교차로안,승용,여,26세,상해없음,보행자,여,65세,중상
2020090500100343,2020년 9월 5일 16시,토요일,경상남도 거제시 장승포동,경상사고,0,0,1,0,차대사람 - 기타,안전운전불이행,포장 - 건조,맑음,단일로 - 기타,승용,남,45세,상해없음,보행자,여,40세,경상
2020090500100419,2020년 9월 5일 18시,토요일,경상남도 창원시 성산구 반지동,중상사고,0,1,0,0,차대사람 - 횡단중,과속,포장 - 젖음/습기,비,단일로 - 기타,이륜,남,33세,상해없음,보행자,여,51세,중상
2020090500100450,2020년 9월 5일 19시,토요일,경상남도 양산시 물금읍,경상사고,0,0,1,0,차대사람 - 횡단중,보행자보호의무위반,포장 - 젖음/습기,비,단일로 - 기타,이륜,남,48세,상해없음,보행자,여,20세,경상
2020090500100489,2020년 9월 5일 20시,토요일,경상남도 창녕군 창녕읍,중상사고,0,1,0,0,차대사람 - 기타,안전운전불이행,포장 - 젖음/습기,비,교차로 - 교차로안,승용,남,41세,상해없음,보행자,남,63세,중상
2020090600100070,2020년 9월 6일 08시,일요일,경상남도 창원시 마산합포구 오동동,경상사고,0,0,1,0,차대사람 - 횡단중,신호위반,포장 - 건조,맑음,교차로 - 교차로횡단보도내,승용,여,68세,상해없음,보행자,남,41세,경상
2020090600100078,2020년 9월 6일 09시,일요일,경상남도 창원시 마산회원구 회원동,경상사고,0,0,1,0,차대사람 - 횡단중,안전운전불이행,포장 - 건조,맑음,단일로 - 기타,승용,남,51세,상해없음,보행자,여,62세,경상
2020090700100180,2020년 9월 7일 11시,월요일,경상남도 거제시 고현동,경상사고,0,0,1,0,차대사람 - 기타,안전운전불이행,포장 - 젖음/습기,흐림,교차로 - 교차로안,승용,남,56세,상해없음,보행자,여,55세,경상
2020090700100242,2020년 9월 7일 13시,월요일,경상남도 창원시 마산합포구 오동동,부상신고사고,0,0,0,1,차대사람 - 기타,안전운전불이행,포장 - 건조,맑음,교차로 - 교차로부근,승용,여,62세,상해없음,보행자,여,23세,부상신고
2020090800100038,2020년 9월 8일 05시,화요일,경상남도 거제시 고현동,중상사고,0,1,0,0,차대사람 - 기타,안전운전불이행,포장 - 건조,맑음,단일로 - 기타,이륜,남,23세,상해없음,보행자,남,50세,중상
2020090800100072,2020년 9월 8일 07시,화요일,경상남도 통영시 광도면,중상사고,0,1,0,0,차대사람 - 횡단중,신호위반,포장 - 건조,맑음,교차로 - 교차로안,승용,남,26세,상해없음,보행자,남,17세,중상
2020090800100276,2020년 9월 8일 13시,화요일,경상남도 양산시 덕계동,중상사고,0,1,0,0,차대사람 - 기타,안전운전불이행,포장 - 건조,맑음,기타 - 기타,승용,여,75세,상해없음,보행자,여,79세,중상
2020090900100066,2020년 9월 9일 07시,수요일,경상남도 하동군 진교면,중상사고,0,1,0,0,차대사람 - 기타,안전운전불이행,포장 - 젖음/습기,비,단일로 - 기타,승용,남,75세,상해없음,보행자,남,50세,중상
2020090900100181,2020년 9월 9일 11시,수요일,경상남도 통영시 동호동,중상사고,0,1,0,0,차대사람 - 기타,안전운전불이행,포장 - 건조,맑음,단일로 - 기타,건설기계,남,63세,상해없음,보행자,남,61세,중상
2020090900100305,2020년 9월 9일 15시,수요일,경상남도 진주시 상대동,중상사고,0,1,0,0,차대사람 - 횡단중,보행자보호의무위반,포장 - 건조,맑음,단일로 - 기타,화물,여,55세,상해없음,보행자,남,8세,중상
2020090900100330,2020년 9월 9일 16시,수요일,경상남도 진주시 상평동,중상사고,0,1,0,0,차대사람 - 횡단중,안전운전불이행,포장 - 건조,맑음,교차로 - 교차로부근,승용,남,80세,상해없음,보행자,여,73세,중상
2020090900100411,2020년 9월 9일 18시,수요일,경상남도 양산시 명동,중상사고,0,1,0,0,차대사람 - 횡단중,보행자보호의무위반,포장 - 건조,맑음,교차로 - 교차로횡단보도내,승용,남,30세,상해없음,보행자,여,15세,중상
2020090900100445,2020년 9월 9일 19시,수요일,경상남도 진주시 하대동,중상사고,0,1,0,0,차대사람 - 횡단중,안전운전불이행,포장 - 건조,맑음,교차로 - 교차로부근,승합,남,36세,상해없음,보행자,여,61세,중상
2020090900100448,2020년 9월 9일 19시,수요일,경상남도 창원시 마산회원구 내서읍,중상사고,0,1,0,0,차대사람 - 횡단중,안전운전불이행,포장 - 건조,맑음,교차로 - 교차로부근,승용,남,67세,상해없음,보행자,남,75세,중상
2020090900100509,2020년 9월 9일 21시,수요일,경상남도 창원시 성산구 상남동,중상사고,0,1,0,0,차대사람 - 횡단중,교차로운행방법위반,포장 - 건조,맑음,교차로 - 교차로안,승용,남,31세,상해없음,보행자,여,73세,중상
2020090900100535,2020년 9월 9일 22시,수요일,경상남도 김해시 어방동,부상신고사고,0,0,0,1,차대사람 - 횡단중,안전운전불이행,포장 - 건조,맑음,단일로 - 기타,이륜,남,46세,상해없음,보행자,여,60세,부상신고
2020091000100134,2020년 9월 10일 10시,목요일,경상남도 사천시 향촌동,경상사고,0,0,1,0,차대사람 - 차도통행중,교차로운행방법위반,포장 - 건조,맑음,단일로 - 기타,화물,남,45세,상해없음,보행자,여,73세,경상
2020091000100338,2020년 9월 10일 16시,목요일,경상남도 통영시 욕지면,중상사고,0,1,0,0,차대사람 - 기타,안전운전불이행,포장 - 건조,맑음,기타 - 기타,이륜,남,73세,상해없음,보행자,여,68세,중상
2020091000100444,2020년 9월 10일 18시,목요일,경상남도 진주시 가좌동,중상사고,0,1,0,0,차대사람 - 횡단중,보행자보호의무위반,포장 - 건조,맑음,기타 - 기타,승용,여,31세,상해없음,보행자,여,66세,중상
2020091000100567,2020년 9월 10일 22시,목요일,경상남도 창원시 성산구 상남동,경상사고,0,0,1,0,차대사람 - 기타,안전운전불이행,포장 - 건조,맑음,교차로 - 교차로부근,승용,남,62세,경상,보행자,여,27세,상해없음
2020091100100015,2020년 9월 11일 01시,금요일,경상남도 창원시 진해구 자은동,부상신고사고,0,0,0,1,차대사람 - 기타,신호위반,포장 - 건조,맑음,교차로 - 교차로횡단보도내,기타불명,기타불명,미분류,기타불명,보행자,남,50세,부상신고
2020091100100159,2020년 9월 11일 10시,금요일,경상남도 사천시 향촌동,중상사고,0,1,0,0,차대사람 - 횡단중,안전운전불이행,포장 - 건조,맑음,교차로 - 교차로안,승용,여,47세,상해없음,보행자,남,49세,중상
2020091100100186,2020년 9월 11일 11시,금요일,경상남도 사천시 사남면,경상사고,0,0,1,0,차대사람 - 횡단중,안전운전불이행,포장 - 건조,맑음,교차로 - 교차로안,승용,여,45세,상해없음,보행자,여,58세,경상
2020091100100382,2020년 9월 11일 17시,금요일,경상남도 김해시 삼방동,경상사고,0,0,1,0,차대사람 - 차도통행중,안전운전불이행,포장 - 건조,맑음,단일로 - 기타,승용,여,58세,상해없음,보행자,남,19세,경상
2020091100100561,2020년 9월 11일 20시,금요일,경상남도 통영시 미수동,부상신고사고,0,0,0,1,차대사람 - 기타,기타,포장 - 건조,맑음,단일로 - 기타,승용,남,19세,기타불명,보행자,남,28세,부상신고
2020091100100609,2020년 9월 11일 21시,금요일,경상남도 진주시 가좌동,중상사고,0,1,0,0,차대사람 - 횡단중,안전운전불이행,포장 - 젖음/습기,비,교차로 - 교차로안,승용,남,47세,기타불명,보행자,남,19세,중상
2020091200100015,2020년 9월 12일 00시,토요일,경상남도 진주시 평거동,경상사고,0,0,1,0,차대사람 - 길가장자리구역통행중,안전운전불이행,포장 - 건조,맑음,단일로 - 기타,승용,여,28세,기타불명,보행자,남,30세,경상
2020091200100080,2020년 9월 12일 05시,토요일,경상남도 진주시 강남동,중상사고,0,1,0,0,차대사람 - 횡단중,안전운전불이행,포장 - 건조,맑음,교차로 - 교차로횡단보도내,화물,남,52세,상해없음,보행자,여,39세,중상
2020091200100140,2020년 9월 12일 09시,토요일,경상남도 거제시 옥포동,중상사고,0,1,0,0,차대사람 - 횡단중,안전운전불이행,포장 - 건조,맑음,단일로 - 기타,승용,남,44세,상해없음,보행자,여,63세,중상
2020091200100370,2020년 9월 12일 15시,토요일,경상남도 통영시 중앙동,경상사고,0,0,1,0,차대사람 - 기타,안전운전불이행,포장 - 건조,맑음,단일로 - 기타,승합,남,60세,상해없음,보행자,여,75세,경상
2020091200100541,2020년 9월 12일 20시,토요일,경상남도 창원시 의창구 북면,부상신고사고,0,0,0,1,차대사람 - 횡단중,보행자보호의무위반,포장 - 건조,맑음,교차로 - 교차로횡단보도내,기타불명,기타불명,미분류,기타불명,보행자,남,7세,부상신고
2020091300100005,2020년 9월 13일 00시,일요일,경상남도 창원시 성산구 상남동,경상사고,0,0,2,0,차대사람 - 차도통행중,안전운전불이행,포장 - 건조,맑음,교차로 - 교차로부근,승합,남,39세,상해없음,보행자,남,41세,경상
2020091300100136,2020년 9월 13일 11시,일요일,경상남도 통영시 항남동,경상사고,0,0,1,0,차대사람 - 기타,기타,포장 - 건조,맑음,기타 - 기타,기타불명,기타불명,미분류,기타불명,보행자,여,71세,경상
2020091300100248,2020년 9월 13일 14시,일요일,경상남도 창원시 마산합포구 창동,경상사고,0,0,1,0,차대사람 - 기타,안전운전불이행,포장 - 건조,맑음,단일로 - 기타,승용,여,43세,상해없음,보행자,남,39세,경상
2020091300100392,2020년 9월 13일 18시,일요일,경상남도 양산시 물금읍,중상사고,0,1,0,0,차대사람 - 횡단중,신호위반,포장 - 건조,맑음,단일로 - 기타,이륜,남,38세,상해없음,보행자,남,19세,중상
2020091300100418,2020년 9월 13일 19시,일요일,경상남도 창원시 의창구 북면,사망사고,1,0,0,0,차대사람 - 횡단중,안전운전불이행,포장 - 건조,맑음,단일로 - 기타,승용,남,44세,상해없음,보행자,여,88세,사망
2020091300100469,2020년 9월 13일 22시,일요일,경상남도 창원시 마산합포구 중앙동1가,중상사고,0,1,0,0,차대사람 - 기타,안전운전불이행,포장 - 건조,맑음,단일로 - 기타,원동기,남,23세,상해없음,보행자,남,47세,중상
2020091400100128,2020년 9월 14일 08시,월요일,경상남도 양산시 북정동,중상사고,0,1,0,0,차대사람 - 횡단중,보행자보호의무위반,포장 - 건조,맑음,교차로 - 교차로부근,승용,남,74세,상해없음,보행자,여,13세,중상
2020091400100236,2020년 9월 14일 11시,월요일,경상남도 양산시 중부동,중상사고,0,1,0,0,차대사람 - 보도통행중,안전운전불이행,포장 - 건조,맑음,단일로 - 기타,승용,여,24세,상해없음,보행자,여,17세,중상
2020091400100237,2020년 9월 14일 11시,월요일,경상남도 창원시 의창구 팔용동,중상사고,0,1,0,0,차대사람 - 횡단중,보행자보호의무위반,포장 - 건조,맑음,교차로 - 교차로부근,승용,여,28세,상해없음,보행자,여,62세,중상
2020091400100264,2020년 9월 14일 12시,월요일,경상남도 진주시 이현동,중상사고,0,1,0,0,차대사람 - 횡단중,신호위반,포장 - 건조,맑음,교차로 - 교차로횡단보도내,화물,남,22세,상해없음,보행자,여,76세,중상
2020091400100367,2020년 9월 14일 15시,월요일,경상남도 거제시 옥포동,중상사고,0,1,0,0,차대사람 - 횡단중,보행자보호의무위반,포장 - 건조,맑음,교차로 - 교차로안,승용,남,23세,상해없음,보행자,여,66세,중상
2020091400100457,2020년 9월 14일 17시,월요일,경상남도 창원시 마산회원구 내서읍,경상사고,0,0,1,0,차대사람 - 횡단중,안전운전불이행,포장 - 건조,맑음,단일로 - 기타,승용,여,23세,상해없음,보행자,남,9세,경상
2020091400100536,2020년 9월 14일 19시,월요일,경상남도 창원시 마산합포구 오동동,경상사고,0,0,1,0,차대사람 - 횡단중,안전운전불이행,포장 - 건조,맑음,단일로 - 기타,이륜,남,42세,상해없음,보행자,남,53세,경상
2020091500100303,2020년 9월 15일 14시,화요일,경상남도 창원시 진해구 인사동,중상사고,0,1,0,0,차대사람 - 기타,안전운전불이행,포장 - 건조,맑음,단일로 - 기타,승용,여,61세,상해없음,보행자,여,68세,중상
2020091500100305,2020년 9월 15일 14시,화요일,경상남도 사천시 서포면,중상사고,0,1,0,0,차대사람 - 기타,안전운전불이행,포장 - 건조,맑음,교차로 - 교차로부근,승용,남,47세,상해없음,보행자,여,75세,중상
2020091500100306,2020년 9월 15일 14시,화요일,경상남도 김해시 불암동,부상신고사고,0,0,0,1,차대사람 - 기타,안전운전불이행,포장 - 건조,맑음,단일로 - 기타,승합,남,46세,상해없음,보행자,남,72세,부상신고
2020091500100549,2020년 9월 15일 21시,화요일,경상남도 창원시 마산회원구 석전동,중상사고,0,1,0,0,차대사람 - 차도통행중,안전운전불이행,포장 - 건조,기타,교차로 - 교차로부근,승용,여,41세,상해없음,보행자,남,65세,중상
2020091600100060,2020년 9월 16일 07시,수요일,경상남도 양산시 물금읍,중상사고,0,1,0,0,차대사람 - 기타,보행자보호의무위반,포장 - 건조,맑음,교차로 - 교차로횡단보도내,승용,남,37세,상해없음,보행자,여,16세,중상
2020091600100174,2020년 9월 16일 10시,수요일,경상남도 창원시 성산구 반림동,경상사고,0,0,1,0,차대사람 - 보도통행중,안전운전불이행,포장 - 건조,맑음,교차로 - 교차로안,승용,남,63세,상해없음,보행자,여,19세,경상
2020091600100175,2020년 9월 16일 10시,수요일,경상남도 김해시 관동동,중상사고,0,1,0,0,차대사람 - 횡단중,안전운전불이행,포장 - 젖음/습기,흐림,교차로 - 교차로안,화물,남,52세,상해없음,보행자,남,61세,중상
2020091600100231,2020년 9월 16일 12시,수요일,경상남도 창원시 진해구 석동,경상사고,0,0,1,0,차대사람 - 기타,안전운전불이행,포장 - 건조,맑음,교차로 - 교차로부근,승용,남,22세,상해없음,보행자,여,31세,경상
2020091600100346,2020년 9월 16일 16시,수요일,경상남도 고성군 상리면,중상사고,0,1,0,0,차대사람 - 횡단중,신호위반,포장 - 건조,맑음,교차로 - 교차로안,승용,여,24세,상해없음,보행자,남,64세,중상
2020091600100347,2020년 9월 16일 16시,수요일,경상남도 창원시 의창구 용호동,경상사고,0,0,1,0,차대사람 - 기타,안전운전불이행,포장 - 건조,맑음,교차로 - 교차로안,승용,여,58세,상해없음,보행자,남,83세,경상
2020091600100390,2020년 9월 16일 17시,수요일,경상남도 창원시 성산구 대방동,중상사고,0,1,0,0,차대사람 - 보도통행중,기타,포장 - 건조,맑음,단일로 - 기타,자전거,남,66세,상해없음,보행자,여,8세,중상
2020091600100475,2020년 9월 16일 19시,수요일,경상남도 양산시 어곡동,중상사고,0,1,0,0,차대사람 - 기타,보행자보호의무위반,포장 - 건조,맑음,단일로 - 기타,승용,남,40세,상해없음,보행자,남,43세,중상
2020091600100534,2020년 9월 16일 21시,수요일,경상남도 밀양시 삼문동,경상사고,0,0,1,0,차대사람 - 횡단중,안전운전불이행,포장 - 건조,맑음,단일로 - 기타,승용,남,38세,상해없음,보행자,남,69세,경상
2020091600100552,2020년 9월 16일 22시,수요일,경상남도 거제시 수월동,경상사고,0,0,1,0,차대사람 - 기타,안전운전불이행,포장 - 젖음/습기,비,교차로 - 교차로안,승용,여,47세,상해없음,보행자,여,31세,경상
2020091700100257,2020년 9월 17일 13시,목요일,경상남도 진주시 평거동,경상사고,0,0,1,0,차대사람 - 횡단중,기타,포장 - 건조,맑음,단일로 - 기타,승용,남,70세,상해없음,보행자,여,8세,경상
2020091700100479,2020년 9월 17일 19시,목요일,경상남도 양산시 명동,경상사고,0,0,1,0,차대사람 - 횡단중,보행자보호의무위반,포장 - 젖음/습기,비,단일로 - 기타,승용,남,50세,상해없음,보행자,남,54세,경상
2020091700100516,2020년 9월 17일 20시,목요일,경상남도 양산시 물금읍,경상사고,0,0,1,0,차대사람 - 횡단중,기타,포장 - 젖음/습기,비,단일로 - 기타,자전거,남,21세,상해없음,보행자,여,69세,경상
2020091700100541,2020년 9월 17일 21시,목요일,경상남도 통영시 북신동,중상사고,0,1,0,0,차대사람 - 기타,안전운전불이행,포장 - 젖음/습기,비,교차로 - 교차로부근,승용,남,68세,상해없음,보행자,남,65세,중상